16.658451045878973	46.615773631718376	36.30856047587598
22.18207357949494	42.850006399020074	36.94593940398712
19.615391389142758	46.30657757842269	30.754943614216337
14.605275615824414	49.61958938726928	36.290127802094005
17.442869139299397	45.806128652583645	37.54640480925666
18.24501775539258	51.46454230868463	34.95481889262284
19.95756499519434	46.29068227809414	44.244380587783375
20.06782643278817	39.1295117459381	36.80447994275282
18.762786314688057	56.45869145457377	35.91010528836259
19.23783606109309	46.15557853280177	42.424161339618806
18.486315165474085	47.94820305126573	40.09972064861519
18.20895603913747	47.25350566408745	37.311462754044896
20.724503428041963	43.52681205114717	37.58083983166135
18.6407886862957	51.49773717653026	35.59230087449487
17.565239095149472	49.38524831230999	37.57833789705231
18.262379688340765	45.896661829261994	40.204166457263746
20.59284528501529	46.92927032983118	37.2705961967941
24.149862768337528	50.39621815293318	39.83191496577963
13.08217186936882	47.471904220976974	37.7855032162871
19.974646663647057	50.51842285685605	40.09006031605914
22.018832521982034	45.318938915081326	41.274024056801025
22.326992615965807	48.99154330092252	33.301370334625524
19.52491801154346	47.861683918663445	38.023492818185524
18.33783756948915	44.81094426829274	35.70120298621409
17.12810103869535	42.716759245364294	36.95104521577889
17.219794860139988	45.930604111038996	37.575012041716214
18.966051650376837	47.44929664876725	28.751739316902103
19.377663634375946	46.54637454702966	29.348997090582785
18.77914535127565	47.61004813551561	37.18835021624031
19.54213946132983	45.4229129844326	36.42540041250428
20.439251047271693	48.499212054128634	38.55596093777708
18.685886452841586	49.36019486819339	34.819575218614425
12.611061529211309	45.71973991360915	39.03766396782044
16.321587338891106	46.96887409091212	45.05048877928507
20.487107914175514	48.44461861652874	33.52425282883074
20.87969153695058	47.82952760857883	39.25349908884562
19.11437459565977	47.54198297553483	37.33008335639519
19.491754524741914	46.846722022159064	39.55766179935098
19.74096622465321	45.03009423705164	44.917055702601104
19.980346044854887	44.85665349767812	38.94196917897794
18.55159220898857	49.1686908222787	37.51489871452154
18.64971451648306	47.55877983156129	37.44680390914987
24.650971670177782	43.83191237136278	32.29909478417772
13.807150673305298	46.65833467320101	38.42557949406474
16.123370357343273	44.31828563026847	33.39810540954814
19.686051212104505	46.320979188420935	38.32791944900119
17.19231107724835	44.73701710410148	30.577480240935166
17.33255336320913	44.89541883570122	34.75720847336867
16.004128026455938	55.944835236732885	36.89839201033504
18.23328995266098	46.783471316587374	29.15333782997868
18.446049269635186	47.45006627673741	36.89692739598774
18.040948442197006	51.187829979778556	34.33185233665015
18.206265001281015	47.3135711537588	36.72890938414102
14.513384685288425	45.73399045977017	40.04876219228017
19.704128998419712	45.78833651007905	36.16959864926873
18.788673412019012	47.86044477918446	33.65334978016481
19.922214343312998	56.03407134372374	34.02686244850345
21.03963111564589	46.493935189127846	28.36279209032653
24.373128333798377	46.67910464609248	34.02623654442004
20.29116799579365	46.94532034378557	36.94888688780579
18.77707053343225	46.661346641469564	38.455004851322336
13.962449759593671	46.95861029057506	32.78818926301524
11.592662864097209	51.74178668114092	39.39624881068171
17.730062961666643	45.47888866033294	35.279424939385194
14.79009198091128	46.76148226014935	38.92054380788644
13.068180578324814	51.92534934770122	33.70498044584941
21.061260809228255	45.76864220899477	34.49687811732447
18.705884930816836	47.841508084473276	38.0469124027291
19.363109580646814	47.78126321018671	33.404867020707854
21.416396084595824	50.381302397519995	44.22995343837004
15.63466477183801	43.986737563108335	40.52007638819691
19.003000729020528	47.106607596137486	36.748031990305996
17.330814313808492	46.18574958710608	41.572592620363515
15.971871975921722	53.794518802361004	40.81107639557949
19.16174705872879	47.8312881148427	40.61234545277153
15.320775078670895	53.8840260160782	34.61322245131215
15.35547418874977	51.61113468745553	34.37285122253561
17.262269004842338	47.48057503091391	35.728246761338816
19.73772901761871	47.30875110116709	35.865584430519455
18.694147564838755	47.541165798990285	36.59163245361603
18.758490253455527	48.15355762480295	38.3685647869574
17.62990902497767	47.64356792189098	38.00741033984242
21.226823370010788	48.816539855526614	28.560607836831892
18.93235519322091	47.02810543087609	33.111454211280275
16.33764518883891	48.94208673443218	44.90533571356601
13.337014625170944	53.51071949933675	35.33410197596264
18.144341910166016	48.79940656810926	31.446629689851378
18.632111585333746	47.47953850130379	36.58545530721184
16.214134132579083	54.179004478108546	41.01778452860763
16.954695681882857	51.145837561880924	36.46244975582921
15.896515639154822	46.92560637292399	36.400971463854916
18.913161368152704	47.23286144671279	37.574125465579144
20.478686017489387	50.60684675701482	39.1104797591295
19.79502247291821	42.079066725653234	38.068539298164914
18.722237315380582	47.53771820504292	37.08303994175016
20.53943602609993	49.69721513406552	28.428436694109173
17.25502768338827	50.14058960189941	34.04750986175407
18.816325568429296	48.108882224546456	36.80801898688827
23.615637333103187	49.72286011633527	41.68995459722489
19.44898655850601	45.1670849955712	37.02281614309542
19.151598798468598	47.68958058408011	36.505657332148374
19.412193132823255	50.07756161690345	35.63113343005603
21.817321840466587	55.45255950262489	34.307457173049855
17.44823177275373	51.62782726186789	40.44975270408
19.141212120231685	47.49952617942419	37.523800608504054
18.738135940104797	47.5551835566865	37.17453262324054
18.11879860676589	48.514611664931365	34.402913743400745
11.55995646519947	44.03977858354328	33.94758542262674
17.487862443532617	45.34658856179195	33.214974762313915
17.42637044780059	46.36367986306944	36.81910265579213
20.280690437340436	47.16281971841041	33.22626806481088
24.948642708719213	51.83170791488352	39.31601666208055
19.975914680529325	46.230899282861095	34.788540672801474
12.489934605772469	47.31916674624533	40.41748738703695
18.847806974447387	51.66551511358638	33.846177565839355
23.44717568444959	50.00194689398491	37.16610850324764
19.094103068987348	47.21658377153244	36.74954928544368
13.323919014020536	47.85846472940743	39.2614186744982
17.503143009533765	48.611680268299125	35.14355333794523
20.256115287812186	44.60595845164599	43.53638217515866
16.441691537821363	47.15206639116758	41.68955248168187
20.655021955527033	46.23880001942262	28.974381139571165
18.170206762725968	44.87009637203531	30.550190530089242
20.061942869220253	50.49005241800885	42.35039085277524
18.81563251418708	47.285562705954746	28.782062193500977
17.90340949378792	48.45539329480228	30.22191970043125
20.368782331538895	48.44953442905604	36.83858449097975
20.426098332211	48.47777921788305	35.92414323529964
18.0516336066263	47.02014675877892	33.074831169354084
16.026551345320414	49.91196223702961	41.711168967632695
23.59809088720609	47.10618700508844	38.833207604463794
20.30521626228512	51.75479446738281	41.74974605406736
18.623885516576856	47.42378634974165	33.109505345036176
20.396768249521397	44.65227942575275	34.48167229363175
19.313563312148474	47.01300964265404	39.86278026581274
19.954256020120578	48.461821992778	38.44858401785155
18.75064811837878	47.53724267312372	42.65501705596116
18.90969644645898	48.85867638717738	36.647876349686925
18.798642006163323	47.78304721890961	36.91944939719555
18.489392053110628	47.44540187893564	38.50023495637736
12.363489380371712	49.814574698324115	38.84709033677864
18.45341169495098	51.18038380608862	33.71167006350391
19.68297032947405	49.32184907553624	38.956384943580055
20.169894581807903	52.91550083443014	37.47352722023219
23.92514215946477	45.46170065872243	39.01865645528633
20.487672596387746	48.07881909090863	38.471357433678826
24.22329966600895	43.65561774451294	31.384652845293527
16.451890769846568	46.65046982284251	40.28576433756115
19.176866763172928	47.68990188005571	38.90999994714727
18.761032178131096	47.41955049118044	37.197604410052364
15.978424300260116	49.088280537994144	40.72493681152629
18.303838941349127	47.70245082178085	35.99729234448339
18.87770852048976	47.362029935414355	36.11669240506107
17.10583256652216	50.47252972025536	44.657953438747505
12.231956750784693	51.02188140627363	38.08930409445073
19.160626518611057	46.131084264622785	30.310849316757107
14.02096845216036	50.422729441628135	30.029099281082114
14.039125298656845	45.99370995755396	42.72043201028933
18.6479019951557	47.64558475515799	36.31257230955242
18.896064113820273	47.45645232791872	37.46066349890293
18.946898873938682	47.18847120407636	35.66303186395104
18.883789905528904	47.2111585075039	34.63739893247215
18.49698923094348	47.718057699845694	38.26211088158701
19.20499970349903	45.890783880267634	37.825676338427996
18.67841823901119	47.55804163389761	36.631560091306476
16.930585999022107	44.99833289200848	29.517559972331128
21.96142496604886	46.88522829339086	35.19923070573485
16.547142316124354	46.846158036768344	39.73639218782935
18.618018192880665	49.04527060009783	32.234998735182984
15.644877743503232	44.750312359522724	29.357885547083974
21.686691212226215	46.59592559780039	34.53592962353895
18.74993188355738	48.255591247619556	37.43085493522293
13.998167832105139	47.29060827770989	36.29055756027257
19.6614494475669	48.544431194746366	39.81459894424888
17.734591295638015	45.96081959687318	33.426695891418326
19.600991751722763	49.058657935227615	28.258753708401983
19.617819363792492	49.045140911069836	35.16844631129831
18.544030912055725	45.88001733431079	36.45674139180777
16.409994618471508	53.24188715859759	30.11082855855463
18.614283622851573	47.32653056720269	36.757746648101076
21.418178528128305	45.451031522832785	33.52182687421905
19.556499867871267	49.36477754242266	37.849787458863275
19.390592953866577	47.888966846158084	29.049094569063755
18.90552044194101	44.98114054442309	38.74887130562617
20.365471563131614	40.36241896403824	40.38371559716192
15.103651892202926	52.818406535546195	42.611421150663844
11.059608613844865	48.20348609772665	33.083564292281345
21.68424174203833	43.744620240845656	34.04177311420528
18.068580786354353	47.57243089488569	28.157880151932332
22.27923368027251	52.307839184060256	40.888079294444985
18.62721141860848	47.47668503817048	36.525739229079896
18.42666742779929	46.45687900114599	36.018435790610404
13.84781912230439	53.987614414554955	34.6979409545925
17.367358910991648	47.41098861111729	35.783954261600755
16.538494261168232	48.077955611372396	44.34249739802176
18.85110040072271	47.57697219352257	36.6712205000545
21.17335146644363	50.75998798487348	41.476494163981705
19.607676622731233	48.99879150671439	30.547256881481413
17.811194909425648	48.20903413406041	35.337741318952766
23.310620344169646	46.646309941388395	33.76846040880059
17.313716174408416	55.446654057237126	33.073585252630814
19.056065902071346	47.73645414763138	33.801556004367974
16.56947836132408	47.91998452380601	42.75043395498851
11.286396812446622	48.70711207354263	33.588279535687626
17.343224485742336	47.72735056007679	32.088835885605256
14.24337993786041	47.2846782695861	30.885337166783636
12.998355791844741	48.68061287504983	41.25004680921643
13.522300227317412	45.13537852203877	29.87462246037641
18.634269342965624	47.61382970655024	36.89384008199365
21.263842263822923	45.36304221714745	35.16809847619958
18.728956463410825	47.526752328124125	44.75914862496564
19.228336812722613	46.36355211294472	39.35170529017821
18.541089910648733	47.86014668461525	38.217348397319455
21.460104421723816	44.39772461839787	32.47610176586582
17.460311550954472	46.293285038441056	39.14021403048707
18.781918729284502	47.513117638797446	38.64986803138237
20.16934686872737	44.61824952675831	40.78013420405624
19.335742293939873	49.79846546604848	37.60487798809782
23.10401257231959	46.447526999824845	33.999352967163716
15.117764470818553	40.79089919327951	39.6004788915742
22.941796334091087	52.39376840453381	39.1669246335174
18.336011922278292	49.41370603007474	34.4688695458941
22.028413828451576	55.365931302523826	38.89002308052084
14.261036168001482	43.392930040987764	41.93088968729087
18.977770849531616	53.82740035448622	31.002814889445126
18.023370420701838	45.899114637552024	30.778717631362046
25.237976693790266	50.10579317812892	38.59420690345139
16.08836679156916	44.606159687157145	32.929709496723376
20.415221969565966	46.61492892228586	32.7317404914139
18.990476625688533	44.30649678194958	36.521709606619545
18.905995969240962	47.89187129668172	35.734014555258966
17.276617576825036	45.814062341555456	32.63069776467396
17.513537219619046	51.50363425816474	31.549064412580066
23.052080959246695	45.34417119701763	39.020804085283416
22.11156176490447	46.77503620577827	33.18650263402897
18.443087719360978	45.86687161535913	39.47973267477664
15.847646368099753	44.38337019295419	31.498749257940634
13.98109052646971	52.47085954931908	39.33779567759288
18.169557400915917	47.757690061736064	34.318115235628426
18.699680227027137	47.5220057613182	36.63869398460036
17.36221651142065	48.98573054784383	33.33913125318525
18.037188021145166	48.019591149580066	41.75041383895981
13.9835045341614	40.16798892548825	37.97184523045501
21.376052685825282	47.46709606930284	35.60174192900993
19.18798385441976	47.36636521256081	39.57320083205609
26.040984066084633	45.64035517130016	35.205639784066754
18.727054225872614	47.535516397925115	38.78478257832428
20.274529799625682	50.0399605086854	39.50199314503917
18.515427282808062	48.67923254299637	35.93530058407361
22.424564023036204	43.41294847821678	41.70376094494122
20.188316271637277	47.78022670234216	37.36955028965227
16.348160058730166	44.41091745462075	34.91570860316118
11.789311690038236	48.37185080352964	32.86196245643182
16.359619630800506	47.41023882343101	38.61714133866951
21.137040814157785	48.17280861932516	40.9481302418712
18.212249699205273	50.375055834999365	35.813793333515754
18.6217546000817	47.82042459609034	27.840933420552517
14.976709217041124	48.61453239533927	42.49678592807596
17.66863294773248	49.14531486125776	39.188182963688185
25.3356203806524	49.27856316106827	38.71935034010709
19.233958288887234	46.942662291172375	33.48818708882297
18.75943381051747	51.70886885066364	32.09381582468873
14.753520427285363	49.635649603978	31.91821464816228
22.911096714013283	54.293433653162396	38.45912109684892
12.349942463904302	49.38011129047042	34.85660682001679
17.573438999664088	47.40877706541475	31.705974173572635
15.614409381231745	51.10688431641583	39.93230899562413
25.975653971840252	47.49466507392843	32.61220759270763
20.634698336264556	48.22694857910174	33.438928003398146
20.781833597481985	48.220947983846315	44.77634828279178
21.284955441029012	43.74176926430531	40.62955722166441
18.73522929489212	47.569038887519625	36.60595235728355
19.565995796941497	42.16788447619531	31.140495652677732
21.56190302051265	49.939365530112134	38.259776017613056
21.3033819452424	51.016134533795345	34.911739123821185
18.17044111353513	47.35953449324565	40.36308141270225
18.4246925867114	49.100037936562394	36.2846486934021
19.31419234973222	47.77699786765339	37.963515486030786
22.435878989149323	47.07186144101924	33.26930480713438
25.20342958349149	43.69599980191801	33.27181552551878
20.823958993520556	52.35025479471767	33.556810762544046
23.20322788996994	47.63735142492786	33.43598659555729
19.235671881666384	47.33879024526991	35.40340624314971
18.279462771534682	46.3948434154463	33.47316930271903
14.05699329167021	44.92437687024421	41.304345662020324
14.600746609365057	50.117049340434356	39.71848700504971
20.35763456093114	41.06467134983391	33.36026734133304
18.768459791445814	48.347380248283365	33.98373719438158
18.7265441435214	47.54216922283562	36.61731842295978
19.634622994694713	47.84934556980489	40.407773231228894
14.155499482448455	51.82605307576907	36.117472077429525
15.787463389745373	52.81958837618017	39.60858478383886
17.89279214862368	48.89718536948177	33.83504728231749
17.06075362724387	49.66825712779832	37.25963706404003
20.65874085736608	48.10919992531255	40.755709260634895
14.888314710342193	48.24656129575706	35.140273635241314
20.39471378565991	45.321290757094744	40.92682352350966
14.098117004796855	46.21174070691249	38.47055710156828
19.274207853594472	47.48618932948265	37.85138910873913
20.093639019421715	51.990237568389645	34.82511132058575
17.86786452818504	43.658939693663726	29.38390277823238
19.50050761622948	51.86703510238037	38.041555637058615
11.069726403694311	45.281631874394265	39.655912204452605
19.599305260004243	47.9063456208353	36.67102896511444
19.798786903439087	51.05567525081733	38.4431624075553
14.52812296663789	53.42676365081297	38.62579072768441
18.69249541748648	47.5840490132839	36.28314613466125
15.906215172451095	54.36895073035977	39.15971209156948
15.202151227706768	45.59142695583226	35.15852015822611
21.851558628940108	44.007936083134396	40.801225874902535
17.753883486652086	48.64668694437434	44.777423813810174
17.951415836236194	45.73742088550963	27.817307261984276
18.533528746121352	47.895994949308985	34.48236695379198
18.585698141009665	47.78287299198358	35.22306292781326
23.574240297040852	46.25377258845551	36.48627224954156
18.18936913468814	47.62330724321669	33.00688812088175
16.504158706040105	49.69982637431509	31.60866941668155
19.798363281245415	47.82288433611705	35.431240535638985
19.220219018993024	45.35707774559923	38.86242531376117
19.232225685050615	50.14084258490008	40.247329203357744
18.731549337367113	47.40552018889003	36.427448356982346
17.736877283223723	47.229878549351746	36.409225092059806
22.02777931639502	46.945458248061804	28.824045773418487
22.409394919404292	46.28591081618212	38.37626677710501
18.711025513212327	47.516159999743245	36.48904798446112
18.34606363872576	48.39823439520505	29.287977964492672
18.69743043930764	47.51361236289799	45.2537375046432
18.776634759612854	47.52656138088418	36.64137987163478
18.643571142207563	47.869594986707085	33.45949210206805
18.67129652022623	47.470429459980195	35.261028799307155
17.047560571896554	48.280111654269156	35.24571450152044
19.329311574810067	47.16100820815294	35.36038801562985
17.17639123383369	50.00071924911293	43.52474563470016
23.536013303360377	47.51573292207733	35.6543653287221
16.0265304290322	47.962634262084926	37.63228231005279
19.038682662443865	47.24659820635888	35.891246236830945
18.57867038749938	47.377615173875625	37.78721288088419
19.20833800891538	47.79133968135565	34.73151337627317
19.05193734190842	44.61269676018145	37.579391812311655
14.015662925412407	45.57460384973593	31.101917046471026
19.698050291628924	44.92260988588806	42.42759121521765
15.932456435740239	46.6294065096461	29.65139252674937
18.162797344656834	47.05537703714135	42.04689533666761
18.003715578165888	44.911800850821486	28.16404383808667
19.15891956248946	47.62053854426074	36.73683435259473
12.613118637663309	47.34064641225618	35.39423791707647
19.98162326262809	47.17086511157205	36.56613069528823
20.036419275958476	45.35510732991193	36.3399732484417
19.72251093631959	47.209445575832625	40.44258724189457
21.742357583299764	46.38418226606069	38.983909586208604
17.652401862046073	47.61393661695264	37.89971637500045
18.730875254474693	47.534388116359864	34.912897430951865
21.046847400978837	46.74430544108548	30.350085477622216
16.088045639559816	53.37836963784786	37.91480228946085
16.886573620786702	48.94380743383363	33.342053893910965
24.134329209756498	44.98119380376323	36.70917722552375
14.870551236086934	47.6095692494606	30.215909544952893
18.612852327872147	47.607759290293615	37.29633930936125
14.94186528972925	50.81442287732105	41.47750431357979
17.690694242361815	48.668149487572414	29.26112238852453
18.70617364020067	41.98016921608046	37.52216261436147
16.990102739475013	48.75325857340105	37.605977477291376
23.670392400255505	46.763865728643516	36.56143574118595
19.039365066633025	43.263371506410955	35.4851742108542
19.365049379546004	48.587640781232246	36.821455020913845
19.89543989975284	48.183646941254665	34.25862550069307
19.54656177466206	47.83943685869557	36.51421766493794
18.858141161572266	47.576195247468554	33.65241323279252
18.615672085663554	43.606571117127125	43.255758891124636
19.57550152255352	42.306660351919554	34.35310248783223
15.746368868520719	47.47605171069848	36.96442974990972
24.509456917906903	47.52242271737104	41.9165094056424
16.59955643263406	46.36056065736231	30.621518917144375
23.106122035695286	49.01304573009516	32.738481822145964
18.62587818159239	48.662409862369245	36.10361459659405
21.847321970336576	48.93337748895432	37.85517309144541
22.679152862757274	43.1455584449894	39.853234713653386
26.703338081023624	49.72220435824373	35.597754650737016
19.72513030654572	46.96286282953176	41.89663164033622
16.782731181033746	50.198693581542514	35.19266044935873
21.33605415467131	48.8843856349337	41.81645539054059
18.609741202847964	47.4970693711522	35.45886783792742
25.692352018729977	48.0963779897001	38.49894460835896
18.822563601049715	54.670850139668815	42.07686599807555
18.959706115769926	47.18164281755389	36.23334925549492
18.56206009724099	47.95650759865696	36.54939474722364
21.664138704910204	47.47729787482192	34.137651315745714
18.34979745449014	43.20075310233065	29.82667945135222
16.133598006459145	48.971812343409184	36.45591091701388
23.470095151395515	49.09709168107701	33.28652078573287
20.31893592666929	46.45611202068317	35.577782003067526
19.47743800630216	48.21758439311109	36.39725765482288
19.895406084424593	47.37405712723125	41.170708530148666
12.550809696398769	45.67781247393805	39.64977566085661
18.489212329112537	47.309411046656706	36.97635400601809
17.52327491144315	46.35118161310797	39.8906361500314
18.37602700762581	47.39239939467532	36.781656830266606
20.26510843023452	47.942867243327576	30.64472939842023
19.82513878520792	52.61217766925925	43.71983811020277
21.54419909939315	47.13014728959514	35.96249329488519
18.34018899633396	48.230217984768224	31.2866237055756
18.786760747129843	49.567077074656005	32.74052043981186
17.013017671832674	48.40188119227675	35.22560059452234
17.184005644617976	45.61171847638498	44.07370831113741
23.108260341568524	46.397750003260136	39.30208382289116
21.268672763816987	44.22359538441239	35.00169385509131
17.251934585831165	46.30355781117079	30.49745451881837
20.993595541795592	46.829455850951696	43.03626707418802
18.722135436881498	47.53622016812249	35.25797323811474
15.591550533855692	48.18610778906211	42.49330502821147
20.164352709793494	45.22870296248589	34.311438873654154
17.880892736640234	45.53257900782731	38.381518901513424
17.742368268307	48.37035956258295	37.67422564084457
17.96570744660859	46.56969528492797	42.352503511158176
12.80390529622684	47.95702626595444	34.336605309141035
18.1432780954048	48.12483372911007	36.072280461168845
13.61022595617083	46.52225140157819	31.30320172347609
16.538110264474632	47.559869819867515	34.2375959053836
18.714505941557668	47.044943983453514	34.90078055144808
21.758944585889214	45.79822590720564	38.75511692634131
17.282964117945987	46.045266663468155	36.49987870377558
16.513264515248494	48.40743424814831	38.08682457087738
18.618360268135078	46.87493554740481	37.41661655559267
14.922052309411521	46.36243616646151	31.918414664420414
17.859001929560563	46.3749209299388	39.3670291906403
18.69463436833085	47.63454040084984	43.55143289359253
20.05968518053339	47.184053450430795	42.735616991307595
20.133314298216465	49.36671698764717	39.22218839096721
19.370183762720583	50.17611046517637	39.13838483162407
18.891541354189087	47.23813002113641	39.41421659360399
16.58028607665523	43.582435504058274	40.34899184692171
19.147171792476392	50.37231295596804	38.2448595736599
21.94289797785462	40.06761387350729	38.27273599575992
18.479140047444957	47.6566629004925	28.462429727480284
15.694045345076182	46.95429439974275	39.5216531923177
15.318336886565728	48.10662650699516	32.97177322035164
19.29312410119436	55.505230309838325	36.348396095233575
18.981892847814954	46.667972625782575	38.06970317595865
19.677339284810355	44.24649088657418	36.951980241839635
20.64936943509569	52.19168707292547	39.97873294702353
21.374771776515967	49.20561860310942	37.543693028055024
17.1945687549473	54.41071135381961	40.231078132935906
13.548479644470113	48.81078856509496	35.016295832287454
18.729216208960132	47.5330699663111	36.52390221782795
21.925781274522947	46.47774320766098	37.96780303677594
16.970897887420012	46.18523521875726	36.923123146118186
20.634967746167586	48.92132587261583	31.89749540142593
18.158785381141033	46.810711190422175	36.4988752900181
18.217355272265515	43.5702525018214	36.09304199468276
18.519780721958547	44.64018734647216	32.01922361135405
11.800824565013894	43.20516705006101	35.77067108366932
18.993622391238635	47.37124037711706	36.24540647994862
20.061801765071444	44.29757988668681	43.266151105642166
21.864637600267624	47.94101003887712	38.635956580453595
18.661533348913487	47.57961593812942	36.642665602652436
18.96963098015488	49.96609187641472	44.572995101018115
19.973730231683025	48.642813901837975	44.7766732000315
18.013307871200567	45.26273720844898	40.529012686558936
21.91833557476794	49.37350670326758	29.98441916529544
21.00568184466448	48.337599385109364	38.842740092984116
19.623160921921077	42.473905619888974	40.69752053319798
18.71641173901978	47.541670125214814	36.62725465747818
20.23714769075358	48.23539658686455	41.57239907050088
18.15238352048495	46.39560166860358	41.29113170493366
21.99027578492411	42.7722711100315	35.371483150012246
23.29603107212987	44.88164261168001	39.210217061652436
19.480467894175103	49.85250556092363	39.55846644577871
18.07755648465205	48.471832216303554	38.46375238256115
20.361724090602806	46.85717182609318	35.76613378198088
18.660052213590152	47.490513932343426	43.88011308226891
19.509373406904338	51.43239580293206	31.662520873893587
17.212200648411976	46.9483701946812	42.78300320656677
23.569090301682863	47.99954994143346	37.002286734565345
16.395832881659445	39.73434058975909	35.97908840447331
18.93770152211748	48.732772844274	36.250355045308375
22.99912019329784	44.84159728939716	40.29121434145593
19.60687483207756	46.291116264769	38.35587187034486
18.54947227429827	50.0406361605135	34.38085899261269
21.086031635672494	51.50080594795068	39.024416581684534
20.64127671332205	43.305728334002	35.89762619248989
22.140877032705443	47.604171776604254	43.126654621249266
18.48317675236348	46.094806260471216	34.152125606709845
17.889650352628504	47.01268737409154	36.46430878714174
18.64829868617464	47.711021655129166	36.52845336538823
18.826009529864265	48.2985082319702	37.08610896040433
21.989672796564914	49.86777968561122	32.146575758896695
21.56969078283427	50.78591127291829	39.73618197196538
17.622307311787168	48.4597789021257	36.34323510854445
20.53680400862776	51.07254003240173	44.03998124776012
13.236541985114567	45.446237271204794	31.16936302372798
18.9380379238467	46.88707920514442	35.51607177386026
18.819539575500098	47.558492621841474	38.69372180490633
18.866990055411875	47.479873832093844	36.837745117929316
19.02482007788437	52.27058985183277	33.6979154872126
15.84479512284418	42.971670745551556	39.578675364165754
21.284780864145922	44.523101482230885	35.34655795755626
18.947524910597167	46.35220037568456	39.09816129912805
19.080145200883333	44.28751595406292	42.94644721254879
19.767464268199248	48.21902001931773	35.23520125092068
10.674985794198863	45.634993841631	38.382627303909004
18.29823186392066	42.40826380616029	35.84742721526596
15.777876749892961	46.48791335689592	40.31786594231428
18.83124510417198	48.27311419454968	35.40618748698943
16.14417598050284	52.51881842215495	39.07577579512541
16.096960399532367	44.206340328697394	33.73415833042184
21.18544311683444	41.85237381855621	36.95768676461206
18.894565514439634	48.283213072155974	31.96338751066999
15.459999585942477	47.0698127730102	35.694364635067416
18.910824868326088	47.767069330447114	39.29300183514609
18.652934222976306	49.102234373127345	37.50442150113549
24.55555954856081	48.31961913007269	33.08773538445891
20.218353912051818	46.47777906251418	30.331433728183676
19.749690579916656	48.29435653171139	40.50283858173283
20.359149730309234	51.00424525299001	41.187314375472084
18.66982362110134	45.46253578721385	37.60051625343474
18.368472213658478	46.78571632659786	28.82250049495494
16.00441954310649	49.05024307317317	28.525589382377305
17.233789132502068	48.358025576528654	37.318424569665105
16.795137616257716	46.236614478243844	36.04840277416344
16.021025881923965	45.71118709393753	29.538893425819317
18.98249811134652	47.661748266387974	35.86455480258149
19.816733652800295	47.37945759872012	38.40477465820912
18.563582912526854	48.659486608345816	35.92029490102726
16.91425678524523	45.44138545613316	41.481151056472974
18.74670487177511	47.5806558343834	36.66737029131438
20.400015166489194	49.39422991840161	40.606529094196716
13.331285935583756	47.12241557837112	36.88297571106687
17.38870488144999	41.81326170298807	41.19426463792189
15.955831980782921	46.709846080888646	31.449122985240066
15.042834089455546	50.11512520238425	39.11850020947182
13.35269845134267	52.20307490237864	40.49104641121894
16.160307009398203	48.41324317754137	32.84721116786341
18.72384659758492	47.54137595525198	34.02376840284634
18.775608841356533	47.47542909651927	36.756263159236184
18.72819742889077	47.533690241446635	36.27002521007846
23.064959447064663	47.52145526782191	36.66850709717968
18.703687510717746	47.43696326288552	36.55944411935998
19.16322516921535	45.01387539642563	37.09337250051472
21.531122958045614	46.179086066737646	37.243503648851274
18.974427041894366	47.75851436931595	42.39665265487686
18.69401705814696	47.728976889161885	39.768343748148325
14.63992662113112	46.78403100414727	42.728923584999684
18.613405910389304	47.91634771487016	37.218452507397465
22.547152898848175	47.94235136937502	43.64474043479738
19.035503345751145	47.98560988344261	39.03269571009277
15.80622800033328	44.029438200163945	39.08455263126279
18.99566190049222	46.386476854778074	38.41362773211247
17.89631806941783	42.89018952601813	36.39775489643297
25.63809878197678	46.885814335204515	33.13248449200932
24.369261313914084	46.8399013493368	41.366882554041624
15.10039343080595	49.334178055213115	32.13123196029025
21.845864345649083	51.42203420722492	40.18210264275814
20.13109744658214	48.90388513537206	35.055438311849784
21.325970831149014	46.67468964424676	35.43307267126887
18.416682495324398	47.04413997776147	45.454789621650846
20.522423374031924	45.056219615295	35.80894077670429
18.83719701889535	46.84065367639598	45.174691535116324
20.04676940397483	51.27170427352821	37.213601764076195
17.56305017278719	47.84639435410926	37.443090201161
14.507716424490003	44.38314714749071	34.04376638198288
18.735459992138143	47.53804743226664	36.589303195307814
19.267582581087428	43.378768663448774	38.87642875119729
18.86769741619264	41.517065125982654	42.989751731289
18.906205932295446	49.05096579806707	34.182471900777216
21.991834968710933	49.8377309596974	37.137571478774724
16.96414557790574	48.6935233101853	38.052815402940354
22.3098557239545	50.967500855964815	42.613236249689926
18.811318156577148	44.71524664905978	35.770836630091175
13.562753354262039	47.39093953467869	41.49495573088412
19.11227346223834	45.74764077702971	34.26226123520214
18.722343763866977	47.59750689744513	41.124632186628034
18.42400001529735	49.90390869510101	39.51382851943245
17.060220702405022	47.69615079087213	31.35794400170336
15.930950938876624	46.325163371125704	32.22047356730738
20.32579268258175	46.81722281014055	38.55067728814613
19.015963647622314	46.428109122215375	39.12363814034996
19.783940944675976	46.99938584401219	28.301178237230552
19.54159193865648	47.06761988196272	35.04204269910798
18.12941661693235	45.530978343150586	33.694763034906
19.691600100882443	47.55491953032833	36.84846839785391
19.28184558018475	46.66079847433631	44.326429014479416
19.01576567629453	47.079928695034994	34.77629990498436
11.573096993892698	52.10157076439418	34.31886899838996
20.508937815318426	51.55049191584695	43.478690521028994
16.433633407410195	45.359538319480386	40.34487839518098
20.499579870171434	48.62371232891776	33.59475902139484
14.934482564548267	55.404647434575146	36.14685427404572
16.10538668828049	49.966056083271376	35.64782178183395
19.68720148230584	54.282700953245985	35.93827913589561
19.713834126099112	52.252876054407494	40.69871058970969
13.937274682396108	50.19882642109507	39.764973918514954
19.04218688371596	51.56384205625628	43.882368173147675
17.270071908715813	48.17297030537312	35.63365064315277
17.83411871760034	51.51214863887727	42.047274736465575
13.182375674489958	50.081733803189785	37.02968928817657
22.223282646719095	53.05051960214412	35.79046903019045
17.170406255492004	48.947244653084326	42.47991968469694
19.37405763386707	47.72123463991843	41.792224117066986
14.612878449872854	48.370602583364054	38.88807780929831
19.415356915560565	44.69564124925861	34.204008684231745
21.41592850440026	44.61740207660051	35.44691761532489
18.88278909893201	47.77297215432684	35.32890254914765
22.06290943066128	46.478566956482	41.874334773287146
21.434384857610745	40.398869859904956	38.37137729619636
18.535441857574554	47.382832128052804	42.15350795095225
20.408781120812737	44.88339181270434	28.410124990910504
18.032964585930763	54.01954730701418	33.03471777716209
19.069069851428655	45.20390097344166	35.21743196881917
18.817793819952886	43.37601026579185	33.79418598225876
18.594267473493673	47.62824044173938	36.527229198036416
21.865824670686496	45.577633034922954	41.48636441182371
18.58925785656117	48.18651988352383	35.870253550346476
18.880290698994997	47.51243802161858	34.340396307559075
19.591745088183693	49.83655037403152	36.84157445460037
13.724596218478652	45.01340296553704	40.21252989247654
19.259146421688577	47.15100522980868	34.141184335466086
12.022031057963932	46.04867541159607	40.7008005807394
18.517783711870646	47.307667357002366	35.84395883735245
11.755769900392156	48.374429620278214	34.29533037827154
17.990525116443187	47.228429895461524	36.35118992682443
18.272766150575734	47.82850419000936	35.44023150930243
17.36522465300201	52.36932688989886	32.78966483404511
18.71616358607534	47.53612996475239	42.76707254841691
22.154269127826197	43.4975615269974	39.271833226375314
20.86802115058447	51.97164115078899	40.9750950702348
18.468689286008896	47.68088993417877	36.691406802022556
19.291514854454437	48.59182358587509	37.25729723738456
18.70706606802296	48.12034732580952	36.66443106439623
18.85967095881303	48.596964537622966	41.09478521440269
15.010202360418855	48.31283588856748	29.67848918427604
18.220787854656166	47.99230280553368	36.43589018088252
18.553863243909227	47.95994259710211	37.616207585669414
19.831857307110976	48.769235111757375	37.749554051311605
22.63822679284454	45.332553105910584	30.626185611040697
19.012489887498774	47.11527983307188	36.236696484044934
20.865443984066417	45.059958511728226	33.82653089082871
17.343418704544785	48.11471552507543	31.425861374458144
20.271810431514506	48.57666156347122	37.876580534034304
17.480749920107044	46.98977389538594	41.203134117190494
27.080307629337703	45.97465007202664	36.39333726422551
18.451906996545187	47.304921535741464	32.538154330733576
18.62375908157919	47.482029100479934	36.22436669194626
17.956314410343957	41.42455936302329	30.464098377539447
17.50502151124056	47.82561185305294	28.757173742322117
16.319450345685546	41.52739306729621	33.01728977967739
18.524525087642218	46.17727321385786	42.91966907027786
20.41403739850339	47.41990211224637	41.104027612297976
17.18529602672351	47.672969126936636	36.41116709612441
13.459613644827595	47.653209981945665	38.10679028739842
19.508554122995637	47.745334048401595	38.13008145085029
18.78379745881522	47.702301958196145	36.87858943808395
18.80475749963745	47.6005405372085	36.75469049333954
18.874749399572558	46.6666604942459	36.24817732006307
18.647787282568956	45.685119705577705	29.541112452230106
16.70854867555468	46.14106288690327	37.21337294849282
19.000791490455207	45.53548189719951	37.06201483347169
19.01482970775283	47.38868234265472	37.252148586648566
18.976110404911697	50.48846232790488	38.156127949306665
12.197903759230487	47.296091781102476	34.26174519020277
18.032263754531467	45.596666263932796	38.52762022995071
15.287890641650662	55.74212843220376	37.45144794991232
19.23476719293097	47.74113970945524	36.863038210453816
18.14200235020418	50.55954653447169	32.45511427521173
16.030450521959995	46.78127526728381	33.64006651310406
21.54167610987539	42.36555690868357	38.99084174698833
19.572609795091573	54.84789653929681	38.3662899064173
19.643008080285497	47.843554972556696	36.64553847848623
12.361855195173874	43.490107600573666	40.399654613940136
24.1385477169162	52.41700914669142	32.240908346643685
15.837457981325212	46.949759952948256	30.72593481717654
20.019150724188343	48.32998996703913	31.06031526532591
18.57467921665221	47.31289699753195	36.38837191926336
16.387968046523703	49.522189922474666	40.728203668576114
17.807459791352716	49.212805399329014	37.315045912264125
17.630781593167818	48.18516146342443	38.02814368941948
18.738714575782524	52.16324369298885	43.252295766511814
20.645130950546886	47.74843558548339	43.01080256665504
21.141181815137514	50.82205322836036	28.870763424414427
15.57176580922238	47.78381917414495	30.208855067724322
18.247185539150056	47.482046311541794	39.36036883886748
26.19218665559008	50.09985918240275	39.06232098344652
20.04398364213569	49.86382457138651	37.94688267025541
15.302141400226489	45.40261920192601	35.210339502658584
18.705198226588767	46.94692816478262	37.59984884815892
16.96671511079083	47.47293053782184	28.53463336588505
24.95099261125872	44.289424228202485	34.48172695288203
18.664775543689885	47.474727985658255	32.11666879974567
18.55970295430541	42.128542213785266	35.141075937339046
19.838813286624625	49.15913387226322	32.31970348903517
19.900407865146995	49.3089937839113	40.260212301409055
18.849416244369426	47.18615088092528	35.44714278091002
17.791178248155862	46.55826134558506	32.91653983707927
18.513220391049536	47.61936802689986	36.80656617822354
19.07079981124955	46.30731354193541	43.11040041635995
20.974363744353084	48.31433520700665	35.70699119038101
12.639091908456423	48.86181589080612	41.17218432725932
18.913359348278746	47.78400601406476	35.473303226413165
19.939722200498196	52.8209529913139	43.40425456285634
22.436934096669834	48.281837536348135	42.09996573081924
17.727239280995864	47.34262963605244	35.178794586452625
18.688920580307357	47.38477456539895	42.52049264742121
20.098964366461956	46.47509253486275	37.42842139456906
13.319301903407553	46.334637743376405	29.814630949050645
17.38093494166134	47.263547510964436	35.67269792564688
17.561026235594248	48.39661795099656	30.57701273647414
18.137886960668375	45.62396566661536	31.072871753747172
18.005178319443694	44.941021608456616	41.544810738362585
17.595332168742594	49.223096843417785	38.91378166655775
15.415514958808574	55.28952324536802	38.510015824675605
18.95269889330445	47.65360111883805	35.90619208287321
18.845973588149036	47.60531557570097	38.60070000762226
19.18661432148782	47.274725619512544	28.044617752059096
16.445508640768075	41.28449294167594	39.614393119917004
19.05209196778223	46.457332846416136	37.36913606215053
18.593391150805772	47.06513451968181	36.63357008923113
22.068877608782373	50.146583448584096	44.47128356685064
19.022601393989877	48.816001603098044	36.972091580857814
17.635240988136463	51.29534571596062	37.17576912359857
19.425338950838988	47.7621168640771	32.871329623190206
13.650721115851391	47.663623293362136	42.200154863980515
17.331351915224253	48.53243327538608	38.50127474545278
20.496010784698843	50.80531656451874	43.06983076678904
18.72323121628035	47.31624748140282	36.81302729150477
17.743686447982128	47.33782447400845	36.967612704984624
17.943051510476295	47.959532005404974	36.39398974910331
15.983662771368703	48.380242038502594	43.71296655514781
19.326817293083355	48.21491269076188	41.19745003788191
18.172319686234225	51.31444787733825	38.311797515291204
16.864692706518852	46.89610740651905	38.03473100323723
20.551867860692493	48.05511168679064	37.050500841941215
19.685892485339238	48.33392726544568	32.50951341707519
16.814187741321206	48.468397832765625	38.377669461173404
21.332310928949017	42.29754110001345	37.786207715832944
19.35230824617298	46.1464428931252	36.915955511665224
19.60960298951766	43.35553796478488	32.068115106250325
16.409115868748273	46.283169665140335	32.77892004353589
17.358279381459162	47.42014762184982	40.82176750827719
18.1213534352788	47.40412648805728	36.318157569525816
13.460464325581093	43.80169983165372	39.480670900587356
18.873275435383558	48.88772222970946	41.8400822700374
17.435085749237277	55.96929570980254	36.0079114946306
19.411118545657423	46.23846472307297	36.53510763495977
21.465509355586512	55.371513535783365	34.231551671990886
18.9778730891907	47.28260933049763	35.67488461131343
18.42312022435879	48.25782937693733	40.3683259978071
19.044081314147206	47.46224441709443	36.870281039360826
21.422567731989652	43.45591086323957	29.582322692810322
19.236831526883485	51.204881205008704	33.01258839915305
25.593834233949842	51.38025360965646	38.4827211378515
17.29074108506496	48.71946630041883	44.57807732881566
17.76850379688417	44.18564309012731	29.277548223841112
19.830114604939116	47.13940180638706	34.52815032590586
17.43348054381279	44.581118476387786	36.93422392047889
22.633924220548327	49.88492424645543	30.15688987250679
18.139551748569957	45.06848467149488	39.90752662687146
19.793959695535065	41.54425802992995	40.18012347257451
18.261256484560022	47.05315377077636	37.4786184029543
19.353160635279146	47.603339799815046	36.09250968254545
18.53520292625135	47.64664459359431	36.516908657119004
18.62932247447159	47.85372330904175	36.44111235013722
18.696409641019653	47.54896904867535	37.439688118178104
17.185193033703797	47.64235516861335	37.14950937648905
20.39410706181049	47.266633529620016	31.51217812770096
19.830235119308487	47.97052994833359	42.408562393093405
24.21621415245389	54.12943774069439	35.413798898120746
18.794962969240142	47.517441608182345	36.441265114477424
16.760680314676495	48.82344255067958	36.58216846660814
17.565514395718054	51.356549893850556	38.57486298232518
20.97771296314302	47.060798367949936	41.06979967686144
11.831121494217617	44.55712104432548	34.26157387919904
11.477486040528982	45.647078096388576	33.38772524980052
26.183431765636776	45.15220042106668	39.62442814001734
23.56301236771921	44.703885069049186	40.45188178463434
20.889233450245136	52.231191422263805	32.76369212074551
18.523941048312977	46.10664693000341	35.12128595452069
18.829688255582813	48.07099382860023	34.09189500213944
13.91886654055628	54.98720028948303	36.67931888782697
20.101718122041298	48.5554331378798	31.448149931077943
18.327219286908807	46.585110086026006	34.327081279403316
18.14705668101431	46.88157663632448	36.52879197488131
18.463072388768698	48.39380578390833	35.266599738877375
19.24715260696786	47.91771176456354	37.67155550976578
24.27856519207002	52.2217665602891	40.368133071973276
17.999502234574045	41.49120350377012	36.04476410857783
18.882279141454788	47.4273718417317	36.56068035024178
14.0692478719725	46.94152510769842	35.80181869545068
18.429865015527266	47.31791308934114	38.624368332587586
10.765305499032452	47.96579359341308	36.51181402247544
15.96358939658524	53.74028226799327	31.74034423110209
18.88550334446572	47.131207964076374	36.6267389362894
18.664257106538265	47.55184243798888	40.80401295131858
16.791797879501818	47.6540751591776	45.03851437966975
17.186360425958284	48.366718736947966	34.10865723450742
24.824683182416912	44.47191403168108	33.15229565925135
18.735492099692173	47.56118646141703	36.778275568924734
18.164125096648096	46.34999578075629	31.392999858223707
18.889980718353595	47.48252561995863	36.042486098680165
19.73789947095882	47.11175722044757	36.0692548062207
21.02791748732519	42.912586381752035	33.1917198225112
18.509344478094	49.18772722162098	33.3956437324372
22.60653319660118	43.8110149966428	43.10062180955479
18.871084966942547	50.74323348901777	34.78515650474171
21.916607717802407	44.01034831440604	31.652610056484846
17.62796733211315	47.854710922465074	30.534091700974926
17.89507722543226	47.63742594608834	38.65005106716601
21.16129587573279	45.12907230985792	31.6624722497047
19.20979652548745	45.65312183514144	34.93206477761022
18.92879706529483	47.82440341196402	36.248721432896886
18.738396119959003	47.49439578558836	37.000389138558724
18.37413159506607	44.32362776258415	39.71887495924183
18.75301065040449	47.53014898419125	37.9869538823992
14.474216711644242	40.841570707991714	39.434607247612014
20.52020079634784	54.664908400634964	40.7068397596309
17.481632589580435	46.0829638414152	44.53860340624356
21.746265708698797	47.146853938362156	33.44625480873684
18.11891579265982	46.54438545570896	38.831964354244775
19.487344536765008	47.60513983263516	39.241166614687835
18.721021131147232	47.55180467625385	36.561532993990355
15.4713722805921	51.24872795870699	40.22625928601796
18.74832634503304	47.719752878341666	35.02311500011445
19.59248665524419	49.355145869634526	35.94224272466859
18.75828091144121	47.6542613476109	37.03258116847201
19.708875031956232	46.57173068979008	34.4175584667348
20.488206121217523	41.35398351890831	41.07979875380536
21.24979470979132	46.68489428745034	42.885839787349774
16.974174106569357	41.94105864626208	38.39024945562957
20.184433961978637	47.28937019105754	35.75897474783008
14.880746077342845	50.89845958312539	34.56170509002837
18.5506087935472	47.47632696059342	37.10132590186208
17.666698030197093	46.55694538082165	36.41751798287647
21.030652853726743	46.95851841621549	44.99303098126772
18.404900167815256	47.088539585614726	30.97229684068763
17.17244185309687	48.40989776300872	29.739272140048243
23.031510523247235	46.523572597790135	38.80462939545159
18.057304277027637	47.420667870248494	38.21246535295552
20.111671406607456	48.80297168982566	35.446739606085856
20.456698091308827	48.04987150899562	28.794387783141175
17.857207151562754	44.85835861383843	33.205053110073884
19.239814150101648	46.70675564966554	36.73888072872864
18.964281125377862	47.651681860492204	36.70651794673667
14.629458171965933	49.25356780112076	41.77544609255768
19.049164816841653	47.62704450047569	37.11307744237096
19.822754171483513	45.69757704581958	28.666367531999747
10.598189419677231	48.899782298375634	37.219997575637805
18.969323817829952	47.46545518156777	36.35423797459886
18.7545341078698	47.55040557754466	36.53447913752413
18.99112408716456	46.05772620147677	45.27819185954148
16.707306731669043	48.91111849438461	32.42790164312005
21.780027643435336	50.90268438995259	29.950106927231776
15.775438160573326	45.2631877271165	33.89295982758698
19.78730868058723	52.145905034874396	37.099639557835054
20.26036537309745	45.293958480722125	37.156974799157304
17.63993575210975	45.319795005095514	33.087426459358106
20.305197501595188	47.833170892529786	34.63048426610281
18.777464318782418	47.54445761490533	38.417980171787626
15.62113966347021	51.384136655606966	38.1738676127414
15.90083193474352	46.447084196822864	37.482135093156856
17.36411674229431	51.08367273470013	37.77023948479804
18.72198516129409	47.33204918387463	37.04641322139917
18.95950143113956	47.60204261890117	34.97397434279094
11.836471601354315	50.20835242623596	36.745414808822865
18.57790531325624	47.40081572040561	28.83789568578813
25.627080808975414	44.986960251417074	41.38387173633196
18.79643361043499	50.315066897870125	37.65381820568036
19.205805070772612	47.397111264270805	33.73011245748897
19.01356245631735	47.795365684669015	32.667740521109764
18.696135228238376	47.240474570255614	38.049235265866315
21.993656150947242	46.02771334843104	31.90385704808189
19.855612371024034	49.491938297289096	37.14762423139218
17.158143672685238	47.43545357021323	40.33869563916218
17.681299939964934	45.501441505057166	42.63960945948
15.85940509152418	50.9396096885755	32.94176384236431
19.111608246837626	45.740597841378886	41.37665152366387
21.724578337121653	45.7982072353805	29.2319766485699
17.032440616690597	50.728045322981544	33.8488930705478
18.616556295061695	47.33612148801941	35.88627407668276
17.96607678033189	51.71243376225498	39.59108219876612
18.56138910388594	47.49416950282811	37.198894683866214
17.81154176996504	43.50258386347426	30.530298254702608
11.770976438780899	44.997106521775	32.2444057120496
19.38098116926715	49.96016680411343	37.032140114611096
20.117532210255728	47.6976472080681	45.06902305113417
18.628070496589515	45.6815823624391	35.91711549028697
20.93021631186809	47.62786939750547	34.22470549029081
18.733356243090846	47.54604534798877	36.62622505780615
18.57964972035406	48.04564960329192	36.28367872666176
18.355232725392668	47.62221550633523	36.943348814198096
16.57098095709006	42.49295905993579	34.13359115137479
21.415700511039827	53.047988089176044	34.58089069203959
18.00757715940115	39.52108249367311	40.19061569284958
19.585675446650548	44.9478031290835	30.6152994799116
18.72793085950564	47.58326429787071	43.58426875336461
10.239421990085733	48.0204732976965	35.15916090329233
15.232449551315572	45.5782005616055	39.62699666456334
17.376696834785214	48.185186526469984	39.065091182236316
19.951215621944083	47.381994498557795	38.88944830858943
18.506022882239677	47.72453747524102	33.05316493856242
18.451903340956832	46.92531861196943	37.47309870601733
17.245986414189424	48.096950462051424	31.674860190030287
17.976444855089568	48.203566127232506	45.02764916715599
17.647970852969895	46.28282075543001	34.46181606503468
19.75337626163544	47.304726653857266	32.5552574569953
18.603796607562643	47.88076416124795	35.172137020022156
18.53562258224012	47.66096498313618	32.60395863218965
18.861056612482166	47.03197275578343	30.154755094596357
17.09885684918244	47.33332317596862	40.75332385098403
22.453369335193646	47.92530268182956	32.017979499275896
17.951694310972986	47.96290865245911	35.980351953133514
16.90985777383661	50.53996793239309	29.576019581552387
15.578233513367506	53.53442752641473	37.75024890254485
19.15490814841176	46.426494253631944	40.94602239480383
17.730177838798348	53.85660959494942	34.27807728964449
19.996008748469826	46.94238270673389	32.91520749217397
20.560401154456216	46.92332580793387	38.84485194068948
20.000153476048823	49.433149107117075	31.86090532748074
16.726149045499515	47.16790659120818	35.89260878124153
19.379704159342356	47.347902491504364	37.89245057617138
19.187007867973918	47.441936620267875	36.48461834870288
12.30925340635314	42.2657471706568	39.846917036671485
23.240942372648437	48.037878546415115	35.986005019984376
19.538788961873728	48.42221660026337	36.92714685010292
23.06529132605312	50.09481132797451	30.685269270782516
15.752968442756623	52.02486227214667	37.88521631505332
20.614424224149523	48.88353345181728	35.172732076118386
18.110694920227285	47.46968827661629	38.84743194775612
21.264763378134386	47.931166652913646	36.550724823669384
14.920618886781206	49.88165328397834	39.90312324297658
19.700658604225055	47.42221544198509	41.07999626293679
13.984341680787843	46.958231112080625	37.12639668516413
16.56875432751731	46.21566879814987	35.001546236780385
22.809509547763987	49.621081863922626	35.08945051307887
18.953171932640757	43.81888900096081	38.08540253332908
18.909171566404986	45.326776460965114	37.33246110744752
16.537734495653748	49.06861914887221	38.612379926626936
19.47825645735498	48.807500760483514	34.723863088197675
19.218709113704275	47.50323226711467	37.04371328959477
19.768712770863203	46.984233826320555	39.068082300803866
18.372692227557348	52.2555427538987	42.652606313369475
20.517994355100317	47.95139731031954	37.34278463888508
17.30850547025055	47.18728084127963	44.96519263763804
14.250978468944766	55.12109338941242	37.0039927552409
18.69059293883585	40.91140778157023	39.04260185772321
18.39630475070483	47.45288919981124	31.909811663955633
18.657182859565697	47.961027931370886	40.65893567416007
15.664118144594052	43.85937659668469	34.82773456386833
16.38001921127474	44.480499669123546	43.33777202680809
19.368909051176637	48.09695039277987	42.38895969172697
16.93523690806342	48.88760495669571	41.14392112106459
21.658550845962182	50.416003926025546	39.13256385809282
14.020674710953632	48.18802774200906	29.683822484867328
18.767524849592125	50.1848422666687	37.13471334470215
19.635038402378157	47.52750406543704	28.167121590263278
16.646595588837926	47.90576204515263	36.06533500767566
18.86384665737264	48.08599781067042	42.77011645615627
18.44068105876091	47.590113350497845	37.79788821361705
14.248007212866458	45.93913348999649	36.179997102340444
18.081986760653358	49.493657353105625	33.382651441136915
19.022555165711122	47.51535549216848	35.360714104634226
19.551226658388238	48.6000670558234	29.408811310963554
22.819584422107813	47.16124913164079	39.184163771508956
20.64617175511679	48.2514798705287	31.371798725586537
14.628797649941585	50.918207575604455	33.33232513824525
22.044234046968942	47.21832201733088	37.952924282311244
21.33841208136757	44.81977372132175	33.03556389108671
11.216321959597986	49.342557271513535	38.35348460609777
18.68003989551946	47.52772346356809	36.49463386373435
18.59862298037359	49.220497643541236	30.85234130495674
14.953741476159077	53.47065309423301	41.28662046813469
16.774548871123724	49.537447897546286	42.518301024574576
17.305802451084176	49.22216601912676	38.65301046665085
21.896662882167945	40.740193951184764	31.858069940767933
18.78738039504013	47.47293405066002	36.40791996649597
15.125287816506615	49.15112536195805	42.453241343041576
18.858126933238726	47.59897875935578	35.9715273360166
20.633696665124983	43.22772148362552	39.042861133276446
19.75262026837234	46.9923831326739	38.46139393703461
23.657977132330924	48.321334405232236	41.95442056260285
19.133731826204304	47.17579362072158	36.37277883251725
18.89494110839713	46.30021476156817	28.125796498804377
19.76196819310335	50.10901582437221	32.354008299022105
19.566421140929684	42.83697091886876	32.81371202544899
18.371174224213913	45.9702568711124	30.74168332339202
18.877864666740432	47.93885541506082	41.79900210983755
17.955898792453365	48.042027945441	33.010823916261195
15.856384326476443	48.6368088250107	31.953472440756148
18.83538293112004	44.90816057425123	34.273355426319014
18.669679128671532	46.49152065891936	37.962813075202526
18.721797216840415	48.45343677577562	43.53759958498858
17.06625681995941	45.75204974568316	39.14558367758891
18.832306790277375	47.38086752259321	36.3942480727545
21.591003779100152	54.68550685417038	38.561227039835096
18.77644492844426	47.47721051389422	38.89601082115388
17.570774010023303	46.67520009973202	33.77703002543022
15.425775919944991	48.010993474802184	32.28813972403139
19.54737645377476	45.120135260548984	38.37900402786394
16.407056591397907	45.937410640875996	30.502738575432197
18.70228814710872	47.21306774135099	37.098108231495424
19.72670061580818	49.14993878600281	36.053725076438134
20.873340053756092	50.65017889690551	37.02930227080022
18.523026799855163	41.426385263544454	33.15613451370701
16.46203297704516	48.76936482884027	31.973856458100713
19.804920319910984	53.35877290360878	36.317896047411075
18.629973601453614	52.10360012800188	34.631590675934184
19.064920219984643	42.52439184988508	42.28008011264702
23.489903551079617	49.11127669263028	38.39202016136217
16.36754876182424	42.83213397884586	35.587964512916976
18.506549672799373	43.62390546099457	41.043783060483825
20.725724475157186	48.130800257339956	42.42462845482089
14.414709115652652	45.76292180240894	37.84240671933035
19.43637567080217	40.31100441538163	38.38395216402495
18.512133694446657	48.30877855592014	32.76453174006848
24.459975709082897	40.77545839028821	36.26908192820364
17.87738168764704	46.34910410367702	37.97702324052004
20.75204629469015	42.603716109038324	34.085305546771124
24.341843575796673	49.360673939626494	35.865885267235484
22.323692440451058	42.39478953545708	41.60165069018359
18.5721978973166	47.50518738689359	38.801604297608755
18.676481406607312	48.54175685460686	34.41382897293617
18.64638770063919	49.21249670112424	44.476900017023475
16.490527177310117	46.77539714842421	37.605754770675524
21.08278100397052	46.048396029251386	32.169180359356794
15.998192462569397	49.552137321024006	28.945938157967067
19.615827169288668	44.515927135492525	35.9454493106644
14.767537910482183	50.722638753070015	38.993926491470006
21.8218837482724	50.521350401912876	36.02232757698428
19.50388917785986	48.26072633579406	44.29085971339885
19.380151350072662	47.40432649431142	35.65561486721045
18.76113994334698	47.607310521894505	35.45842873135689
15.049291204617985	46.16289183162114	33.78119744252842
18.35347467706721	48.16689159701573	35.75192523298149
17.911277981016568	46.7734509052802	29.91382075664496
16.45414310271933	42.954897616697906	41.053934965293934
21.535293768278265	47.677139019774394	34.8421306151329
21.286067064720317	44.92836823060184	37.95005839678739
18.04635822377609	47.34488854263686	42.19562855448052
19.168928851741622	45.57024979252438	38.53837772719911
25.95293486786008	49.19843336936893	34.54920140073108
13.864448402704243	50.42398363983665	36.84671583011
20.152518986921752	48.201591602034476	36.24723203918693
18.044219920625103	45.36030334491856	38.33913816554481
17.972229466496515	45.82979339704184	30.2216894558471
12.506090538275913	41.57731671649993	36.218602986313016
16.360439142626326	45.8016891397209	35.8977699932879
16.473779939218886	47.55238718576793	35.600019146464994
18.223764924202207	48.842421180873735	43.793557709132855
15.188262237573127	46.70612337377703	35.338530416541765
21.780035271297642	45.83195282640488	44.60071019217011
22.7337171241448	45.75693063765235	37.33359956820366
17.236497084085116	49.10767556135289	41.07991412900087
19.420373166496173	48.14023899440362	33.26526173637685
18.82321292012555	47.485624968438266	35.91135097717837
17.93520890389591	47.82328977353369	30.298864056024396
25.518813941773924	48.52823572356645	37.21974055319687
22.610800367889	45.969317312111095	35.74212503228862
16.065677541692693	49.586452553132986	30.567654123518455
20.62113378116668	50.40184883247711	32.13642073478995
15.397096817743023	48.45090840322742	37.805544035140024
18.672696566653162	45.86916405976554	29.9329558625164
16.42438501852633	47.6304467874085	42.20151543308987
20.313064893881034	46.07189577435202	32.138997168513235
13.653440620297491	46.89532448271942	35.56528565935281
14.287110503499207	54.11216526313062	34.492418121637435
21.750938393973225	48.0218044878252	43.05804498662682
19.54486432770792	49.32406096458449	36.771305396092664
18.442809069452185	47.287265530664456	37.97322967149526
18.22222473991518	49.55549016807423	36.76826278852458
18.674124045841022	47.63168211493977	36.417702572523666
19.50666454658168	45.47815007077613	34.6785063080629
20.220763239289912	53.97056544747377	39.46304537104719
19.083670261890962	47.50688585636281	40.49806549227861
19.24179651682089	48.624170681804024	41.74472576368201
18.05432299320376	54.59702459052173	35.822581627254166
18.985533375364515	47.32141472168483	35.778794441817745
18.597508201498993	47.397181733767205	37.27683642119756
23.007947842307786	46.72750487863648	37.03857095439835
19.08627273652872	47.12204536085219	37.610046375029995
17.26365499240506	50.290387919044555	43.84999838970868
25.302438760609775	51.39389627459336	32.65594980338366
20.750689549328094	49.1066911583615	38.80312749310846
15.783760726105724	52.25501724765894	38.244994457607
17.22816201207746	44.676919349342946	36.95756494444809
18.30069667105379	47.1964018093028	35.11758901549018
20.325626302741526	45.57847253881761	33.279019850271425
20.719608842676074	43.58852553653328	28.794621541384974
18.33296631355703	48.50003169818142	37.354938562224376
18.86870285078247	46.30044478270691	35.48589629602863
19.352264729805512	51.538021320589664	37.98699117041825
18.483911586506732	47.715942803763184	29.934729935990106
17.075450739272267	48.22916778269203	36.82660765711639
12.582589755357155	47.67305608511575	30.561214189562318
18.697714876349544	46.85996163542271	34.3366331207773
18.421183568453834	48.08881178580442	34.12674276502867
15.678070493737465	42.387644946269994	39.58496954181414
18.415981360253042	48.229694140774114	40.501672490802285
19.928098463100376	48.787753476595206	43.430979001637716
18.568924450710306	47.04331399047405	35.968563392447805
16.2472671891694	52.69491843985792	34.88891753139796
22.522728784597703	46.11240781204037	33.69477318704531
20.29476995010128	44.9637417582198	31.881302102502843
19.094135061515203	48.615043998502934	36.44547531951061
16.07405129050221	46.46722967646068	37.12747795196082
23.52610508926274	48.86594224888912	40.73584341219792
19.364807614788816	48.793981290818905	28.744865985037755
16.825741219575647	54.79612451284413	34.242748572153474
19.640599923770974	47.637594672067465	31.587686810677774
16.663708521260837	48.71438892183691	31.126036212831902
18.673535695383	46.95318451154148	43.85943171818821
24.67717030479904	49.06884815623034	30.992256338631172
17.817136304820423	48.45645965068421	45.07042205067998
18.679285222029122	47.88267786744341	42.01632744452737
19.080182750332675	48.080903007945814	36.30802964821885
18.868796451466906	47.49282317859472	36.85911211948772
19.94981417998253	48.760401681651125	37.555282867063355
16.33175490259096	46.48067046588465	34.080775019724825
19.887738571483236	48.38668028901959	34.45439469715749
16.839737205177826	47.64677108932054	33.874979595177884
27.54174827437656	48.019359990175275	35.51324117772772
20.417837950246483	53.11266889717106	42.69927758452536
19.117721394738528	44.67334411347087	36.29913560995519
23.223028350267153	46.29084719065824	42.44294538961288
25.74709513912188	50.807340000749996	38.97414344531464
18.70024876661748	47.577897679609116	37.542039085409634
19.123935521465985	45.01748478329249	30.390376736081553
18.943456932906706	48.329132359017954	38.87668148822248
15.787095567805569	48.04696028348303	37.16238318055792
16.99435593319677	44.549874195671855	38.164295240449576
18.740886956009454	47.49117853798329	36.487549676580834
18.707986306837537	47.45998654472132	38.74016206255547
18.872576876338066	48.294101181205825	37.46072937046362
19.754758164129306	46.838089620773104	36.69600318163702
16.641729453127077	46.963252145837	32.66506934386923
18.76574141761573	47.50693947623613	31.862073431238134
17.116282939228554	46.772655224958626	37.38558075988593
18.75492012102671	47.565545556697614	31.514176706329476
18.432499953834675	44.07716840763779	30.33846490444345
22.157665111632046	45.73621963288219	40.95828315578736
18.684263250877034	47.784965666654315	39.214124677219765
21.10043046751958	44.00434582718698	42.6017690308346
25.938096097594517	45.061451990593305	33.6671474121172
16.99118679466931	47.734712852951056	37.076460776276164
21.861793700792933	48.54474713561114	42.301561622507634
25.799013334663368	50.99354588041523	33.929339887329434
21.517418728429565	42.83021339503572	41.68594051685976
17.598123887648267	53.53142185469715	43.159008633791245
17.641083568290973	49.81606313952656	32.21586610210308
19.049932389518524	50.2409355908464	43.467558509115094
18.734500505744276	47.608093945864624	35.510847165943986
17.791166438316115	47.184481468589965	42.982090136459
19.528017116880246	50.069236519028465	41.43695341025894
18.684968011951018	47.639556442991605	45.50965638235442
23.12546937691504	53.59143071256094	35.26887853625548
18.348194197161106	47.602369211184566	36.96671130505257
21.589037484322564	50.38812195118811	35.54559495604646
18.588520141674838	47.28322472868645	39.74048511095416
18.10411028235913	47.699232667218816	30.920762888031803
21.262559412475944	46.32341272828452	35.828361991181886
16.90547501941096	51.18729906511873	31.71415829373748
18.844427761372962	47.50302944077777	42.99998143214367
18.731373341974603	47.4884606915276	35.79368321399028
17.118292659013267	48.96314275305679	32.121142121483416
18.7540803828906	47.55609797236334	36.65420589375285
17.616861594875996	48.045793588506925	36.87665696765746
20.73826538606335	46.231079704739656	32.727040244598335
21.05488226312395	50.94444526443364	41.57249537544213
20.616456099605596	48.41655952753619	33.28351805435952
18.266099255331735	46.771893776591455	43.32839990806773
19.065940755094847	51.16392576927574	33.26383541552696
22.381095437159786	49.93159538995216	44.03715283667925
18.81767618882569	47.14780581210501	36.576615861804356
16.55107901065114	40.25308308307908	38.48511176348582
18.626907426112137	48.62373314250616	35.751302432303596
22.754203264227954	45.16565953907071	42.086526733330594
24.6987534955157	46.91716998442803	30.621920362970076
14.719004132330076	46.403636234241446	29.06994505331199
20.663023963629886	44.39235930581148	39.02446727291689
18.250685814289618	49.23040840735687	38.174599182129896
19.6380864235978	46.34498142358393	39.04631110005362
17.96971873798195	45.210766049321464	36.35388267210939
18.93606496254966	46.90579092181345	40.36047850170493
18.19192685919991	51.46391626784388	32.561246016320126
15.614239085256912	49.312792599969164	36.908793329280606
17.728969617818112	55.05736308772653	37.124278007967106
14.636908743895297	52.654230402309345	35.791336015175894
17.210081578091508	44.79984849894225	39.33082970602718
17.458193418207944	49.594601089848176	36.32109120121163
19.93318821734731	47.58413949940169	35.91070159308584
16.06607701718272	44.891399757249175	28.511485951514096
19.010340729907895	47.322772054607974	36.27671363562049
19.74547252826217	48.282221002771024	35.71734672009265
23.19885666999335	48.698276795973776	29.95746379814043
18.592444865228266	47.361889863221826	35.745251129544386
18.009917868310435	48.111834734376565	33.939486249207505
18.948696223968895	51.233586482520096	39.91892802641491
18.49654379082104	47.891034105860086	37.73503607654905
19.742704622564474	47.929003765736184	43.81400781247714
16.52122969364623	50.89057022234976	34.63997318639354
18.69224463565961	46.939415655352974	41.79853343102165
16.579492504450208	55.35950708146234	40.48226417074203
18.98757722199246	47.719029226660346	32.70959817671165
18.640098493550013	47.34231225244139	36.79363124925126
18.64624797870983	47.56424898118499	36.68813876319403
19.13557147937762	51.29430002415756	35.37583880676768
15.168403990712331	52.9143294002116	31.937054376407588
18.402420430689265	47.520396488482874	36.71883381513756
18.671808356616907	49.03628292077744	36.64173988228418
18.590303543692364	47.598756249771775	34.179972912318455
17.195657384660535	48.19023497403441	33.93880526952238
18.051074280568628	46.895555395004045	31.157093063317337
15.365861966883026	46.19430041825009	37.637257687260885
24.46823324759364	49.6247997005782	30.400424266651257
14.252413938094382	45.897935480258106	39.29557995147351
17.481905445758372	50.27205301065216	39.803745052778815
23.951668659962127	49.78774708626505	41.17915921439304
21.519101650322263	48.00462808806154	44.10821692718652
21.472628047419608	50.59174146729841	33.35334206826777
17.88878582102154	49.74928338915768	31.964463077111045
19.82650626423154	54.104641181909564	33.18504536232821
17.761531114309644	45.07355701336099	33.85271435428666
19.197241668615625	48.123116685995576	33.42459953954909
13.09716636088844	46.91386792420971	38.93913168326526
18.44538765109982	44.83718403671059	32.4705660309892
19.290131545462298	48.27051166759416	37.65320011291285
18.526369682007754	47.578558213564406	35.598334375135664
21.992539035136947	48.0070456841608	38.259521258569954
19.43257100112402	51.36783275330327	44.33036405076068
18.179448379055515	48.2372570010173	29.846038741306167
18.268190914658838	46.662685204285694	33.05946887512228
16.741091122130474	43.259699275430705	33.70813653551525
17.90600177316759	48.59859652884943	39.96332698258574
20.99597531113902	42.52655289002903	33.19631133156184
13.320156999227876	43.59260731999281	41.292186255462894
19.092019364219748	46.998176029085364	36.179312715316904
19.0754211198409	45.952828383878696	33.89737512051209
22.971703260011775	47.699749329577955	43.24761105123268
19.54538178354711	47.04933238071603	35.96484854750058
17.12843010808311	46.71087466861575	35.10645050471963
18.81031398294526	47.00089138106625	37.56483387405376
25.61824538875235	43.093353891167055	36.91796611775857
16.268237668255473	51.315087368450314	37.83202448735329
22.5472178339267	45.21331633377145	31.159551925798535
19.780975234983774	42.25122673182327	34.791322747858764
18.060328804920733	47.03904357777149	44.954723317403655
21.337770987859194	49.544682668898645	31.3817779081257
20.33027433090276	47.58437855656166	37.275631539001
18.7260454762152	47.53309923360561	34.81363671434043
18.0227550708982	48.41773634608023	32.390632011271634
18.246106969670596	46.54556672812247	39.62225252792157
19.118474693498055	47.35022537273472	36.42135098732759
22.708526813625927	49.92548978607009	33.57558976314987
22.278126558579697	50.464841865553126	34.73352541887498
18.97519927906605	48.457575758191965	30.072545629379153
24.035707432299766	46.17451707692885	35.06946296679072
20.620614481744038	47.34926438964459	33.754453549246875
18.342201592479107	43.35276012452121	35.62288000335804
26.574570751920966	44.84013969207393	33.99417402860206
15.880483457354861	46.82481614266054	32.8486690618153
23.993034639385563	47.59587364180617	35.869718549221105
20.421948404156094	49.383040681609806	28.486290657535136
17.492968860893065	48.16867754466091	36.88665636550107
23.401729558732203	40.94212742962298	34.22600553367124
20.968531012323595	48.045303197930664	39.093174631087386
22.23742336213904	49.26064121179741	40.8400395015713
19.04815163569476	46.30127064833797	38.26145773150768
18.033283047680083	47.64953951456829	44.697997900947065
19.107678463036397	45.91158538927736	38.83012465148717
23.512524054448754	52.81028816875479	39.21667768013283
15.511694634238212	44.40676226848694	37.30456536250615
18.86760685824932	50.524267793071466	36.36267942585984
18.3142760240718	46.2383606460068	36.439541957048974
18.56614956425617	46.99346185089855	35.062400796588854
17.777597824047547	40.81665303605385	33.1255215605519
18.611477312045096	48.942583534147815	33.159100630718726
20.575335896126806	41.45419421713739	41.15804017012556
21.563471872929867	47.9677715221317	34.20217177173432
20.485209382667147	48.38204693078852	34.811743646774644
21.08738136335535	42.282045398390395	40.93453009040666
23.00533936210731	47.78522848042806	44.132780694354125
18.70676604025366	46.75108847285665	38.739105014530956
19.265289623190434	46.096793905987646	33.425723357475924
25.530822330047975	46.82792267790402	41.34103696266866
20.624813278574692	49.64108562420966	39.467080830504955
19.431222874130043	42.92057910116047	35.83852885394964
18.587716151205782	47.521591541036564	30.78805992374809
18.670940336556875	46.22802391306198	37.01158167912733
21.206159947442153	48.45237135686525	44.188488859009006
16.68189701682499	53.00206300237686	34.91964110376916
20.695507669547098	46.48941203306391	30.575986566010805
19.800942177087087	48.046203958324746	35.24765230413581
17.293043710109874	44.21118212022767	31.36930931507762
18.744928644755817	45.5284152276613	28.910416646298774
18.937718468843308	47.5557511873826	35.19228253899301
25.55091898701729	45.32076931746384	38.80770384580144
19.452966392778677	48.13828622992834	38.11976680400788
17.83528663867387	47.98509454356825	39.53456975535562
19.767728596816156	47.105175669285636	40.05877536203309
20.40105393083663	50.95477998813151	35.125735622476554
18.57386125905059	47.43462007216316	45.488438047186534
18.741976614778295	47.549583344931456	36.05030614433267
18.693768795517066	49.26886434444858	36.77843015078894
17.208119031168202	45.845274665506054	32.04778261659862
17.980649081578093	48.40697255209963	33.716810203142174
24.62205338482783	44.63560058660909	42.35993934256
19.17605127902711	45.1099942475478	36.29583637558862
18.580702163428494	46.59327518981146	35.370227548410156
19.097742200911956	49.96596825840358	42.944695779384425
14.345799918605866	52.26690126955451	33.149610483868855
16.009350168156768	45.25118797236731	41.09850748623925
15.579726929197173	44.68690271980067	42.9148552061866
13.691607257421202	50.70472480253666	35.2329972769935
20.16725622283589	47.12673891179968	41.92527851122155
19.003743648448737	47.89693412031538	34.708631054525654
17.642214899589113	48.146656632002625	36.73217309965199
23.164685204542675	45.52642099377107	35.83162133289288
18.80951256939863	50.68737366041561	41.681929121665334
18.790539029608947	44.943525591331046	39.50898483094001
17.435290791952653	49.531005619417016	42.132249249662664
18.72537747258835	47.53443896053599	36.60409124090235
18.092718323242654	47.321914892787525	35.458635676273246
18.863834762783853	47.444891161661076	36.44398505182232
19.06308148936378	45.61988348139466	30.246000401666663
19.119663422178792	47.47748174826386	39.52753404691657
18.396154956685763	46.80453505975892	33.09749358198032
21.676549727125934	48.008647980570885	43.86616154574876
25.326012055252843	43.243210103842806	32.8857009615521
22.248719643262973	50.83553810936199	36.40516641970521
21.077911017371218	49.17924570741401	44.687509800996004
24.055810939776112	47.94703144944616	38.96633839736339
18.06963558554506	46.40646452472379	37.063226799433984
19.886012667546154	47.794844497882565	38.04790218589571
17.122173635883737	46.75651224548117	37.90080381814413
15.224443708293265	49.99205033440682	33.86328222022064
12.541518861496733	49.699693919502295	42.143100277490994
22.861931271347736	49.282228069449864	34.50734429241167
17.017177496569172	47.52529546581219	35.648930050623406
17.268551063757158	48.19887149122128	30.82268328064327
18.50493111685101	47.63513923970146	36.8158730437776
19.18581973721707	50.299321134505306	43.52666258636674
18.103734391869875	43.71765579545947	42.06073816911097
17.963625533673415	47.49757315539834	35.288079890326344
17.611713493529745	46.33703945265396	38.92786580764405
21.430929016891014	46.62522998934692	36.29185209643181
21.93882280453429	52.45163314434273	30.967460368393922
22.328046396536003	48.533810097250964	36.73080186385817
18.69445875495382	55.66812471583207	34.118772448284126
18.889340780671866	47.53491646262053	35.34272171051835
23.068859738618176	50.01094905645741	36.6475749330852
18.740342516225375	49.0262952408983	37.81786600560894
18.97083831265033	44.02986032053215	35.02035423341041
20.022569394038932	48.70496912659781	37.246045063324715
19.26472963114833	44.159748195614526	43.56447426048747
16.31962514653272	43.40947573767842	37.04396088031959
14.615503212941489	48.94363943380688	33.973116260687306
14.097669631544447	47.92527539305449	40.85261998674329
18.259787805472683	40.129429056412995	32.27608783710998
18.75284226191367	43.47564849576984	41.12948488068312
18.912874252564333	47.617847914592396	40.897370485444995
16.452988680637826	42.18293433566515	41.36746061149769
15.28246133053802	52.67626763750813	33.52042725780603
14.467369978015034	47.382213333013446	39.70017915139945
21.13402316816793	46.55843305228231	34.75417829060507
21.154959937764637	48.07435464581472	28.512958001358854
17.196450856760862	49.189362689936004	40.29720021816304
16.40647169309321	47.891646362144435	40.20129183484853
22.52105230571575	47.44988573223943	34.50756006691592
19.639709784103502	44.37578156161312	38.00572000194204
19.95270136713812	47.979087036432325	40.61766877893866
18.64610790128466	48.984421571578075	28.427047891418766
19.87181329588335	47.544071037801054	37.4110800385929
18.171724567741247	44.725800895673636	36.22703053958077
15.408579468698113	45.137214776916096	39.536212530723546
24.21430265520946	49.70258946391366	34.80311755522507
18.10559809611979	47.18739942482133	38.89188443671561
17.047210082006494	46.54014089397283	36.847527708192494
18.835757802390976	47.47839627188756	36.82529091557503
22.84127419690194	47.617193725941306	34.15777790771028
26.041031457624843	48.02676591283652	40.33222202489815
17.19968665285137	49.251413523707846	40.13277511937818
18.294165065202975	49.904112793051226	33.10075228073687
18.135687020977944	49.361668776241586	37.32310650927907
17.79259671918264	47.77818089526251	36.154371985232856
14.54288520120942	53.8164146707089	36.87954332523961
19.146484834652753	47.06504871816547	37.32386329662279
18.751386600279154	47.515214617414394	35.777629327861526
18.874968865390034	47.21081633166428	36.98301800632911
19.419161385551053	47.75178271558712	35.43915056739619
12.591913262809655	49.25680085676793	31.568043052424756
16.76190409266638	44.91160887995306	38.02628340118453
19.782848132609537	48.218953821462314	42.03643856954218
15.426150496420691	48.21681776879031	41.31720199867594
19.20856059758134	48.64673713329234	37.88279173754306
18.372946267892562	44.56475337090271	34.006102759612155
20.921908729091236	48.203189589424156	34.249963532555114
18.62485084966785	47.33847640981013	36.578725581759244
17.330340162000713	48.36300610923339	36.02299796326779
21.829348315549108	47.860029928679275	32.174669623730466
19.06051070961199	45.59651958429692	37.7716898214502
18.830194888485078	47.547423008811315	36.62338993351168
17.367571142502808	44.3732180813576	38.268859993257635
23.67284967403546	43.37091717761656	39.77958258850673
20.442010485777416	42.891940964693454	30.068597245533354
18.550614160182338	45.95724311276514	38.92865100552617
19.425778821181257	48.14434114024599	37.586231788112535
17.955493382963013	47.79275283165942	32.46773146915758
12.424442524059788	43.88771560530475	39.0430213468592
17.42156175848776	46.69078860875513	43.77482888584568
20.544009206166276	46.44747765567484	30.64093667912264
18.33727214236436	46.66287500422964	36.590381946638864
20.49513847183613	48.71516325412698	36.69457325308552
16.9036802314508	41.2678858487608	34.15694618793264
17.16808412468107	47.514371844559875	36.82686910457735
18.73733645834575	47.552732793465694	36.63043339570649
19.78805568941897	48.317577847453734	36.94430636438013
19.39480699822862	47.1036631208637	35.40963715509315
18.3045652514163	49.09066028817329	39.07849148177148
18.728070957489066	47.6132512815193	36.5408173588647
19.47967780354628	49.018927517246595	40.45379175690911
18.521776263870887	47.59056389833508	35.9895317520952
11.617904807457114	52.67864285790835	35.52083199450962
18.722123090714113	47.54460075197065	30.280573311709695
19.259815159537663	47.945239365673906	41.880760829904816
17.290426999957788	45.20633767815333	37.29320025850778
13.840345242203984	47.072738861964844	43.31334866721894
14.623545959488318	49.53408088547801	39.18485539163838
18.9100602413092	47.437558209379276	36.964923486081325
13.443078098909702	40.88689191353609	37.22869514057056
23.359964563836048	45.33874750011525	43.94968744372943
16.408586112785	48.011083058933195	32.81373044656971
18.429511460891188	41.39159419205483	32.14901394059173
19.06326272287556	48.16692378250873	28.66961946481321
19.431762825764007	47.21940294028028	40.42202485656689
18.3752237610937	47.01999721749574	36.55247084239762
16.99537709425758	49.21690685881711	33.96940380364738
18.59604260504446	48.539123237080524	37.1883723491856
17.648578422937387	56.0557353240473	38.24983350049892
18.730919580899165	47.533553482572295	36.59021083481763
18.964986737772097	49.30734952524802	34.097133181228976
22.248852842136085	43.52939538662974	42.77907871336969
14.407499112059416	52.186330793414086	35.19458852606833
19.869680549015037	47.49047989413049	38.08212546275105
19.611510951563716	46.78491766739013	31.26351567918469
18.783368223416197	47.462882278930955	37.692295345811075
16.586717775058275	49.09066971641869	37.27052111224209
24.300532960721537	49.813393639603376	41.27055593639858
17.790732577808075	48.633646489133305	31.08297389459097
20.23365369041743	48.72807619859306	36.73690563658538
18.492761370598707	47.88826421664361	33.65384000733631
20.204001749121886	48.07145371904783	38.39753778275644
18.805081289233563	47.043759820630015	36.33343351663764
18.15583683167351	47.12148080995515	37.71631005143798
24.58442478938346	45.20751196391369	36.89261232732766
18.707340620895675	47.499562402651165	36.09416078655439
19.021246993086255	47.26603414566841	34.812256418893206
18.74914254080804	47.59193024977577	38.81844419157618
18.58789306405442	40.41109851656682	32.62414388377815
17.92428725962664	47.680208897496385	35.294603282164346
18.84038992288656	47.52653214082112	36.76734648168191
17.556094309406795	47.72200634601193	36.37075243823695
18.82323224195429	48.410821228563535	41.77126477168579
19.068777514757677	47.71909116303288	31.02241892340836
15.179028622302319	42.771221924655585	39.170494155910426
12.767592952935086	49.243757450735416	40.49403932671583
19.0922563194694	50.05368533472648	34.165433913111954
17.224423478000148	46.72408719772444	43.48079285768578
18.276950738488157	47.594012287616124	34.72777602485207
22.85909747471248	49.331905840277685	41.76967872735131
11.743228040642563	52.58161849168967	38.142963290878185
12.222976139853014	50.55450108135919	37.976878849940256
19.992741172633433	47.05782836316627	36.46827825366222
17.542673636903363	52.61513024087085	33.595162930166325
14.762196366053413	52.46539440323157	31.410755347739332
20.525101664032707	52.20997731478718	41.46054128790898
16.170363526245996	41.043126418602554	40.64890091879993
19.120670080426663	48.08754694485295	36.40494668470825
15.174354859803362	43.47124093020154	38.692074140123225
15.398785919648788	46.812693146678434	32.554613841945525
17.56314671629323	44.748055391978326	31.57825450107556
20.588013262656975	47.455392005880334	40.37864745116998
20.604495448140902	48.32870178790827	36.93292133238668
16.29923490413442	47.40829746759063	36.937335070250434
18.526881606259785	48.37511355457434	39.29440930891746
20.436822479706464	46.767181164383835	40.90884009652764
18.691233309030004	51.427169906727535	43.03526899110145
23.783939659773466	50.7627879029696	31.99941354594553
18.17202725575417	47.570276325812095	36.02106594798508
18.424566697797083	46.12224251071663	28.608187186805356
17.934603197499815	48.39320987563868	43.28915882240761
16.785296891105993	43.166768969787725	36.42607008919314
22.3508134789785	40.438936365350656	39.197473939147656
20.106239317309342	46.47132561902303	38.204528899374964
18.70785550605784	50.727333049289115	31.227873564575532
18.131305591563958	47.65805227953372	35.24048162661128
20.716209525259806	46.29153724144346	32.6709332340915
18.20961750803445	48.0590323136506	33.680546672936565
17.00965967823658	52.45716358053078	42.28068899447797
18.720046015031457	47.51275849035125	36.633482064706996
17.348224889516857	47.803866712985496	28.607059162758283
20.66635948291813	47.0231836686945	29.26444900454068
16.030009147847252	45.862958581411895	35.17655751811597
18.721919926207324	47.51929649989163	36.58172402945957
19.216927405034426	49.10836353625195	38.628672379486375
18.727066600254304	47.722352989554054	36.08533043179103
23.164464959023242	45.65658032943879	32.003706974121826
20.370731458820558	45.31957810621454	40.22310010280288
19.2636347457445	41.985289908437565	37.73934386319927
19.07186876434235	47.28536877648736	37.27893631319023
18.829172347060393	49.40370427804689	41.827354836676406
13.916448858257013	53.03927170273599	32.81859295748109
24.38952801751215	46.00669046790595	40.110198731243344
16.63560076060617	48.6576872353829	36.5883106408391
18.635858861439726	48.24953842146847	36.52724229375578
18.67155765731389	47.58876398958437	36.43723463901373
20.45996799084281	46.51062163866765	35.044523413961514
17.104738637996874	45.278502898226144	39.081503877662854
22.334330177377357	48.2716468969484	42.372973104237424
25.537803330663035	47.92076855960117	35.22248923318903
14.422304071205591	44.34793683113917	34.13832734905375
16.00403432431783	48.85408931059395	29.787314154945456
14.289851901038132	43.853941304230794	39.54983370774699
16.850243853139503	43.75923316590776	40.2991531698089
19.012450284414196	46.55413410467623	33.90003110071582
14.974780772634503	48.33099912380007	42.7336815866653
15.586525962259088	46.09763175111162	38.49830257805858
14.284221083140018	41.07346668083926	39.87828894804678
18.53015660104117	47.866452088014135	41.68968227588574
20.990651839669663	41.88584294503126	30.58434031006292
24.52616298007093	45.04005335662103	37.86196138680153
22.756696065176897	45.495162892262556	43.00640026654711
18.62297611301671	47.900640110025	36.241685738153876
18.38304268705985	49.1953287529829	31.957298259025436
18.28989187136145	47.22159736158075	36.72792919979942
17.42225887952367	48.19131017802221	37.72066611999583
18.455350478516046	49.403453888341424	44.11307464172791
19.773369573508795	44.47224772048364	39.757313067593536
21.196820453858503	46.55921376164183	38.965258730170156
19.38040982243873	47.73810943740123	38.76809047881731
17.772418775474783	52.669609065884174	33.46560609639321
19.58781464666352	48.690169035103516	35.516686087352326
16.302684979421567	44.258455121636814	33.64736143378797
19.415670820518788	48.765065080977635	31.1389335479055
19.47237496818192	44.620404974108986	39.721208625092004
24.414477384833887	49.76859242196427	38.20029504270322
14.800124016164766	46.34337929134591	34.47301702466367
21.007053696342307	45.834628356933074	36.70689008297792
17.507640990883125	49.947330420235865	36.778357317964755
17.347196495552648	51.95654736941969	43.38678160087254
18.302130274226077	46.61774190605711	31.139752584590255
18.723628895184575	47.53372256531062	36.587842365615636
20.340972376117257	47.150298036774906	33.345774701531404
16.90989859572249	41.81666857384762	33.014985272602175
18.439992042004736	47.79236407962874	36.965275487853205
19.607645497916774	46.40410830036179	33.77323029861936
15.901773369377045	51.17658420855711	43.43194003434299
16.340335034061965	48.27559813477319	36.16735722948859
19.338217299029882	40.26112784954927	37.76632785233985
20.285416335623648	42.87163093228371	30.35988466365201
21.14547980089568	45.745372195347294	34.158664411272426
16.98592919733723	46.38083428488908	36.2424865540078
19.040940531421814	41.91401760383876	39.902255364719565
16.858338022685217	46.218690473101034	29.08695393086681
18.582135446199526	48.06321621904011	39.484327628677036
21.572581529439084	47.186650900789054	36.12873420508245
24.427858586799545	42.318378183024805	37.774823425954
18.527889615366558	47.29240199676422	36.80904521868944
14.46860083103617	49.466449239575226	41.43446311016939
18.965685359181734	47.74227905004503	35.404923187540994
22.404813774048456	48.672436509759734	39.9547669426371
20.6391559630739	48.849509087049924	38.69204468380079
17.938247581637075	47.26607185396411	30.176323362642858
21.950853794613398	47.7341130380064	35.365848309343384
16.928432784042844	48.940997737496794	36.67889535201633
16.547626445789604	42.81581191194605	35.228878218677295
16.410550317725452	52.2108108688313	30.80356325250424
20.26331049818617	43.06751047428138	33.699680960028
24.0903548526701	52.62757576991148	40.45582157285311
21.61879359638815	42.18063310894933	43.20746638856599
18.14476815448313	47.27759946410143	35.04945458719064
17.86766173351422	48.92204021427618	44.10902411650388
18.726458774567888	47.53635213875313	35.08152017597821
20.622742539809842	46.57305600659355	29.89170775495333
21.310365221213928	49.06561877361704	40.52416015285721
17.05656626419452	45.07925064586616	41.566716675319746
18.4563658071068	43.470971270677225	30.481888746699248
22.099851404872283	50.98057995891897	30.96461644695216
20.84653728404521	47.40872080627901	37.47103951285198
18.918240123226436	49.79701402277223	36.583171979612544
20.37174337414992	46.50573150956159	41.958095671064996
15.863435640678638	44.61447480058716	41.612745537598215
25.103127973830194	48.21139134997453	42.49337004919748
18.882546894333295	47.419614441049426	37.383475028344805
13.289584881309885	49.3154920886376	39.02778860059559
16.412611262141724	50.20394777347859	30.327988549004726
19.809826262240957	40.45484669565474	40.067628215370725
15.311803181920896	49.466982407298254	35.090947877719
15.291379946882127	42.372061730103255	32.98029126648947
19.78827791318028	48.97904447899958	34.218929587287064
18.526475757916387	47.17145474429459	29.34787630085654
18.748160570368174	47.51359895046385	36.43046856703662
18.539853743573538	47.45843717345976	36.979900000150025
16.749185128599382	43.67155440951748	38.35678276950171
24.37733922553416	45.21670368677022	37.18285814643884
19.02215085452786	45.754249788411464	36.86412744423139
24.32758916807497	44.49584905348488	35.18479819369514
18.637004477607267	47.442697650446924	35.054534489636836
18.004974156682174	45.90340748176778	40.01519039324961
19.13685803659258	45.13432580413207	35.057768248023045
17.88856546484703	45.56494977799642	36.539963248455905
18.703572058362855	48.91704347560906	35.98390373781966
26.045084552944562	48.32836337972984	36.22438320885256
18.229872701462998	43.16244782105489	36.643686300316716
19.995972475192332	40.59995182558956	35.28685213391541
19.00979250409931	47.3976936489358	37.26233023496939
16.69922393021637	47.16628593380203	31.77113179009281
15.220071912210228	50.03816890871988	31.761398861595588
22.102452274648012	46.33600982203727	31.984393822037994
18.828633458235476	47.45704057427801	36.915554267451775
18.641169656532245	53.153851111198804	38.3091756340211
19.58146630233597	47.167840482364795	37.21572719042516
25.63621743680214	46.09203759511069	42.074578439685325
14.927813882019526	44.512924643763	43.63984026899923
19.052195683256794	47.455334057008955	38.2455917163178
13.95830464814157	48.04364556189179	34.541700134844696
17.665801656061987	48.488776038853956	35.986446563113496
12.408078499890236	46.390680442464394	33.12981808314479
22.508856096986257	50.61284355105672	39.60258370222356
16.985989393197205	49.26983844394532	41.36987064400454
23.89441118193689	41.69851601172781	36.103180859461744
16.555458686465133	50.417865396349285	32.505336673127346
24.009726629290345	45.25163932791597	34.356044471631854
19.335723597248922	46.52519965961315	33.47889837963069
19.961502424935105	46.05297880839109	39.860341211799785
21.196515163249366	48.40043986584682	38.46564025244638
18.010840122896628	47.80587362515274	35.7580963271081
18.087996755886124	53.31402874330891	39.06713808926887
19.108185859792094	47.67132478828277	37.257455618584665
22.52149460773291	46.60642667103958	31.73815344626292
18.7036832610705	47.52911810577389	36.52197373761781
22.487478343900314	44.80857293156424	36.154253402881764
13.64764851010033	49.4097369185796	40.58006717262446
18.447484857149913	48.05383457934294	41.95699215502569
15.115008590909355	49.93523503331826	32.37216535637647
17.931310562810474	46.91774420954361	41.21354021558084
12.028907415675793	48.23994499004656	32.191389148883886
21.138056238672988	51.01173453692536	29.85134809722277
19.921119513803816	48.97507005826509	30.484619977104053
19.841899001439756	48.50249788860189	34.52510137294418
20.373698795308066	47.56397571231292	37.398747316808986
22.9317602566544	44.80861234078991	40.210952067307986
19.987515357447197	54.88146390848211	38.12541957469468
14.176480075417121	49.65056718703753	40.21162282304318
18.65153803317461	47.49317154698933	36.407007662861126
19.04624032640371	46.572359482792905	35.83944593833874
20.457961334862418	50.589278505596454	37.40936847731575
16.116853207777183	45.845339025803256	35.48853611569306
19.539642528733996	47.89991562446648	37.33195833213931
18.40693097695778	42.6644189842263	34.66662281636994
14.838203986813902	43.715639939419674	36.24504597821551
18.64414940342872	47.51567412257259	36.550210915474906
15.999828930264254	47.51322431793333	38.17234890614288
15.069903977533828	51.148689801336005	40.092408697215056
18.435040194107966	48.050796821054064	31.928397569260028
21.249269220439036	48.56486482797959	39.387930092292
15.511426666721663	45.77245002405045	40.17760098100321
18.738288563595006	47.72645793694328	40.10546387631421
12.021091317437723	46.49468086244026	40.80734759367735
18.721821877972445	47.53769196492124	36.606712418556384
18.974338538972898	47.95518350656184	35.607507009016
21.653287058940418	51.968804233667875	33.540059872108756
20.705793895319896	47.873810822787526	35.86322100875071
16.873959575879795	48.122532946538875	38.872071075981964
13.92418140640958	41.297243435287236	35.52753541971867
17.561031749975395	42.739755833483386	36.16347373940238
14.601788052825121	48.69582081597576	40.48562571781247
18.966888323033565	45.37514126672531	38.00852067131768
21.080630687800042	47.632040866532144	30.00114786948901
18.828565943241053	47.480410318901384	39.57312670793874
22.90732649640237	48.26752744832397	38.56832324822206
18.635393197909732	45.677190447064994	36.49958374056007
18.60939719912448	45.06846135125815	45.08234326475261
18.487097446606146	46.98889416359139	44.01305230271008
21.354529711851878	46.46063030131619	37.2433531385629
19.190572395706226	49.827651571278864	38.63564901238621
19.341217723398046	40.580275385171674	31.033447660407976
18.621303075972296	48.2196776420932	37.13391357224452
24.54833192825993	50.01243854864518	31.324582762796016
11.599062677139566	44.92773847754442	40.75659512463181
14.95222627580907	46.68669502837653	35.25993604465041
18.926528517218056	48.3281458857804	38.92474143875749
16.292735612504625	45.746141678183584	38.21884192652493
16.788693090802617	44.4656234830156	33.8392838893349
20.277540988154858	45.93283615039944	44.909563077095314
24.98994499680828	50.97990528753226	41.328652746411876
14.408804260250678	53.37477598616215	41.262720535694115
17.981490075643023	44.64404182044901	42.52726137048072
18.98678223088991	46.31834262497916	44.353386529721725
18.901219966378967	46.46068994947257	36.81668478108435
20.56966104327528	47.87795745981154	36.81418610902919
18.02659267931619	45.91196736874281	31.783503043687958
18.054027116396966	46.878083057789965	44.37408497593884
21.557281520936694	52.771865330844825	33.06353802195871
18.42744331456127	47.85684133584313	37.791189819546375
18.566260610596913	45.01053061630754	36.6592442469093
19.15450274287232	47.54532229802764	36.917762775096506
14.699998848758607	52.1416888474583	30.226818459463253
24.662838312319344	42.77847607062388	35.43620018096224
18.752965657575704	47.48964330896559	37.439694449472654
18.797517898843733	47.55423629659612	36.515956092240266
18.562757136205306	46.93574719494034	35.63518359544507
18.355559910047422	50.40326588304875	33.50208482293991
13.939669029592185	43.405867310447256	36.504072508777135
23.007340978401047	44.700963134987006	35.03358652094121
18.79874255831575	43.61482614072936	35.37129305801465
16.17560812161481	43.917231168233286	35.983894397752834
25.10436445578207	48.916693628217004	39.67117003653
25.705374181191253	50.13529492466894	39.01777816236429
19.068736234369425	47.265531204031376	40.587349313757976
20.893931165663552	46.16962437189408	30.639501381053016
18.26483316327515	48.318434382249464	33.95865435138756
20.889901276314973	46.4872595492095	40.19784708680771
18.70659250910974	43.960570762764505	41.07913580441036
18.750058901575485	47.494299087173395	36.12133145746953
19.981351503593714	46.54544991161221	39.522457930648756
20.13741053130614	47.32970294409339	28.369960844331118
17.24789530695176	43.89835023915883	35.541946624587546
13.217682886160796	49.49653397287088	31.390481117720455
19.20151158471179	48.3346120578896	28.152414002010268
19.259724557038442	49.4349317503048	39.93932988583916
22.613935480740384	47.41809014315473	31.333547127287783
20.719672420588278	47.25683188544252	44.588457291447725
22.14843541956387	46.16862473074718	34.79829927691544
20.997127269719197	54.29648270765932	38.42213074215156
21.03775069030971	49.17164575938687	34.645665865400375
14.76518703186846	46.55733212263387	28.66643896088086
13.603901605915269	48.05473024798381	30.79630874503676
12.36393364697335	47.39150479146546	40.06971436140409
18.858698626570717	47.49074114240297	34.69548821614745
21.867330436003765	45.47071748833196	40.00333556730466
23.40563072982493	50.07371675535792	30.0948791978409
18.591326391983905	46.54426544535442	29.7333791535017
17.69320633342044	47.075045846694685	35.47717052262591
20.32065075929246	47.501623970445834	36.982869973364636
17.373115099088917	50.13200422469302	38.63054642565083
15.878654424310358	53.15099518971125	31.935306366454697
16.421776087453313	46.828698185010275	39.245022231796874
16.102121522716153	47.36815666543672	29.941197675018508
21.488518294653733	45.25994447149616	35.834388740216355
18.494103979012035	47.03646209063394	35.233527223822456
26.444051622092882	51.60617594824735	36.558676533013816
15.82133172538179	52.1527757615592	41.889617689307116
18.61987460318313	46.6760123195212	30.193215848055853
17.91460246013576	49.422888634487926	36.26417530327724
17.95189522269598	47.28840921122024	35.757358016066796
18.729541474589368	47.52784430418376	36.64275040048661
16.210695333234494	52.991883897866366	37.88327514355939
19.627572383726797	41.5516454034679	38.06043115325337
20.758304091591746	48.89071124117272	31.23397741847916
18.81950304794528	53.258643314374964	37.20793550018859
19.035509713572992	49.342405141184415	38.31405449952588
20.71550847926903	47.651915051606565	37.52175531472387
18.77650989238637	46.95862744089318	29.581922646836244
19.051152148084654	45.58366277434017	32.0226909837763
15.651230168040726	46.26149700090692	36.76968104604262
22.012314322920297	39.857355408414364	39.886373731087794
23.713789527568746	47.677758187263606	32.82279719653889
20.875760516128945	49.9847431361894	44.62962736839678
17.9427005239464	39.68561065759864	35.17883836979541
23.11212192670327	42.08177402866982	35.054455170686005
23.171484020096532	49.26223694499126	32.039171438872806
18.56135317238979	48.84143798640697	39.823612221624145
19.533410886026097	40.14823049199803	32.01414416430948
18.652505624605226	47.458000189945366	44.365475751089775
17.986333996521644	47.82980021160698	36.48281881083772
20.318338391481653	45.06745743213865	37.86703261260191
20.514387749027705	41.925345813564114	32.176532422473365
13.36764216552201	50.82630928305712	35.04762232175754
19.64454008294271	46.42831742453163	43.17472679926821
13.835710165175549	48.332104564207015	41.18144181958072
23.57578133235585	50.584059025027045	38.93531478933216
19.636463248980444	45.78160972962396	43.43252933710592
21.627506829327004	46.38922978306091	29.092862518292915
15.675281983675259	47.54588158181761	35.067799021889044
17.490392973382505	48.09705156299611	35.550366883267834
21.28705695652375	48.079608984999716	30.99608174317464
24.056091271634283	49.10455478102149	42.276074383181076
12.826586468792785	46.11340106900042	36.26007329915604
18.71461703113555	47.53985547216829	41.028832071699874
18.48621250354325	47.36958684492044	36.60568354377477
19.153986587346786	47.40688780877047	40.08636693182669
18.257248565027048	44.715846157445434	34.01363144044603
12.550015389928053	42.13100231049992	39.9415917654189
17.87309283434144	47.337214848755586	33.65530278644377
20.902357237979256	44.21010115122038	37.007025702814126
13.995534755779476	46.16751378273809	41.38926035661931
17.8702590258578	43.55308732231179	33.053572692342044
23.53112541371242	46.089143617794484	35.20776688653693
23.053912550252104	45.09762145097838	38.62646929795255
18.690636285375508	47.44724110349886	35.844401491219934
16.335789271512176	45.86056416238465	39.33899060586722
24.98157204869225	47.61192700800323	34.76166579795733
22.183939900613744	44.04656519237296	38.45045406089198
16.8108432387852	44.51846657061391	37.7807263549698
18.212833760847694	47.64838069681929	28.71057165715372
12.201264538974467	44.83984885466228	34.808627447130256
17.040788840087117	46.430836478299526	41.48701072179368
18.045790609192903	45.6295608539513	38.3258717315119
18.67921082274471	47.57549008788581	36.88938166992188
18.751449872564542	47.11834249030871	37.42152132945581
18.6481229148787	48.29720979251115	37.17978188442994
18.934767384967092	48.056370020723875	36.49858425418234
12.12522189740897	47.39698620211501	36.628800649876126
18.727639606115115	47.55827421480891	34.93169052584139
18.7556296256383	47.57087244143133	35.773170126331266
19.612935612006495	43.849914610985785	31.113910586341646
24.102742266135486	50.026191775430036	32.36665001830782
19.818822593750866	46.891024994207925	36.598340392659374
17.477054897857084	46.117692775440105	32.106401153940325
15.732990021927098	40.38291215314753	37.32951679703092
18.45507337433013	47.55653570299069	36.1877579723404
19.574585959490463	46.1437687168129	38.90891820993677
19.15378761330895	44.73212486425362	31.76692415830689
18.538399445662318	46.97435276159553	34.45464868954311
19.27069918576929	47.938865956457974	35.24831534006384
18.22558309058245	47.88426573755694	37.02040753378509
22.73370410361111	51.21785289768583	40.350952665304916
22.589377950236415	53.15366430354452	34.795320031695766
17.487131681055196	42.5451246464112	38.27688451384335
24.914393154295297	42.780380091983986	34.68883761324796
18.395373023219214	48.87791634052377	35.68415522500847
19.31830820893235	48.11329060037164	36.790557351272064
21.48457540290456	40.51646895782569	32.110126341653654
22.14871503493818	48.13701871258242	39.253098252503385
18.81375705242596	47.31576519147668	37.383150511569546
14.18188432235025	50.042647540253974	30.712023870842053
21.535577599003034	47.69336714874187	31.064112692775193
14.958483073827917	51.28471380840755	30.39339441488389
18.50902423777646	47.01011719087268	34.06051610682385
23.57998420731717	46.94378099981053	37.919798721843335
18.141101642502345	47.79918502100374	36.63592069693222
19.03537360447476	47.82991899166414	35.75936117936138
24.274584863512228	43.51343616177035	32.62222093953488
20.365209991627143	45.84334116249444	39.803148378859305
16.002960631839976	47.49379334730827	38.26049591290121
18.329257009636294	46.70571292504378	34.192094371787
18.06010899515239	45.32428296594583	39.48060980599404
19.016803072285878	47.59696306910928	37.508650176995886
18.775549514241572	47.633526444777914	36.90146490337814
15.317339143896898	45.24803252414758	42.118077222084864
22.257463087236424	48.53354550683709	29.297430203090457
16.173182445034964	47.13769430232592	36.77787024111956
18.502267451758655	45.63804379094636	36.9461758581461
24.25314680253157	44.73669169552132	36.59100118396402
16.506925729820534	53.176829426308295	31.644127345349894
16.069674599585298	51.23177909472034	40.68330941397297
17.67318814612575	48.02904028517887	32.867980312303025
18.688785784482224	47.520806154002784	34.7150249400044
20.934522615925495	44.47929918032565	35.51224407756227
19.031549747074802	47.15776531872305	35.82261346553345
18.686083505641044	50.450499623350176	39.065777251505246
17.331504962928907	47.797845810064786	38.65308893726283
17.723128712055452	45.826246053573726	37.132511680007774
17.239189815658513	50.206999753258515	42.35355842558873
20.24999285255693	46.55801997568904	35.16013479112606
17.2975582108871	48.07292140502853	37.202807560422485
20.275161469220173	45.902532954040915	36.93501928944714
15.126740582472165	49.0691961550611	41.47261243301291
19.168932825349117	48.73033837371953	35.678093849479495
15.84805088230364	48.360886836033615	40.11105605569968
16.833102630444834	40.651942717674956	37.09333358617218
20.259344619958334	47.654798289220174	36.954669419778476
13.772319977219569	46.76406859784214	33.2163516586928
19.42256133271895	46.69070949435195	37.08214177872521
22.39606148604752	53.88092785916396	34.836413332245655
18.020982914300596	48.00225602497661	37.53325291705582
18.08443462751111	47.81063152772953	36.30484268432837
15.028322321227497	45.961195721432254	31.98635496870895
19.975586259415703	46.66158927964791	36.42995066929027
14.694428642472758	46.24968835099473	37.97061486853169
22.554357703547105	45.310288737205276	35.09939276827169
15.189394726775596	45.27341537100495	40.39084871189392
23.20611355203383	44.49127082262645	31.101953626929156
14.955273214673063	49.08378340843888	42.30612273292871
16.667957581677456	49.79229261268205	39.71627813250029
19.055090232334017	48.74339629914235	28.613918184772313
18.706560410831898	44.95379489224472	33.97623304029243
18.512996671919904	46.746591117595315	34.89664949448092
18.619472563490156	47.81188981990317	37.24727034805019
13.06871749569379	45.71967501194353	34.314538002941575
17.451061004045968	47.32325650622947	36.648780580759414
17.21054940455822	44.52161957242153	29.7717351092226
18.022189048648052	50.94243464098991	41.757711570472615
19.490508922470813	49.60923753273831	29.779731215386086
18.75731002342256	47.490975391058	34.77315816859096
24.70426264866339	49.908104547251725	31.854469430586455
19.125714919039495	47.5924311199497	41.46127981116824
18.92467380737427	47.5886522395877	36.633044520765154
18.445488446500686	45.68604330591297	44.31100028936037
18.26544565236725	46.50508577413187	34.86018833496445
22.261928207824795	46.67833719687849	42.50654031329363
18.57504616369368	47.745061469889514	36.63648928482814
19.24758652182727	47.45568605381779	33.59503226506614
10.97587251855358	48.69606770147309	37.80088873971012
17.725228682732375	48.191630377503806	28.589083844614528
18.32977446057322	43.05476069034506	37.32309621080709
20.778721040068064	48.992017184476246	36.74295315639692
18.356113253278885	48.05085886682551	37.00717074431996
18.65970230652291	47.4990472759406	36.639859374169205
18.10559371843859	46.41283442591835	38.281287374221534
18.660377945744983	46.962123845548405	29.71580277170231
20.000006281543097	48.34565818730641	35.52428796910824
22.583606364253114	45.45057096047434	39.81666958673762
16.96567972910381	47.43688647134453	36.09346957911393
15.239544196857779	40.172870165327154	32.94596201028363
18.216368675060004	47.14271331177376	36.39602569761329
18.756615935537383	48.53617962325333	36.805487087508915
15.249639960705633	45.308379214722066	40.17216328324816
23.250610155898855	46.4715977677445	36.9900106233046
17.756103146544117	44.350063736850466	35.44364447181513
19.090720711329876	46.8874784066099	38.8112430067652
22.711708793284387	46.27631815901414	41.971766169451506
15.835537059009969	46.79926831367392	37.84598976726411
18.42084580038146	47.37359227547736	33.73673542098483
22.16895305005244	49.97010885157027	38.33386083666316
14.385017695682574	44.52144913510856	37.24661738765342
20.598505306673516	49.38225665130853	36.12992018352465
23.12737262677721	48.59908661081855	36.642135084115246
18.959595681694825	48.04666386816604	37.35791216507005
18.571400202702897	47.44822133746396	36.460897802577186
18.051206273001828	47.72362651733263	33.04996073828136
17.533305589027172	47.079756770906364	37.33269951748997
20.4189740773095	47.58247163838207	43.256018081782365
17.241698759850877	49.10327593629861	34.38929524651365
23.263584957745707	48.05168343236501	31.0565746677945
15.725627151105188	48.907686366691664	34.761615560899216
23.158961749247112	52.578446347530985	34.48634614841038
14.964046216519883	45.84834960102912	29.313134922052996
18.114377971625164	49.4565176044157	44.8165562752187
18.971003762571147	46.343654237315164	35.875099802232924
18.701736794113984	47.51026488502036	30.997390956980567
20.65208535286508	52.75037258208136	31.61785861446269
21.266501568203232	46.036896103984446	30.298636080466498
21.44439625941655	50.67348297231496	34.01042867268235
18.51007497565294	46.73472070471982	37.994390328477195
14.681091510434008	43.012686159118154	33.60742435916741
24.259817696367882	45.63851461536583	38.501374360352855
15.908843161682507	51.084895160611325	37.950983231283
18.202651894281505	48.647301284537136	32.865948693121496
19.516978641472093	45.50833176233025	37.0745433250609
18.789046146997975	47.49955100149902	36.57826691079893
16.56070748447417	42.36761728892214	35.641290134303695
16.909073238813512	46.1713425828043	40.55888792608864
17.08900024468135	48.60984225379916	40.07894237995219
16.48396753207217	46.40471690121653	35.557513833873486
12.16989815510393	44.94959394574284	35.21129378862216
15.006787794794434	43.756606094014266	33.9488182013696
11.983315726261214	42.97502883340907	37.326646255268884
21.70176738879156	50.57926400920554	34.17997686127446
19.54011183356049	48.05874008049338	40.75916437626661
24.288394387864134	48.63085420458764	38.769799292827855
19.02881077626308	47.23902981734372	36.481727173860705
17.299353937730146	49.780587027844206	42.737449736766266
19.285953545685484	48.029146027455816	41.672539209028486
18.974346382341455	48.02811031394237	34.269565281924216
17.352204188614945	49.47128547520698	39.9722216345747
16.064618424200493	54.031691759558655	35.3356311339094
20.466401179714435	46.892759016370796	31.004026592104097
18.126678846126715	48.31246941643286	39.823844467812215
21.85201376198013	44.769809973820074	35.33834589703835
24.46432894587722	48.20565478324641	33.91482690411917
19.108137656109214	46.3763729904552	38.225768462962684
18.40173276064283	47.50466601481975	41.616868412013886
18.761204073736728	46.80632335985199	36.89011315094348
16.61992490554945	44.749381119466264	32.25440125931571
21.7565757159837	46.142974525835804	33.32331858074005
20.165035226115446	47.86641673904139	37.46952689529161
12.80031724695153	46.08973199491599	36.087684862324146
17.53977280348396	47.94953742130015	35.840790044497325
19.26612446519306	47.119923067666114	38.65223635821139
18.601980773666035	47.71704459017808	36.21252079603263
25.551317396821688	48.34474243336733	30.88103328347242
19.121064138925625	46.845859616411985	37.2633677717193
13.795982441101213	50.47485978768974	38.01109512538066
20.99052250750859	44.39379018380589	43.37796703425518
19.02820321422303	47.447223143816665	39.70669290575666
19.288234186897526	47.99649837752028	33.86613138928578
14.78153925688234	52.38560972003597	40.49003268049582
15.715369742639067	42.906975058607784	29.730392540865687
17.711219321157657	53.820499879724096	32.89324119280583
22.27312765628845	53.08098769826283	33.8500825244426
19.536263217349916	47.31305131282354	36.72802850178732
22.54337735825107	49.23901283102608	39.02705882584886
18.63196368731693	47.54663806242852	37.96318171267206
20.200951002225985	49.11523703398563	35.19402596879194
13.970950570048917	44.31387223566278	42.816687142057624
19.380749894304795	47.08566305193214	36.236879125404556
17.431301839809827	47.036208344224704	43.50016224439994
18.79957991257886	45.98311590936488	33.7405644630844
19.210354375805142	47.053507424882305	41.51774843390793
17.38089294472409	42.40351665918705	29.92757302523191
18.944752570487772	47.19183382551834	36.143688564904835
20.686404287031586	47.12711988674099	39.05650360932702
14.064800564838611	50.59528973719139	30.346842318442235
12.545631221123953	45.7451282865808	42.71162931478911
23.683780088876095	51.807120877014015	34.388627031117345
22.730881562695565	47.74603651977843	43.38873206554887
19.56578779656014	44.395461679700375	35.210955412334236
17.11050959934265	47.70747817568712	36.098772612042474
18.32740087810928	46.1279480333102	35.55833383973758
20.836207566551785	52.326629128663	36.28128415234105
20.57671560403938	45.21483297467948	28.875784918068383
17.340762160164893	46.79318857609643	33.08300374456565
20.57644655409105	45.20303253763978	31.50515533925492
14.674793356494304	47.37757794984309	36.18903699123051
18.47625990173112	47.05701046762051	37.16430672916141
18.970262128341602	47.19358438988246	30.757717153339883
20.787153245423944	45.290846580684864	39.58584923221287
12.221686242734233	48.16694042525714	37.19222179230882
18.776364496798546	47.42995083622755	37.14020600110828
19.427145248391422	47.84967705710701	32.49176884918418
16.40155394531575	46.96756241338828	33.080443446418116
19.306530462640904	47.372106023427165	40.576664898091906
10.650874784260163	48.50304507060913	37.80972047820391
18.54546351066386	44.98628708068066	34.293802241133996
20.53497090045052	45.6269546934658	37.78643984009892
18.103471510620395	45.743283391089655	37.38381132743628
20.035140654905824	54.88745369865735	36.49090991084003
19.093811581453306	46.24746892632334	36.412639615201336
13.73708242181973	42.32425801247067	35.87462910391472
15.370119421552966	45.83243663633888	40.805309001312715
16.307877231924664	41.22267334923963	40.64689114877114
17.66183165690138	49.68553934131093	33.22642764252247
15.048983759453925	45.47142063108071	31.45625265011177
16.847074682761736	49.157141483027715	37.28344121602188
17.07340059087891	49.41992278559039	41.73703696625021
17.70674948096956	46.997227634853175	39.30189479872704
13.824408894431679	45.526004210788024	37.944380694815344
19.914153324072906	47.55545525186676	38.483141449073344
19.108128095168052	47.588764811216876	36.37439596293826
17.592531978810477	48.15741525572578	40.82491208781288
18.105357016063042	48.6609886557835	38.85396751637073
23.16997147421787	51.0311523967454	33.8515644395024
17.46473080429731	48.165872806807144	35.820310902672496
15.078060000980251	46.15705806783837	35.05832064224161
17.091003649549457	46.04326761186632	30.608476628846006
20.219116940355246	46.724113346616974	33.673149111176706
17.18382947778317	47.861467010602965	37.53752286420853
20.193091825024673	46.99246268974001	38.544137858562394
24.563394280990835	45.08418223548523	33.26258715837516
18.24244979395397	42.07289007190768	32.747055394120586
17.295760598648503	48.10474864794208	36.82024025201862
17.278856837012253	47.77153388742938	42.45983055231891
18.16417022259071	47.892293699776516	40.662119289555235
18.03040031625551	43.14187423466007	34.71288814993066
20.19522208570571	49.789478465002546	32.48283783650003
15.244442120968184	49.866530346198374	35.477670952409525
19.426630546806845	46.93062739886669	35.39139641262041
20.42961294503518	48.958620111551106	38.27560027143829
16.658551856789988	47.842497224850355	42.011059176928235
18.320835803915816	48.05494941226833	40.89172776507465
13.620329645689182	49.71307538449048	32.15048165149686
12.023149586179322	48.20936177908654	33.36438737299683
22.97774862270708	41.53630659751234	41.65568240942502
19.906562969349732	47.563042441552625	35.52173368193581
25.107939393711654	48.892187245272105	37.99249406635378
21.388529863663862	45.80400636544077	41.88337886943455
20.17203181705209	48.985307094615536	27.837552221684234
18.205573555264944	47.555458211364666	30.44543716917534
19.584688543131612	48.66920633898282	39.9831195972823
18.69682893908469	47.48053180651133	37.03705019282269
19.60226658311235	40.79668522987758	34.91384187374122
24.279479782920635	44.959395804431715	39.92644954663138
15.485838357567854	50.09766978195556	34.00432380755221
18.78547045116465	47.697658146750015	33.43785481119406
11.97934700180657	46.132292181326214	40.021245090880285
17.74894695439102	48.291453655741066	34.186202597769665
17.598039621843082	47.86409057603175	34.037609119721424
15.672027090649518	44.882410545038354	35.146122566100274
17.75298908042257	48.12590181233617	34.96702924087275
20.9129826059959	45.80178005696207	28.67477764399253
21.702575224505992	50.589120765770495	38.329071493527685
17.436751429229076	46.1028364225641	39.94947934150286
16.138299792820604	48.43182361401837	35.65502427624415
18.99152325352015	48.42863812000508	28.42565630545513
16.140008782580452	47.06917546769534	43.112421597893785
17.559518123611713	47.6839007385955	35.126512273000856
18.864887472793736	47.470775429606775	37.90252046592719
16.467288467031164	49.07158718300146	42.818155898615316
23.433344322117115	48.853383092924474	38.2869269071367
20.172127107275468	48.55799066084309	40.13602405244422
18.69211707743758	48.37785299067957	36.807805474703585
18.808176138459004	47.51008796546744	35.80502220982233
18.215960429465078	46.49917573572289	42.995920200271584
18.430855328005418	44.937923063666176	40.013391849908245
18.35812922255693	47.53157112607808	37.231800471838376
18.149446517125167	46.91667642821133	40.38711430092503
18.330752071802653	45.677699139732276	34.79262780263221
18.55881611522894	47.65201814855002	38.022704602672796
18.678755332930923	48.38009215275405	38.360415603611415
21.509577970475654	47.951225728848485	38.18167181071111
16.99319394772123	47.4185962193612	37.87571805027931
18.974915949452352	44.54429074030461	38.43121231400916
19.796894936446716	47.01593920146514	28.697264952878577
17.099677714622747	47.33950004419206	38.126464276305924
17.802399573491872	47.18530001590547	38.482109100059816
18.849073858632764	48.626761733919686	37.426327805763
18.64289609408705	47.50974606995497	38.67690096096756
19.769079492449453	52.12773982806977	35.04164528380033
21.395983795637267	44.217634044593375	40.10492422491771
18.720728031875023	47.529295053601274	36.48149387134836
19.508030035374528	47.586962546405964	36.16422040674737
17.27140258700172	45.45571690372544	37.71108673797718
19.424629144232238	47.51399009457068	36.81245888799264
18.61330371421111	52.91808148684129	29.898188866926883
20.55232203617153	45.479430439597884	31.09285241545561
18.776147689269028	47.462150123231204	30.097182028403388
16.076408046907424	49.61088517467158	44.66441026650603
18.37936249397773	46.042152489581454	35.37944621742334
22.97114549572767	50.00481420971485	40.23451812653024
18.322209025219415	48.32768285308652	33.55817183684828
18.422917953781887	48.540572059315835	35.497553025829795
18.454229406757843	46.901713393985965	36.46425939702066
18.884159774732122	47.565358489261115	37.20522332279802
16.26531875594265	44.79039152605107	40.52189798406875
16.720393189078532	45.20997369255219	39.56921220341373
20.250379533825956	46.75333095593156	39.0117643428008
18.379622442729524	39.82535741431541	37.954359759636525
18.430985492159664	47.04422969055583	36.4518110511984
15.309742130865146	47.3288357696087	40.682334001824046
18.845629565409155	47.297163822483085	36.622839464387134
20.67495496922313	45.57226100395295	35.97592545758716
21.31198407366174	52.65400164067689	39.98667345167433
20.401073149435586	53.62661066375649	37.53156390694755
18.319813721796518	51.17989312287513	33.978851367957
19.298994075367023	47.78377545263843	30.018559200788037
18.033547265911093	48.248669283450866	37.843199052192205
18.73912281268963	47.53155580684179	36.539994777133806
19.508920234437984	49.46480507502298	44.10559821298599
18.721856617703363	47.52922427039717	37.05664215476841
17.373899199220673	46.04784767997997	30.453780126035817
18.923381755387716	48.05052367269841	43.0113794901045
17.509339889024055	48.83393929888275	31.27876413413784
24.54391751360132	46.94330715342444	34.22283219481015
18.250853470253084	46.76672856008594	36.02175522209462
17.087709050819917	47.184857612681824	36.63492417108475
16.20768229755235	47.21972121920938	32.63126478974671
18.598361816325248	47.417869224416435	29.03027815298146
11.972569871970862	45.911911421177734	40.58183758367243
18.11115391973698	45.84714382983905	32.68447590508624
20.743884716852133	44.83762892250121	41.06908759658082
20.803857492664505	46.10579050884754	38.932643821497514
18.490630102454084	47.68420720460638	36.23311655961905
17.05394633869774	45.13263092705565	38.865761453285984
22.183845073451238	42.41091047567155	36.16580308303808
18.491589357497908	45.17218508855351	33.18003272157785
16.129526151183654	45.16659889744637	30.85007109151758
19.32839294326173	48.0730571691353	37.499501516312684
19.309174007632883	51.99797234915616	36.052082773652245
13.757283598660145	44.835351543339975	41.47233120593754
16.41054244298433	46.99413664294817	37.98190419778901
18.968657114250657	46.14147005628657	36.028316777615856
19.90296382672653	47.60366501124311	28.95049175730578
14.076676504115415	48.2882030625334	43.63530157668972
20.144772996315506	51.95297955239677	34.63705500635929
19.742363314411396	46.26069069879464	39.77670856569199
18.25327680313606	47.687098444726765	44.432226625759256
14.506207322101435	50.386012944668266	43.0902758973411
21.968735102784883	47.54494716846666	30.476216988752522
18.6397550185307	44.07290654765726	30.999015090551865
18.92566719498653	47.685722888067474	36.48152900460839
19.352388959111654	50.18895785722133	39.042284182288945
18.514920713256128	51.42684984844337	34.914363481974014
18.483607359531508	47.519683300329675	36.93746086675839
22.436949523879832	48.130153114396016	30.56658895968374
22.988449277145257	43.46559284328602	40.41834982379213
17.94979811440316	46.175992416891994	36.78243581712515
16.994024814028844	44.704836712564926	41.86460466014382
17.674506859358434	48.168225101391506	38.90158047125583
24.922046315712493	42.99408618702537	36.47787911259547
18.305637470513766	47.663358602503216	27.653460027201216
19.153581132543504	52.7762999772135	34.83039912028719
18.42880443866518	47.655501544956344	37.174951560315876
24.017105847313452	49.97364144347556	37.533375388852456
18.2396028605839	45.679103219357856	38.91775067431206
20.40484454416678	46.173730839330865	41.594411938395055
12.413171942031765	48.29756509385645	35.305460997130126
19.050822894946116	47.21764688326745	38.68387907140661
17.979696099906096	45.92203046679435	40.45343437024914
20.73523535405249	45.949566976104784	42.31321969481869
15.397782202698238	51.2743609429238	41.87475477962505
16.859950686512626	50.71743045495435	32.16216743999962
18.83852651465205	47.662351191158955	31.019374347888206
13.174718830998309	46.51207466568891	33.75174673487689
17.79314011842502	48.824688128665265	29.94108982710661
18.246015019597483	46.904509535903166	44.1976806238671
13.459396699278564	42.913506638969345	38.77413748721218
16.95291945765043	49.67393610214343	32.184218442486504
19.488989420643772	52.3296308202144	38.47412609642076
21.991969455881176	47.93128659476072	43.34065080444104
14.787154650001375	47.326674908773235	30.21778258108607
23.417054059606805	53.65758010228967	36.47106144983458
21.516004182371276	46.434386840948385	36.431798414808654
18.728739149750684	44.02656664685744	34.07978044017119
18.719805764855145	47.61647233407184	36.636560740157336
21.457627668955393	48.63422889048489	42.370704194704786
19.113952230282724	47.974981681642866	36.88195604424774
18.725895375635687	47.55737285364933	36.62432280887301
19.722522574588282	47.87888575984839	37.58480419735534
18.613333165475858	47.51078773552009	36.95257880174654
18.327581995119125	47.223970404584456	35.69343799290201
18.690435271181784	47.528131618652424	38.635105101878054
18.973627470309896	50.69955862727509	37.86690359070893
19.82126378510481	46.18362155868609	38.62618520815842
21.178089511417994	47.05231804970745	35.222059212636395
20.466307630806895	48.38968239480272	40.35687460389633
20.76069705546791	44.55396200793161	38.93610274837004
16.68738310473179	48.418233150098054	35.53753509234146
20.81184270909712	48.11145979064128	37.89844455807991
24.656897158923275	49.96932532995804	31.817149957825364
18.58900316666959	46.92136461030389	36.334200683626506
15.707360344859925	42.84909920465008	39.52098400334106
22.71227187611595	47.19196070680704	32.94569516548696
19.944645268720983	45.40299288517912	40.7162444444227
15.470791287321259	47.877610222649494	38.11643981553025
18.86184474139253	47.50584731455043	37.163861736839245
17.761816253198667	47.611676090726334	40.55029169817246
16.46442015175952	50.020295539875846	34.56700828370199
17.30290384077015	46.115593096024824	39.00875255493448
18.662642061164604	47.482724657800425	36.56843654002911
20.501416104908674	44.53158272280005	32.856021407514994
23.220116631681655	41.35283650126262	38.75747842862559
19.902056719151766	48.2434252134481	39.05557719489792
17.241421443045866	48.837307379011314	44.76419901391768
17.804129580485636	45.504211211655075	35.63353043641324
16.457487982534428	46.782000185839635	35.374343739858254
18.57100880804294	46.69364825548971	37.06215272690922
17.365048047556428	47.17508819383124	38.13265583875615
18.557672836596563	44.01683296535398	34.36604339115405
19.981293466514305	50.24086090287462	29.678260614800664
17.769215096809916	48.73667985596624	28.593424466646198
20.538734785730092	45.77110979574058	39.952637771272194
15.622046248029742	51.20686263094835	38.09348275785612
18.451920055439892	47.579383336236965	39.24936974263086
19.17648213494017	48.08830992858402	37.61838592207014
13.123800188009916	41.84046026097837	32.72488092429121
18.712927129856457	47.55213744885176	38.669713266087754
15.648814545522644	49.94443188255973	40.32843060358093
18.307680771610958	47.3603386450474	36.886548022398856
20.732809459588612	49.13705320918078	42.079187660190904
20.828115667681633	43.296136390721394	41.49004373552397
23.547907415819022	46.355061958070564	30.08918206156558
14.812452866136443	51.8724927111715	33.976501049798735
19.89409094446176	47.730190308517955	36.117642034437914
21.409553238206616	42.82581075746414	37.166685859628146
15.766394933138493	45.207667878089595	30.204636563142966
18.336387223790275	47.02793638801393	42.41541720742193
19.64131788532081	48.88849210628368	31.29153036703974
15.626525496201388	41.881953488395325	37.73836922181714
14.758897343867034	52.03910337279151	35.47423952315215
18.669163995017822	44.7196787296657	35.15878863805169
16.142742789582805	48.776423957840564	44.77234958854913
19.67806938272146	46.345172055505444	40.21274800143789
20.433293699682174	45.417870378027146	28.60872789511742
19.102330040746	46.165480455238	34.00656307648994
18.430576625732428	45.42302372964222	39.40121169896792
18.74568281059708	45.86037313955085	35.94458042917305
17.412953694279807	46.74058775295228	36.0587976949093
14.54672127209134	45.85649061527717	36.86816991695751
18.1076856446848	49.305777411557685	38.27905917820277
17.051644276654486	47.942163043618706	28.166574829697307
16.00436187387281	43.81369585677588	37.001116060309236
14.884395264696385	41.731058499898225	39.922590852655105
18.957719956717703	47.32766662379713	36.805838605361814
18.18467381793069	50.218728613693955	42.46607436840004
18.596704529140247	47.66749788667253	44.64569874687433
23.22174568465596	54.50632811193442	38.950462753990024
18.726463873613277	47.534879325237505	36.768302067999635
19.349684520319226	47.22161492413653	36.74493447393812
14.984663920944438	47.22711122582092	35.542992048860434
15.683837360659803	43.84313585687654	41.947461014015595
18.517062478924252	47.36082920887476	33.855413788402245
19.064527976059342	48.557688342364806	35.43213760507342
24.280463853688154	47.92449100000627	39.585433817265866
19.117394838648615	48.81727822917362	36.091250840636036
19.296477392864034	49.02134143204125	39.31953350161008
14.853510087560611	42.88566542985558	40.42796408964825
19.71036508501665	49.7416039174978	36.49919089370965
18.742576301041197	47.480078909946414	35.68945627165578
19.972044728896936	47.229704124263776	41.59721583155293
15.490055038509803	47.382200737034914	38.56416418774424
19.64798100941705	46.550242161485194	40.500823302989716
17.510968090492433	47.15129254727281	44.62212861027438
18.196952398649504	48.71320789645335	28.02732271143416
17.94064140641954	50.30636253778801	43.44821476296316
19.369341569464225	48.248684179085366	29.85742528715376
18.571463615209012	47.466120693038704	36.65937151248621
18.932879119120788	47.19136743653873	36.79750328728079
19.639573918364782	48.94084820751462	35.00906804527971
16.36893810562045	49.03811786418582	44.061221567225765
18.827106062532877	51.233489999662844	32.608820768725266
20.132463536900275	46.42352538418036	37.94325193821996
15.70148158990246	46.21636707792848	39.48713936022188
17.976310045478623	47.35849563106925	35.08238199885197
16.94794620388626	46.80027936433175	37.36217694281622
17.05287495128514	47.50414804348387	33.132284491532864
18.157576376274246	49.41527911355485	34.807642247071215
18.765680785677766	47.54812190251885	36.61901211900622
17.544754989799934	48.816857019998835	36.13900096378423
17.690772153121298	47.72924367162322	42.94245012428557
18.261454681995833	55.8927638976527	39.54957097137005
20.375705409541002	48.62437690968353	41.43836456373802
18.705504113579074	48.21951146682273	35.61105055859262
18.817124566420784	47.31288418277147	37.98969957939899
15.925214190481078	47.622964034567445	43.45729500064119
18.77684504729645	47.617356319221585	36.95812243909085
17.197967275280448	49.611632427246136	41.05885548358666
20.719279540598702	43.09107340052717	29.064420304119544
16.964224356438038	52.729809150848126	32.443674000741346
23.92370666910371	48.891859312793265	40.2335733065643
18.720644892922138	47.76458272693063	36.8501598852299
22.27199145116056	49.73216738026657	41.0696368759763
20.21750962600781	47.80293407268672	32.61141964167967
18.928960996866067	40.64555721764059	37.22244531435382
18.417867254756235	47.04374671794176	35.092210970395556
19.414665794182014	48.93112525054461	38.57355385397114
18.48651646592153	45.61850569698625	36.72616637645327
17.174623117038017	48.66763023058892	40.63164578754096
18.990554927784284	52.59295681255403	38.57366196650293
16.23370657574074	47.61948298972158	34.90084910440672
15.015952829181165	49.249289919152666	40.11516143239426
15.866503035786666	41.67520519325556	34.98215739836668
18.192536697357596	48.05215252767354	36.896780848305525
18.71422260093075	45.283110597445095	38.72540501293878
19.031541966155352	45.35413629420848	42.65471614282635
18.722757180237465	47.54079618573496	31.80841664822141
19.702079569855833	52.60802874168998	36.27199797926696
15.501518408224653	49.53287587808248	34.783718007928556
16.466027864320413	42.74244075043128	37.70793482737415
16.409290926707914	49.61130497918063	34.796589763310735
18.07854934195933	46.426261375285975	36.78287748504832
18.447748245099003	50.10202790401138	36.07765697705818
23.570557781377534	44.57927115055819	35.41843649248858
10.766628770864848	45.326633695688685	36.955008687640536
18.146925386586105	47.15338973271181	41.85703165467749
16.640747951373804	49.13672697589861	31.616254838252576
26.52178532089916	45.67495707044317	35.26684631943093
25.267179521527716	47.12320411815842	32.33521387707197
18.249130136522886	48.88277319699703	37.90519155930825
17.352791696478427	42.63407563189304	38.7724016630265
10.569021279974306	46.138039851216824	36.61206752333496
18.760468024429	47.711164996824834	42.55429797100623
16.68293832067611	53.55815778046199	32.308026922214296
18.849720457877538	42.5743039391059	40.2157247800545
18.20698657190906	48.497944179482914	40.9710012515298
21.521353540291138	50.7367115966866	33.23276254394286
25.17828739902704	49.36059077717226	42.40354210265958
18.32135944086273	47.49644731695892	36.274708853422844
14.814460170842937	48.75929485642151	29.390582115399518
16.249843349867174	43.22364854367206	30.13302261476724
16.133576582155317	47.999658138302706	39.54778945846726
18.06164640986875	46.020658457552656	37.052861225698486
18.635175859000856	46.42121820084439	37.806634346119615
19.985812706242605	50.16515240462901	28.29959189533541
19.713919858033762	48.038226167303826	42.66959512340104
20.982586088844542	48.13717803139985	38.02881903046611
16.460879477194297	45.31898863669792	39.71965917539068
24.363339912506866	47.49578024009957	31.329439065404962
17.523501784598526	47.65058186421401	37.51443927760864
18.492072940605183	47.22457265311747	36.35898436248687
18.54675445324549	44.80550247085755	36.54230853247067
18.666983306697237	47.50701604489657	36.604652157779405
17.575187268431602	47.12732187908914	35.350579097839756
17.301514750883662	51.6770944477025	36.733263790326866
17.530127818315492	45.623831739502506	31.252069367269097
19.802149615680722	48.4190159749752	30.374086374463474
22.788345741247404	52.991601998617604	34.619964159428626
22.536599070017836	46.628638680267414	33.523087393652574
18.42654315755619	47.19333221267393	37.38433622430621
18.94310409723506	47.06358201548671	37.2348380860702
16.968930446015882	44.17041623163295	37.16327865811092
18.744344085613328	47.56016188523765	36.31849170268358
16.947836209947976	43.056806401730306	31.411414249278543
16.053097738939176	49.45433905411138	40.48727648059527
18.507539626105547	47.38547032878257	35.36958980726327
17.803334718340118	47.925833973741284	36.61456927562652
19.68479768459372	45.83702541149049	37.845133447912005
18.67142149855046	47.40508792161064	37.14124238501398
18.36047393609377	50.44875276841544	28.501486686600924
18.350574560715206	46.133642115727206	36.77055526344588
20.503862061159293	48.221885817503214	41.599986100135744
19.594646406583177	44.34878642300912	39.91147394756079
18.489669968671244	47.19431992903907	36.41657607159344
19.11974378076647	49.36507083996812	37.777993910247325
23.4123908878121	49.289916012607925	33.0659261277327
19.422264946625518	47.906112012846506	35.352970688257194
20.78773371162094	48.45338208813067	40.16876970804947
25.050858988913262	53.031318345259905	39.07957761873281
16.14652248912089	49.20318524756277	28.860405786221232
19.119903805217053	47.47885584013159	37.4815524282975
12.242075802575647	44.20093428372439	37.591737147211695
19.510789164044642	51.38554882652163	31.369034951675882
18.52607702935659	49.52324382034971	36.634232670704165
16.097348329594137	50.973585603627605	44.15054362608829
18.758646004171826	47.61378072569766	27.609009514205326
16.74736927574569	50.23148708730757	44.00925526404619
19.16891043332658	47.260870386706245	38.71975388628249
18.81455310174046	55.038339853547	36.035781539282134
20.93841980865037	41.72504159334045	41.39359355564285
22.038171421040943	49.08305799242026	35.71238952908151
19.365170971220994	47.372775588460115	36.525767694049456
18.128260029537064	44.59512749707646	31.841501592608303
17.65647236875513	45.40386889086257	36.83974830396792
18.836430072987916	47.50030028158051	37.85450660885983
21.725375908334744	53.61430792171887	34.620710624265804
20.016782092674205	40.535417972637894	40.62977728001139
20.68375490305844	43.13955378210659	37.54724327599157
21.96358062851807	43.62147744296454	34.77350163582266
15.850667670498485	47.48587282790888	29.243578806568852
11.64414006983938	48.61247884672103	31.157566355152778
10.793779870476047	47.924847362473564	39.986053880577096
20.31178902203975	44.43860462991123	34.54411124541111
17.2983139479735	46.95565275295353	37.233894889794
18.686593561887527	47.55424855529841	41.60465450294216
18.648920974430645	41.54271860219523	35.325891385558975
15.214677202188486	51.74817197842741	34.39875856056848
19.42982386981534	50.85301225954029	34.781941384607876
23.15436168568025	45.24267082559079	31.030939158194478
18.111902352925682	47.498431064350285	36.69216807643298
18.78541096357374	46.353792155783864	27.964148197052186
19.78451863046062	48.53263357773646	37.49578841345927
19.081292266096565	47.83347073665583	37.02670992968876
18.49590542373121	46.96638428028867	36.57092316824373
18.885390156788677	47.225331419920856	36.44217893684835
18.603257777571518	46.756159732972	36.83174170196931
21.92021697299427	48.27439496860794	37.838609655453304
18.14775111011399	47.53599210408652	35.987537605598554
17.492805698437405	48.20069549754664	36.51083643084644
16.172570708290124	50.81112867826101	40.311032077327724
14.039614787468544	42.392646239005046	32.08640836076035
18.37640066393909	42.27165683729544	42.918966704380814
22.148490650747714	49.35985659053159	34.210722408636975
26.237138980014436	44.5379113850042	35.243349725300426
18.740205827566136	47.52301101664496	36.73819429036102
19.677905225825562	46.34615063375567	37.19447786524975
15.210379785139246	45.48380852547546	42.134249596524654
22.13044560163104	49.03935313127966	31.074165428795776
15.048787507665287	46.12464209629948	41.956970264415034
19.11358189483606	46.532462869847585	34.17372894026001
21.663304108211268	50.83698648535318	30.139207642640358
19.127560167832456	47.12805330076339	35.5900002861815
18.525038557389312	50.11122754973791	36.01520167631044
18.933331275309726	47.48478586041137	32.594374502630814
14.382624169017413	41.0237249019773	40.5461961282784
25.472591503875954	48.33094575083183	34.93695974678582
17.37061333304824	46.45880406046814	39.4238363979554
19.565252762148777	49.336517570539314	36.197499311917056
21.039124521416866	48.40658015099029	40.37094061010187
12.719907604364927	49.81450048154669	38.45724917202012
18.90220725927034	47.98802702040754	36.123409365230536
18.537294341002397	47.43014252133163	35.41426839127095
18.057030192751395	47.89495277846269	31.156814577243644
24.71553555718688	41.784620538212565	37.81199103871289
20.63207247930537	49.87246890282621	40.60247776722342
16.704855235616897	50.191042534790256	35.27338295876427
16.940121993917252	46.970985240189286	34.44006805393354
15.782614477383467	47.92595237861541	31.28399244180221
18.777474311906484	47.7035636341403	36.53789470085821
22.206801010499476	54.975781129066505	36.12148040163075
21.43997961688823	51.2301094358479	40.28016218655769
17.910087043906	46.31922106593848	39.19302879387368
17.85465675907472	54.61447670737678	32.28889104034964
18.72060516286226	47.17271439875755	35.890966117058426
11.988191654311917	46.81223058514204	32.31901416211621
19.548270497352217	47.908745304837474	38.31960376171092
18.8718558184279	47.521619078518256	36.64172120939745
18.32315434325467	46.33935230865346	36.73231020991483
15.055328397230166	45.54704527304109	31.601922879478668
17.0798434782406	46.38892967321437	35.33722370266167
17.860159657005923	47.508835574233	35.98184813152878
22.297705023799303	45.83977324802586	37.87840249177434
22.042791512722317	45.8567900650803	35.08804556725686
23.681720299044574	48.60397648807625	37.59812271606904
18.57394796284821	48.82958231138287	34.37678848816095
18.32211425577458	48.08015084432526	37.75092120991981
12.49841137019817	45.845622423200034	41.9799856178397
23.11929709950941	46.171641465354064	39.815236421319
22.981412953374274	48.72042216297281	42.24384275378989
14.921556040919448	50.143148774207155	33.52269140305319
21.55903102398845	55.54270740262551	36.57495085278672
17.816660977012496	48.24158218401319	37.96424469737492
18.09310411856031	50.069319289800994	38.9612797006468
18.949040839872808	47.55471035326587	35.73763512417636
18.047051801155767	44.66432667627073	33.770189012681534
18.80898752072925	47.675103258823135	37.30474327725844
17.16237281957563	50.329793517434254	38.096367929350386
14.544837032678814	49.691302237117256	30.468409066772765
19.619745169112036	51.673251941482214	32.914447646615336
20.73951796987907	43.473170124253485	32.52956677802586
13.99144730690455	52.76717490499025	34.52198120566945
17.287876009390992	47.36932112190407	36.73400294879724
18.94158142883367	48.098455019040436	41.286634382336494
15.699318810697434	50.811682662072386	37.00989486073139
17.21820525558117	47.6070265065492	29.419159880590886
17.271039387835582	46.695220213659866	31.694950500690013
25.214365344873066	51.25397257860792	33.56843203835221
19.988344650786033	46.39377076362562	32.12361514701624
21.88401595684659	42.78180912565633	36.55109544068244
14.640309924719276	42.509081191871054	40.457360547007234
14.482662787397079	44.72412284712816	39.24984573979044
18.7173111778646	47.5368636234949	31.53862094589352
18.48004844694427	47.20357506382732	38.3286368405533
15.309019470448987	43.58050745855112	38.94140636998294
25.03574387933156	45.719041182793006	40.40404365557683
22.69871238758027	44.980642882194104	37.36334208784596
19.59959752330615	46.9372777946209	35.816132725911736
18.477178497933615	50.197473182800465	39.453605398203635
19.97816539781987	48.20605975513877	42.91978746106027
17.881923278510264	46.83012934134184	29.85757811442845
19.453080523181363	49.81522994955682	38.36325266369008
14.246108912626791	50.50168185856219	36.41678952615026
22.72500087251487	48.7572175734577	31.61796530947021
19.846360245018158	47.13185869333578	37.448723532485275
23.123006790357362	50.38905794677972	37.52893451241741
18.69423335926095	47.70163113032944	39.1458741721413
19.32422210449642	48.38026959417554	33.34780001897823
17.676706608902116	52.521068755410006	37.541421460047985
14.854579629114388	49.88961025051871	40.32603905134863
14.859089044096176	46.55699946244775	39.47312656681247
20.066924496416135	46.007469490825265	35.62108127492665
21.068190052291985	48.54051619608336	38.56081873523391
15.984684483132607	47.536722002659644	38.117813751658616
16.800937964002124	46.97479688301599	36.40586634954591
14.46540771898822	48.10008424304601	30.11904333502334
18.86210842628612	47.45267911801432	31.14734546963323
15.57397134304922	46.38361855857996	35.428025724162346
16.57192080775832	50.61676646880105	35.69461289161888
18.827046885629347	47.62315881816861	42.80469966246408
16.772466834534043	43.45108409935253	30.21226900687054
10.719270568205728	45.21337167070358	35.70413359029175
23.315731104036608	42.41047579611146	42.038463391173636
18.72542562310714	47.524331346219455	36.55380540742161
21.928913283332307	39.514493853040214	35.97315987550566
17.68179206289268	43.34194748654004	42.2434712894515
19.973476732527505	47.97410475208547	34.475794081199254
18.722123142337118	48.24902590854374	35.65841355491848
21.543923771899184	44.30022086966248	39.388530353745345
18.63650800825251	47.28401913172976	33.86555844773285
18.73588641821812	49.38925299789755	45.40405686906028
18.684791109332544	40.5060358264557	37.15255487049213
18.513188636572913	47.647293410373	36.44355556627429
19.578865295611735	47.33658506495047	35.324138133283746
19.799199602559597	49.09995018137714	39.394478939833895
15.077675211259395	44.37131661104122	41.59654993888298
20.2484804993666	47.27272080135975	28.725109418353565
18.74854819413563	47.532416116864674	36.554488223564135
18.286932993384966	47.05387143175725	37.41298835894448
19.29854632185273	48.80657102026478	29.562134244798603
18.716914477757296	47.604104101268405	38.416704121814895
16.46878884633375	48.66579842073715	28.90413363123904
16.717843535772047	47.96221068534884	44.20569839715566
14.253247052986499	46.82348024443357	35.90459624412475
25.9111049715045	44.84569116843874	38.352866728842315
17.76932998036146	47.78184554832478	36.558854384658666
17.64644090627923	47.939581337555744	34.84593949160525
19.330219155688205	47.64063849442598	33.580883834612706
16.006821566183977	45.808751919065124	35.53719180619884
18.162957882886612	51.2597437468194	44.4888354474964
18.33636210344129	47.825463619435126	36.65228796827217
18.656077516596298	47.362713452093736	36.65556784559143
21.828626364207473	52.11271837402058	36.244989792146576
20.58703249013575	47.57354486844565	36.82432601098509
23.62377385267951	53.91278180942307	38.21378883447574
11.340479307352723	45.95727137810487	40.773828350975315
16.18829239235729	51.973785632238574	30.99451494310525
20.139218933248944	48.175170915331194	40.98531353100064
16.407933618262092	49.114117492312005	37.75484020218562
18.724558626879276	47.53207173347485	36.44355771930706
18.727518555019653	47.53610217281627	36.5984583333676
14.023106440745217	47.26396947274107	33.33413781985442
12.91990100622397	47.491650789349514	34.3269605669653
16.051912535283176	42.33336745772891	33.98075716180561
20.740650716559383	48.18020103857429	28.030709737119004
12.087108107081093	48.46123433568645	37.58320532589977
16.572704193446384	47.32681825460165	32.46842517816366
24.55470769426645	50.033866769970025	33.08578256457326
18.237719701976385	47.07237432483975	31.670834717379613
19.70535609224675	50.40877137643542	37.06374433694904
20.161563453345632	43.03016616251974	29.840299000152744
21.476175582477133	46.81627181848291	31.031693216188085
15.972919798412782	44.02221153027352	33.90557347242817
20.370620720144114	54.084045528959535	36.22319045416137
19.743668821164412	45.91832836452315	32.78313511919223
11.234527464798706	51.268072889677576	35.19956791984478
19.251222615940087	47.484983267463456	38.75599456632749
19.390556704336912	46.80239311622132	37.13181653876701
19.463392305257315	48.21386065771489	40.140890680041814
19.796411961138947	43.9072636476296	37.288657279064175
20.54677910374893	52.60426472920636	30.914843530537052
18.771513658558646	47.67275034705541	37.4735482482731
12.216154286541727	44.62657335806565	35.90128787866721
23.06361741017465	46.36019888273606	43.303518563623804
19.50467137856316	47.103200611810514	38.39355124175838
18.83551920736128	47.73571328929453	36.063900279407875
22.579073203715375	50.28924948969575	29.691368869819335
18.093145783041376	47.821681074266365	36.64351548642165
14.013635112334404	40.397772493698994	33.99350315744377
18.881048411997213	47.59845450111403	38.44916724071878
16.583866934038397	44.955047665864484	35.91839911895423
19.921052469347366	43.78110348028821	37.12994963052589
18.795545713134228	47.33440547182457	38.24707790230645
18.163219922790887	47.24764231001207	37.47682939626283
12.800377524945972	48.36199000202897	30.479749665037946
18.264997174306004	47.39219953761549	35.85402216290861
16.92196247685368	54.3515043224575	41.65719823986958
16.60615280655641	45.72591213054558	32.630744289898004
18.70990160509587	47.63536207488278	41.39940819474282
18.069204875040377	50.40105534681456	43.92976481831498
18.831170021651918	47.78942915326712	30.4780395326239
19.4342817560001	49.11399342081422	36.60142728190597
18.824500421323318	47.56324824360327	33.91881325616882
19.88480025600423	47.06915063333503	34.237692208699485
19.56414877371519	52.91569897532512	37.41735629839115
18.692994193031833	47.734888178368976	32.680276795266074
17.22504532597855	45.47666445190977	29.020282037331814
18.70293450120283	47.59663315219795	39.22167835966453
18.481179688456162	44.22506089620224	42.03901638510119
21.05828878310397	46.013670152298054	30.01155054303679
19.394287094441452	50.714710331089684	29.08561595834321
17.31869327436393	44.815698987859015	36.45565159905082
24.093608241818668	46.614538044647176	36.2972433897252
18.908346556923455	48.05689049766188	34.709476826262346
19.222642860126495	51.976483767089746	39.94056875642386
15.643843620100862	46.82106486758629	38.45270006035565
21.96722380912149	39.88609140342884	35.75587090330745
20.178220916911673	47.27870946024856	28.24460801312324
17.13756550385009	47.017874033524755	36.84962035568868
18.118398768219503	46.360702388366136	32.215618058475506
23.601570185262705	45.94470300831534	31.15372249253739
22.2150876670568	49.234725253822454	36.28922710783877
20.575632763944842	48.582639311132645	32.278907744650965
18.38472396581644	48.540473633526524	37.42442014475712
18.762939524528008	47.99707619109593	37.50056300498417
18.45906352595586	49.919711289581166	35.3878060487805
18.646389224788155	47.721361281818076	39.82606230354536
18.2535674228887	47.42214316546437	38.34276226847922
22.37537095794371	44.77471272021515	39.90558854635398
18.04280538160127	51.535844869622274	31.239784154198013
21.909895552685256	43.26926768382592	42.56668580975422
17.45177952183916	48.077260553889516	28.527154986668968
20.14007049391783	48.93216368775271	39.46951395721692
18.949508721428785	47.850374478302044	39.009312475797216
26.45429934298102	47.48888148081872	35.8483999993416
18.19752551206231	48.71312865331031	35.42235586734644
19.93581747482356	46.916055296391505	38.81783092344388
18.192886181839853	49.37620748580168	35.338339911392765
18.75546849913101	47.93424721149106	43.04682889120093
18.586346847790722	49.57067252400501	35.457807515892625
17.42781801809193	45.567122784238926	38.61818071234748
19.35292483415145	45.343069336235374	42.365016203731365
18.280276691217107	45.733387380099146	33.61518784591293
17.661215880725806	46.873460602541016	36.8629369773163
22.268607426100072	45.327898803719066	32.31224596978993
19.27527759816394	48.349628318436814	35.10252604988991
16.22157029032251	45.701386249899834	36.33404663702932
18.135847793518654	48.265235709040006	40.26513984976303
18.726567117069838	47.60742796462339	37.96572003532896
19.051032780741657	47.28382408190086	38.98290582254604
18.746774994810014	47.55080290398874	36.85773994187464
19.138646792333233	47.20961415310041	39.69850225047293
19.231604884639776	47.50474562298679	42.23354889590324
18.650925015534963	47.51659792242868	40.649693364772524
20.623991260347807	46.29530217872698	42.61228205976778
18.463037694640008	45.56595184826863	35.0848424409554
18.723611958390514	47.53223234841519	36.59579796867563
19.517354598980308	48.145955131959504	34.14884694976721
24.872980624031186	52.528255262820124	37.10326387726261
21.89079461875795	41.72281019914149	42.327721782467336
18.957966045854025	52.79676822249725	40.83134507390758
18.9431675410902	46.27945658941438	35.78130370432773
17.964322634807555	47.58050361830756	31.970388331922344
18.92886342227718	46.85492068591602	33.1025837772511
19.659339349273463	49.641925042506124	29.034260827115986
18.935290181091514	47.822433698376905	36.468759248578856
17.221993982388422	44.743047278896555	34.44119069104351
18.48271511107998	46.58387505607487	43.43443623131944
18.856564421443807	47.58967227869143	42.00270268124776
18.358573007424333	47.242443163759035	35.50589599185939
21.06124875047267	48.928488083343176	38.35327546360372
16.89563744671576	49.63777763916857	41.087530171514125
19.470676098891484	47.108897224415166	34.86437909246345
18.70972536402378	47.61393584300727	28.572541590365702
18.78271659604322	47.04557996155075	35.61855303240551
24.639423154981237	52.31819341314961	31.880527503145757
19.86871544500027	48.32520360307208	35.12610314285919
22.55249887283421	52.83402800334737	33.289788226735176
19.846463958657008	41.95599724070744	33.98744112757004
21.363007183878583	47.136626900569034	31.97053368687665
14.131903796172534	48.69020762544812	37.996773636774066
20.137767101865265	46.85691272680288	37.420032747287145
19.668943050493784	46.39416505930077	32.30812946492325
20.56929171668838	46.33150178093729	33.081911141898516
18.604539785927223	50.020249300544975	33.45339434063077
23.342453154783243	45.35244054664553	43.059692848095665
20.350109062736973	55.02448948828693	33.011089132552804
23.51450106258174	47.00264958453602	37.55556390949499
15.857482915075746	45.13046580411152	37.14944920752018
18.63904006445043	47.64658840450245	36.28509901005427
13.9183015802326	46.46960812445532	31.578554337384862
23.475302698244224	45.45762375379612	40.12275479718053
19.504065801970235	46.36253620049096	39.66947572156455
17.798354240449086	47.94444592342438	41.083580272904335
19.158980758632104	46.70224308233759	36.39758759286375
17.030646069487315	45.37719590719612	42.303500664188405
19.37681587968181	49.13490142977985	36.746478768830215
18.855715742745485	47.382844116699715	37.1356930687887
25.82957369284243	46.53715421707635	41.66119400260591
18.92929809991961	48.46117652711201	37.01626111255371
22.669228531820266	40.82977521526831	38.640959319765294
18.80884272583859	46.68437690314506	31.777400058515333
18.307462103594755	49.631190873475816	37.25425031764996
19.866428895883853	48.30915070980355	35.721200151785986
12.186259889923946	49.622833045098595	31.174100147761582
21.160715319635916	45.46691194352029	38.72167397281973
18.87199139140792	47.22161678509825	40.74431410731443
17.134006977912392	42.878863771633114	37.18784412492167
18.935691122754378	46.95351558537443	41.494715727845936
18.193366731124755	43.928577620161576	33.85822004244133
18.90767430602975	47.15730325696773	37.53005212734388
21.08705487521644	47.69860902087783	34.93431678172099
17.294459014794505	49.303511392084026	30.975436596616305
17.39272804120961	48.198357765455214	39.63235182287542
19.34854056132997	49.116020398045094	40.33818803390981
21.317811303644714	44.40764793593442	38.37557956466476
23.209349938746247	43.13821928953195	31.52037538847579
20.63958326014003	41.24365648424692	40.69905579608212
16.719843652570475	46.17822924710003	41.76074232300492
18.738932535691035	47.52493312156249	36.569181899684665
16.959742294242318	53.90300405379571	31.506393921760377
20.15831777981731	53.0957693285234	31.92593078797689
18.660941129322396	47.70599589914647	36.32173095977815
19.196967801987213	46.755144229197676	34.8862212114223
20.947307739315004	49.58522818200166	31.192843012841607
20.092517527884553	47.87070706732894	41.261231700008615
21.0636678007224	39.439588703572696	33.876299395421974
19.006435882476644	41.36117865458402	32.43760094514598
18.94524780804255	47.795091478379135	37.150300080448105
19.607114244149006	48.19651367486434	29.03537817371749
15.92064999951765	48.95720019876307	43.88058812094971
18.61991156655355	47.48960775300879	38.53460487879951
20.254415516932415	46.7349336716647	32.79090787120848
21.85104007795529	47.796110556040254	34.12098658246674
17.81801146010956	44.65942564741177	38.92063554246977
19.900375959497364	47.894240082031665	39.59261270446141
23.111865935997592	44.58874438693016	40.179964770149155
18.852685601428842	46.36543202409689	38.35049399915936
21.619278128512995	46.146098799501004	44.934055554883145
19.36041332300034	48.15714740496326	37.65205249462888
20.928080445915818	46.50957786499468	35.828632410260596
12.182954089836349	47.222513117216195	32.94604501061445
19.946776419572014	48.95271548040473	39.42549234125999
18.743665811286455	44.86641825588139	41.73388973325288
15.397589426256069	46.39386403368351	33.74347250323137
19.628116137856825	47.89612985751131	36.93658324554053
18.548412264476188	48.27131068272013	29.282647604727558
18.877534278809428	49.269883493919885	35.157615337354336
20.35146634671308	48.336656552878615	35.75616490254163
21.40496959716011	48.86737961310736	42.58711394980587
22.613937002842704	46.64739657392562	29.9627384174832
18.688033148343237	47.52724871321744	36.59798155003989
18.421338275725713	46.2473338576619	38.23372384413114
19.67095815330267	46.01131412146542	41.337902743408705
19.354183329228515	46.10702415070482	44.21510274747906
19.57766415714541	43.18088469125701	42.507654998558564
18.96083597424687	47.514277810032986	35.88987322054477
19.267972158778125	48.481578148090314	38.29774979517585
18.62964983706695	47.652302003002575	33.42863759748255
20.094308610624918	48.1917184198283	35.19220698960872
12.347900154469317	42.58720797041362	40.053315958946
18.24973624170538	45.678574796653265	37.94841932974518
18.755493614787063	48.104091447019734	37.365372753242085
20.796310695142587	46.11806869898512	31.945304400631297
16.687406033631706	51.020038896962205	34.008116709707615
19.84872345059522	46.37909657448966	40.06789283436504
19.63949653891433	56.27879800205193	37.41841492478182
18.84223165745567	47.2328101442462	36.51531074314433
18.510659600286274	47.796002977419995	36.22911206875506
15.051235762462671	43.61831521137107	39.81768025886394
15.920460066888104	47.3106897975071	31.42649948676493
18.88251817620039	47.55287327962174	38.2612762562655
16.600106291369954	45.98366408901672	33.999919745818225
18.11149673842474	48.06635522509869	43.505483313687044
20.892323132358307	50.60444541346377	44.759047998274994
19.700598974332	48.823640937384745	37.20633927966138
19.61523426543023	47.65917535993425	33.04371172395617
17.439336448866822	47.71377976071551	35.58695785547145
20.357189243366136	44.23145143302472	37.95862215650004
20.2094384886101	48.2021639076808	38.364787670585
10.882682098028788	46.264751077325144	33.18373550449024
18.526404140286733	47.263354111689075	37.76054259323866
17.285148518294875	47.27771030960792	40.71797122340456
18.234031801349246	47.17370435442507	36.726705081744456
20.44513623970561	47.91917776874941	41.091668963111736
21.95802198798453	49.270352414445064	38.527895322119534
17.607360805295453	47.542143503248575	32.78468574196866
18.9364667772806	48.647976044864144	37.77834026652971
15.52853137732282	47.03148329558154	33.49684533477635
18.552423706246845	47.26900463921083	36.67614108332608
17.979532897131396	44.19321069375319	31.370409642850248
16.922253695857357	48.26569214169369	36.91643020961209
23.313485833874285	45.05120965717954	35.875469282656326
17.654968135994082	46.67271128408527	39.62355720183843
18.67578402546645	47.508770745969585	35.77328731280938
17.363113086487818	47.731847959803034	30.777902826628893
18.776000053186017	47.20728471279672	44.2597288644288
18.742490512745622	47.44700492325472	35.94863282110077
17.567619753156837	39.10881581224709	37.347620355469324
22.709682249203894	47.91725721941576	41.912353766893375
21.25511483230432	47.60023640895686	42.74464775798491
18.918983316507266	47.78728805933403	45.07435847523383
13.884672554103588	46.82469901281842	31.67830337932377
18.62220159356081	47.374407513275514	37.508690336129014
18.75358687644898	47.285085197745744	39.201550420358735
19.115894325579553	47.672948292269936	36.575263056773075
20.289215884485337	44.18835764155415	33.07979353237689
17.99263493271597	46.81549406067256	36.41614783883739
25.303228888115825	50.15390114231884	36.440190476040996
15.251441276208713	48.40734411215837	30.435310097269877
17.598782191457286	46.91511855150889	42.86581472847865
19.720466013554	48.656863320237285	33.97171895775547
18.1265268557808	47.76729460068462	32.54077430702422
22.08692257179755	42.65024170550056	36.82427299356135
18.796575300365944	46.792773750056995	35.129473760850104
20.150759885638106	47.36806291350447	33.22750557227936
18.759739684992002	47.614082112351795	32.75258100510366
18.727056201460744	47.53553246632341	34.99774408988552
18.567202949515096	47.71072408420748	36.415738002502046
17.092160804174448	46.77152063686965	37.9284591772888
18.920910299028076	49.41452703393122	35.95995514832153
12.274140191202477	46.69056762655	39.816099940237926
18.838226194148003	43.25637985820765	32.64761570676169
20.89533821825169	47.875407365051906	37.145232795293914
17.79556223894257	46.95045568436321	34.42785642648343
16.53140160513974	50.93649861806395	43.48132067930265
17.38914463362908	48.99372138761175	36.63021285234166
20.0286231527743	47.16080476294192	35.5574396964328
19.736230159543222	47.39523713766188	30.921905904125364
20.279225986477964	54.334053743481576	40.27121669752458
19.060670919112617	45.966232907956545	37.640529801160454
17.363395006630714	47.274700494953564	41.42262252782271
16.013800926249083	45.56450241972482	37.94678690224108
18.587081026108226	47.2414392692614	37.57202451288178
17.420623104988472	50.20657696419508	31.330023198904346
12.72631968121732	45.207368271010616	37.58688567544318
18.474185154958654	49.18386578383736	31.859905629675577
24.48144698345694	52.98265126579904	38.75717228109402
17.108522990049384	48.11354456856107	35.24706144322598
20.36554579269417	46.80360122105419	43.67338461238344
18.660349811642927	47.54663437172019	36.46158178747948
19.887349886533443	50.29238959172838	41.43110882669569
19.074206944862315	47.66363584868855	37.03327358991156
15.784677983646821	49.288566096363844	33.82740724101503
18.20347188508761	51.693051975389956	31.042101820057447
18.448531150301605	49.68286718768647	44.67190163143329
20.813721312375094	50.04928539989531	35.43927632097783
18.944364947873375	48.78352989397867	37.0430752654521
25.495998130746763	50.118588023193595	35.54136721598628
17.241110683596453	44.075619042416406	41.2828009393143
12.655965182017244	47.910357853996224	30.758727471609763
16.76379042556949	48.94279561516447	38.15858473429107
19.128732373986868	49.17767182720002	33.24046294249394
15.964856609164235	44.29763741151966	38.971422587566366
20.431864294918434	46.37533397445345	32.06391812127117
17.42393303531489	46.46605429644556	32.73984131213822
17.29930542715378	43.77000825236489	36.49276771297078
17.519793840979183	46.1680107040136	36.724483116813175
20.157027501966496	48.53865273516355	39.75494789175366
18.162845668440863	46.500698682191015	44.66351990724068
17.435381623347673	46.75909535485561	34.21301830509017
17.57199819353075	47.87441151523398	36.694934423023376
20.071087735867295	47.173021428024406	38.8765514426681
19.433619908789705	47.194749761163514	36.96794722296922
21.71262803377814	46.78633503732781	37.53444553505459
24.51653237163191	42.50278349652251	38.36938445445626
20.259899351386018	41.1210276714448	38.78789738990173
18.797788199295002	47.47947658860547	36.44223192244439
18.836229900979188	45.45741027998703	33.05547771769638
15.22252608962386	43.84142898786238	31.616562851857413
13.616033248600472	42.66547944580066	35.85026421487703
22.160515857862205	46.424176574799894	42.962832445172985
15.081162559217727	46.71534843454809	33.03035491754146
24.13199931955243	45.91881171966091	41.98033957623975
21.00430456196829	49.01207272214339	43.036120114724326
15.139461704722052	45.9295857524989	35.96640912363706
24.227786354217784	48.320542753986736	36.493195931528184
18.38765565559943	47.38098710989052	42.84544792761308
17.911609777518443	46.367726099759956	42.96069957331387
12.848968548527697	45.630901777967004	35.3443175373521
19.38751374790919	46.50552364480711	35.8472480970928
14.717436292352245	53.69206313218955	31.981557840710607
18.27336859878731	48.25810780564588	35.835424922843515
18.511625090967772	46.315343766043874	38.830625346604066
15.642799041843254	48.557783650416994	38.36954091678074
20.850215807661325	47.912217305227934	31.790633700186014
18.394903802861823	47.62711701915999	44.59975833247318
22.33361012595331	49.34506555352441	32.61854378842715
21.770484364671123	54.421995757412965	32.406902867243375
23.733822005903086	48.53114803976602	39.44705876853695
19.08347649897308	51.31620472386862	33.93882410289195
18.23773357234834	48.415917730014684	31.98965079786776
15.582533599317285	51.58348108638039	40.28422142827308
18.605510994725314	47.00149597830395	29.7236869398907
17.962095420513712	48.67729209079786	34.767989739202335
18.094253673696265	47.76492122421464	38.071000000485405
20.12895792070631	47.160247586716025	35.56621784316388
19.649680390124818	52.23736931276808	42.77712513647984
17.135216952400658	45.230600158596374	36.091963130821476
18.812864500787963	48.504328349616166	33.3350397206518
25.174378069150926	50.09583550797839	40.811454390450294
22.994637396181602	53.25207853406415	35.97381257127755
21.37353838246275	55.920461266404494	36.63396139621791
18.088609863714044	46.47399154426093	35.35867116979961
19.754234253850765	50.997557046758175	32.22725867122641
18.572061448991427	44.95043081236749	38.682431837374786
18.56270649273093	47.600547074264014	31.228355134165785
19.99760072108389	43.01858005526648	39.38434652901399
13.34867040204309	53.028506795333264	38.32198649613086
21.666236652103	48.36854403621525	35.8623563037225
23.400498533671865	43.27296806235483	41.75580391685131
23.4036766104516	47.844389302035594	29.941673023072966
20.30901853744215	46.986886507348395	37.602051968293296
18.485536891238283	46.558608640986016	30.34874215495831
19.1138278777878	47.133069817143635	34.55048465726524
19.678554968186475	49.76328223184541	37.27423099054448
19.861173090499342	46.00172012963858	43.85885579524075
25.290767994924522	46.54343758639099	32.42552785085444
18.07026917580681	51.83417180355889	39.078971487600924
18.878387655246343	46.615397667208164	36.7389410673363
17.724558119905655	54.96864476362202	34.4579242859854
24.599886257793774	45.062460777700636	32.79253286700923
22.784851191926805	41.413100110700555	37.17588495006153
18.345123888738478	47.77435983655652	37.553359931660225
13.07324520200951	48.091648204212454	30.389068491453923
20.14941436587939	44.94510418943588	37.157250655412746
25.309238754368195	45.75089501972907	34.285367664959765
21.20835997812299	55.205024743209414	34.0825188443583
19.701395657420992	46.55488561244792	36.7065043682691
19.54262381517927	40.62865786112492	40.15390097582355
18.690167645151437	47.58149066694215	36.630308770957456
19.157230526165304	47.53943623520379	36.72405797436955
19.38100246138023	48.005416233120926	43.40123818925881
19.98615098215268	40.80998361310027	37.72701501385304
16.810549166423968	44.98121197497927	28.910327138868656
16.917895665081495	41.334246126214	41.77082904107208
23.72351434550355	46.97590140010673	36.0822303669463
20.591769324107705	49.656295731601325	28.632154673589284
19.566177626974333	51.677149219374854	34.961444225744046
18.433878501499294	45.49108408394309	32.92358596991373
20.517682609288048	46.692344800388966	29.411475634385464
16.846839091041883	46.90990230667821	33.16657574231828
21.180705961645305	49.76648851767133	40.940570435879465
21.95052384895515	45.95332347049953	37.14942263775666
21.286777008682943	45.8574132429693	29.61713317661712
18.59952242508574	50.04439121872575	38.905623991907945
21.298467159662145	48.99466896398904	38.893233145162256
18.69607695969664	46.284546118657985	34.084757464251055
18.767137755708813	47.43213036461871	42.22882060327922
19.361231462670087	47.59230853417583	39.29824089365418
13.885330640317598	52.21807132550377	34.03659610317718
22.479103110291486	52.01449614323019	41.025416010016976
16.719708260866167	47.69104371328633	31.27567793353911
18.823755294420515	47.526973016573216	37.42177165704998
19.904571830098877	47.01208493843575	38.204138486712495
15.84906084104587	48.48518514721021	39.39108872945099
20.343894956170917	47.73781126315422	38.018757464445464
18.74225831286055	47.5643145481792	37.80715316608512
18.990093412909353	48.15063057295003	44.327579772117616
16.430399736990765	47.89381152852947	34.09741248390476
18.355861405678084	47.19506902787567	33.20918093222832
15.401335417791389	45.57943045956774	44.514601433169545
18.111404339294655	48.37684408949295	40.82079750424614
15.539783624012115	49.91519679515719	36.82821339021512
17.01189234464431	41.874834475731696	38.60638166126551
19.648305203052434	49.530621183124076	33.68055052584109
19.203272226955168	50.23757749370996	43.17068635862893
21.349083055532866	48.4218443023713	33.697267309531476
18.54910761340799	45.982880136804255	32.51282428212912
18.7551292965632	46.895426830616465	36.23484686415799
19.906711984263833	43.644782115244546	33.32586201579158
18.27323829017058	40.892814936692275	38.641742707373275
13.35915188625293	44.337594463290166	40.081249069716826
16.478509577866056	45.84184757656935	43.95943402555617
18.060234548349257	47.69041182470573	38.20128990953112
18.03388149375276	47.62680152390235	36.58032597590209
15.757660025665766	47.109873603945516	36.75319960520678
19.741851232848223	47.09129706463839	32.829427270431424
25.55556754601898	49.76828949049381	36.90741732921478
24.350557619480846	44.883666561491644	33.36489913873631
18.52630761666419	47.09716996055134	37.501431700122154
18.673280604080286	47.68745876070687	33.954904564445336
19.377682535744793	48.31116613529298	36.378884118019855
20.84170763828246	52.78437461419172	43.375207649095984
15.786158723130534	51.56403535781824	38.87345097982815
24.065962777071544	42.47568065787425	36.423889240993375
12.322795936140484	44.2255045861409	31.5285583134582
16.255362774228654	49.82984094495015	38.512395059281125
11.735872764286292	50.28653848009741	39.71095423042807
15.020645879741927	45.626662405523334	32.917073562933616
19.330223648950263	46.906250861641695	33.28010813886499
19.470900392360907	47.83118740533776	29.947439223635524
20.67305467374133	47.74192707798086	43.6479491881611
17.31984569382695	41.93438496399388	32.4471954625037
24.999441640496457	47.35793829949799	40.0081913530946
20.177293029526925	45.288840888366586	38.21000652159191
18.634750020202706	47.90153575578386	38.574188643158905
17.180068917101995	40.8824584399206	42.113306609597444
20.22772195739123	46.86468706953569	39.36612380543754
18.66163550529267	47.57616108601841	36.59003788704203
19.314038969111746	47.35987428162275	38.03535306179062
12.323298444466786	47.74871364405649	39.62602524528011
22.129861958686526	45.33151930689356	43.421822244816084
18.315450118773214	47.93105667477769	43.64431519026202
16.90405819128174	53.35285342451004	34.48739486672036
14.590479635920644	46.339175067230286	31.858492916732228
16.32424653378117	53.73415159508588	36.448912539581244
18.26971149315562	48.01356923012065	45.023967854849744
18.734840668279233	47.528875410121756	36.616640160358294
19.452014826286952	48.68770348375553	31.72791825234957
17.982364439967462	47.43481681509618	32.3622897333509
15.25091382628538	44.56526666465443	34.271715583081225
21.641368876770258	49.680203073167775	40.574901334389864
16.289919360918898	45.805129864500266	30.94767327875329
19.98713906702532	49.425195563247236	33.882942561730815
18.464053539910665	49.946602398210025	41.129035337772564
16.875203414444485	46.80271569540003	29.971432688887802
19.671077105463436	48.95824704044683	41.721479529061135
24.68608333175866	48.813068072661316	37.99567038259167
17.10886378575399	47.57553157007258	37.19150536132379
18.115368309901793	47.928338700423595	35.87527464036456
14.374582639021632	46.85171841481187	39.53350301429648
14.702722329203613	44.60149782286888	35.56425000095672
19.867415786558503	49.44598877537756	36.58743992900521
18.72073822905069	47.56731986322833	39.30050410161794
17.038789631262784	50.93068809584544	32.454524559737216
16.321017049402126	45.4987627279474	35.7736399705537
16.989168245626985	44.7981037290049	36.322727810583814
14.873731070115031	46.5479269570132	37.756138874756964
19.25686556039268	47.1853910368237	39.258283031170244
18.22659005886197	47.63896551032305	29.193222908106364
18.084387161917505	49.20941065855938	38.37921329129418
18.493239491669033	39.8866109223468	37.112828300889355
14.41857140353266	50.98394752144423	42.694753851750995
18.147090405571298	50.86852495005076	34.61629330046509
18.290467164156862	47.29036258823449	32.028967093524464
14.100523309120662	46.50747291974068	29.115949615825173
23.262484880624285	45.82109963938098	34.609469849113694
13.668980491303358	48.744471859426724	38.29287418436228
22.38412920111366	48.13484590413189	42.001818604010666
18.81670794439277	47.70481563445976	36.65395515268088
17.392540425848217	47.95872464414742	39.10751963507389
24.24299004469711	49.548231294350714	32.364328394396544
16.24955850530292	51.66915480671058	31.158560785564696
17.678109560128526	47.70192446024195	38.26850876083184
18.27925815382088	47.127398932383905	36.91361774706735
19.767096819505873	47.118818535658775	30.947234526731634
20.051945940427508	50.73110725024795	40.5020699315625
17.918022137689245	46.290671874523134	35.45773267055651
18.865867208872963	47.56294577939624	41.079111404372
16.449730968921777	46.293754498785425	34.34185293676616
18.51468816604592	47.591179583338075	37.64733278274138
17.19970795286355	50.484670255837706	33.17566412211157
18.64873920701197	47.56970794195871	45.245929629293265
20.44190609467727	43.31045044038696	38.87444731798939
18.98621132490737	47.95546439580611	33.85059648324091
13.173349232649654	42.6235082118737	37.7741702406604
10.803697571939766	44.75818298995971	39.06868153324957
18.72606231791686	47.328474870022184	36.84424876503102
17.824571865819543	47.42089483209844	36.52274010781003
17.944386413720043	47.18333257806175	36.80907169845306
25.35645647560317	45.88899201755246	37.70636742987847
21.09770703087198	46.2654806249575	37.86357604340831
17.792023271155855	45.606847394209204	32.05893112140032
13.629790234641892	47.82035235656927	29.759925698962657
14.939273020934946	45.56322472674172	43.729922019562395
17.204396678827706	45.03314313456005	31.67205606716163
15.706361055244534	47.44931881599106	37.3865602491615
20.15510876001829	46.16204903089761	35.68464294386119
12.080764430534305	48.97205089154256	31.12252864135262
25.775288409887537	51.370784391997574	34.40728615715386
19.23112788341519	47.41340293845302	36.49121952334568
18.0167183818973	47.516634718739155	38.70555705533576
18.968524006758564	46.86180819486768	37.41319332765911
18.333358507190443	53.469863757497535	35.65232295701963
18.371681192163688	47.25839750332696	36.45362078835318
18.70725929640355	47.243774621994184	35.381352712622466
19.528785046014367	49.15331066756527	37.17391591572434
22.10527025134242	42.45722892452774	31.764103240586465
18.025972109558772	47.125554860528595	37.46197035606968
19.47007837301934	47.8736772175882	36.845076751842505
18.972407596286935	47.07635639854761	41.85848428642474
19.613661026836443	49.98499304785895	42.42774458610894
18.666866440114333	48.146964645108675	33.387801142431094
18.71591626670682	47.261692837083245	38.06313035163081
19.623129613944414	50.78609829452025	34.74236044741149
18.225081441048754	47.55173070721773	32.883572863636054
18.865811732378642	47.45001015418374	35.91896118461875
21.372129771648567	47.38043789868802	37.20445426035433
20.49191851290081	46.46115095360285	33.60422720128204
17.538815750124453	39.344038660934274	36.69409997890016
19.64318535296308	45.1377343126012	31.590088648243913
17.34571814852869	50.45886344156136	42.288944254117915
18.716172132366438	47.24741355788525	31.8692473231099
17.378273272769956	47.65526460447889	32.86212824987657
14.475206638196484	49.77362481210849	32.38283369628249
23.915821231993903	43.89518282183937	31.460673360314427
18.568317590424705	47.405363089890116	33.15484369603887
18.762017446591802	47.56900789847417	36.36081064126667
10.78935958917121	47.6909769209946	37.56014150693355
23.40198411822582	42.04029814498646	37.80042341835278
24.135043873309577	45.16818999937049	35.205547159092205
17.959876540285507	47.78480569281117	36.55978611619091
13.705210645559934	44.66265016735686	37.287892691723314
18.782346311672136	45.753394467037005	38.71818281897252
22.58205256527158	48.94089392858686	36.18476690719487
20.21325916623931	49.10153578275169	43.220554141440736
16.10045649769993	48.03777224499451	39.781594137693155
18.206707785648785	47.98508523718989	36.62593796308619
19.1144620184011	46.11003268054885	41.8378037874261
25.391619054891226	42.97890910498476	33.58830333888257
16.671325901855912	44.89634474178726	37.51500811808721
13.388973639977706	45.372207581064316	40.69455444826675
23.489009126907153	44.19926177009072	38.94200859067611
24.8836908525902	42.24947113609084	33.953313283395886
16.049578071752315	47.113017906392045	35.83519166505532
19.085214579562297	46.77323432990954	43.290177205039555
13.137499305387621	45.34619687918296	36.72179543980653
19.945696972044576	46.39574540684559	28.55249170246486
18.65474186478085	47.39555588843382	37.829957481239425
23.436453589481953	44.436870204229756	34.99030913218747
12.016886821748443	46.232892466193974	37.93525166565772
11.780601747352662	50.52716518968125	36.66518818767919
14.292494186941976	48.735315127145284	32.52353816919508
19.1433872710024	46.036011206647345	36.06218118908452
19.23877825021529	48.422864024618384	29.280477074914668
18.48077720659307	44.299870839370485	44.40654357338072
18.1208049558757	48.31352090185051	36.74575636677525
21.60261621342312	46.53222296883875	42.53888275864922
18.50431791239389	49.37310902047648	28.886452233315325
17.848193471628065	46.54436251075563	37.47566981382904
19.85525574941039	51.906769109816	34.306725810425306
18.181008930873418	41.64309529234529	31.01115107691203
13.972200455637964	48.68955176125947	34.94521377426079
21.459553697354032	49.881906836821074	35.49000685167355
18.375406252606727	47.61203462921891	31.602859956055475
19.19958321722528	55.72463075382956	34.326448485430134
20.983944640115112	48.810287156383694	34.857741523280154
15.107142427496571	48.22989565252919	44.038553005230305
18.958422144599567	47.05682931338585	36.42307846317354
20.17570808198733	44.383595969503276	37.6597951092043
20.827497002100646	55.692102608856224	34.66550522454438
19.74275896759125	45.76749413346231	35.386538183020846
17.884985730621477	48.64930580356987	36.39191321968307
16.499197480438948	47.74037340439608	29.74059963397679
15.095889061343788	44.64806109310475	41.3851650302999
19.618948941107757	46.496822862343215	33.90824084543319
18.828004254069512	50.07338946161623	41.322843929340976
17.79226304572036	48.47225336051353	39.97162424290704
19.324959083015113	49.715656591589834	35.19730411489652
16.430847233859428	48.245641046800955	38.60615487163893
15.729465240142188	48.51026523166358	38.44126233271728
18.680785026695236	47.63727454532747	37.47056821894087
21.780950878586875	55.551293819777925	36.56654651847328
18.939507914764604	46.5025540814924	42.483031761532956
18.728994573136074	47.54331088862938	34.640378434241306
22.440746286111917	50.19134469492833	42.25424933647792
19.11512735809215	47.37873575258833	37.02992632236311
15.600396650285175	49.743972252830126	34.83429765460804
14.395327366790076	42.68693715902752	42.22931364158956
17.733656822812684	46.47497854219037	35.341890212832844
19.839654257394773	46.31059991873667	31.563683860300337
21.16645450356377	49.16485659652884	42.50155779329924
17.870405335542728	47.76686806470304	32.05794737691573
18.503633627737038	50.83295792544294	38.945500535598825
18.747314913010932	48.75291047353704	34.25041103366955
19.816714553645372	46.214427802474596	35.97820467893082
22.1030541586925	45.12121662298237	31.94063145463349
21.905687194062747	49.25826201150834	34.93808087201875
23.008422441353666	44.33998599452981	40.79750574082214
18.76377746325804	47.63168157064191	36.45902294764087
21.244860195157905	48.19612595062969	39.50127873676395
16.887818373609683	46.95789040849544	42.59111666828551
18.260068805598014	48.089814739263645	30.07257226555695
17.531033889456104	46.54721590019018	34.2401810082534
18.680601478274145	47.65545437899463	36.213817043269
20.636000111931654	47.299551701398705	32.62373153771817
10.05625319261243	48.05918792042887	35.34517945493987
18.41100435682365	46.93861426337678	42.274027565439596
18.052517000984416	47.29533036422835	39.654542655701555
19.375538397422876	49.20899826129938	36.59417856240463
22.563387844506277	42.02696946984017	41.44637691045737
18.64465847787746	48.78098695028567	35.62437285778197
24.030596318954217	41.133248442552265	39.1556324287193
24.136850133930093	46.67129383305869	31.5699084259329
16.52913065444346	48.401737262135946	30.546609258782812
23.004103210366015	47.85944365558971	38.50065033089703
18.358771789578924	46.43762038561418	30.87202200390936
18.94194110143086	51.30841528045451	37.45739228137441
17.165595904589523	45.776162814488046	39.08372833467633
20.515365260314688	42.39514612163656	34.14081471448274
18.439374768093316	47.386027838343026	36.57926503671378
17.052160836464992	48.39651214558893	37.55531156002014
18.901969554815466	45.93696811605	35.78447263492798
18.86316947678388	47.3817106342282	36.95262084334307
20.675829884425383	47.43465525463153	42.764739400898236
20.171345474337024	47.62310964366296	36.975190089724265
18.197169403529344	47.779232212080004	35.63844921547042
17.084616545052743	46.383247532529566	39.41684996583928
19.133920577754967	45.845731427173085	33.793046257245855
16.82586241966443	45.278173379631276	40.778995693920024
20.52040018108651	45.79405328747	37.9782482292328
19.499259108618215	46.329839813150336	42.36711907736483
16.66499753346181	47.59773282676557	37.23165503964968
13.44493221537168	42.9598830312176	39.66139352093046
17.30952121659987	47.5714543699298	36.53448052670157
18.50179953480167	47.72849404503886	36.67836725458913
25.712093951193697	45.253108890271776	31.792121610717622
20.614387414199165	54.575017591295484	40.85068928561451
19.95711318501958	47.807500945199834	30.757333801456962
20.00804565607829	46.00526452388158	41.72528903940187
18.728276746061024	47.52449652504304	36.8061380384698
19.333145868827252	46.31059753890039	37.86980234065121
18.705860747812192	48.70680099622082	37.7737406138358
18.95890068787716	48.792534566139466	34.334944271804105
12.88314218588826	42.104254024170054	33.734712101750915
22.322667182047642	41.19566775186926	38.86005643175204
19.18416051909718	49.51841693964638	37.95915471625285
15.519804094796207	42.45548587247941	36.811381875000166
18.073246560213956	50.06201163324677	34.623326337568386
11.592914955400076	46.574212173660676	36.38436328403287
18.715358417079333	47.58637656411689	40.500847977870826
19.296959969170707	48.643127867838594	34.495095787621565
24.382430655140592	40.823944678227456	34.609430823304876
16.381729084984926	52.116375125404616	38.225992969038074
14.530042458565156	48.1775953949177	32.93465817698194
19.377629771111923	47.68147495304781	40.73354317427515
20.394967786347635	47.18123960550629	40.965822545926976
15.702530312116341	51.16926557920324	38.777613295506185
17.0623938720831	45.8537688962448	34.695515173769984
20.311975488080428	42.71021724368279	36.304857691493744
18.569465950735772	46.74329443794742	38.93768080969865
23.551575887062178	43.71530595947153	34.96396362118894
17.801741223290225	47.524436066389775	43.71989124502668
27.186304814597904	49.743462261284485	36.84152325227338
20.50416324450352	44.583610575976444	39.10175005100977
18.88156820695913	48.682057076008476	28.87733000062587
20.457781162821764	49.0811484028344	32.45957229436978
18.78660877051792	50.1202966934149	37.38484487001308
15.62727462153068	50.66299655474932	33.884389432240816
18.719514046021157	48.246353105791535	36.49717300464641
18.298429849017406	47.08946983008413	35.98385984804429
17.04240305919865	46.62374857034763	31.971062387075875
19.70413357692757	54.48361250396161	39.12107396478052
20.459192028824837	49.9250941697842	34.358440956480514
15.039008834836096	46.820982016936796	38.94727977828325
20.148232328574935	51.13565827634916	35.68563882313704
18.848420543800398	47.80541865666458	32.27355358310126
14.275439123229575	47.71292682429855	36.10391307885606
17.06772489758203	47.15182464625352	39.043967811461044
20.023640606928044	51.72383080687615	34.445133097262584
18.30366659373871	47.14591292072373	36.3499391162669
22.5402779803426	40.77676550682043	37.61539313761018
16.9425816608243	48.23399814633491	39.081401086871544
16.68187020899181	43.136958093939185	40.39950079409881
17.045783487063808	54.75638801391318	35.82950767313486
18.777789452487518	47.56779556605949	37.417767291087266
17.13124468814484	46.80850829336618	31.483422538651226
16.47307151049395	53.30773527260833	36.17551281133897
25.923050632697116	52.320191971319794	38.53292206648526
18.648297568612946	47.22111735149756	35.4061852365643
20.051981303303883	54.352711644706346	36.51306927123991
16.516609409017562	55.298769604981175	33.33322854248376
19.558723985907204	54.55179944481189	31.564085563039786
16.70576477337965	48.21582612651829	38.89891341775382
18.39834636342807	48.64969864213644	36.917005811077125
18.76693053718791	47.56556249578499	36.98962786146179
17.714805747323943	46.71566154240903	38.32596972347551
20.35519420472384	45.522017958925	35.79701907233548
22.45443203194285	42.94898551630649	30.554367242482947
14.608904134034235	48.598064855782305	44.33183045903647
19.31688892186746	48.63611577800208	34.946058966058594
18.201054737779174	47.664477592820376	37.64744933009047
18.731144132347698	47.52735130905005	36.51981625888296
15.488998047431993	48.89849219869068	28.966861938168655
17.40270112406946	47.86238392427958	38.48025215006638
18.661628931259425	45.92067188720694	37.2065612889193
18.46211562541521	47.97323261881587	35.57193627048373
22.702730187450133	49.303337062563145	38.04207782938954
18.554101113136266	47.32847136754193	36.46162510633425
19.53378851981372	49.80216812998086	29.140701047108703
21.54872112273098	43.44778181544162	40.27205602415234
21.51504691813251	48.06556899348155	43.18282359551863
20.294167219422047	47.57001157184713	31.710345377226844
16.18285845259181	50.98843334494322	37.019143334208536
18.09880674109483	42.134334071275305	32.78201198917922
18.080232721973196	47.46337947860247	37.46974084902732
13.246340351024084	47.892912047413716	30.794719251402334
17.75300283298947	45.004716761118566	35.86947480194875
19.754301411822706	50.339045072399294	39.789298292779584
18.781591550179865	47.66115306057764	36.410328714797416
17.380143408911035	47.54117367545818	32.89421400453025
18.634454553214855	47.5278959193115	36.460212784617525
25.414773149332355	48.47038864564918	42.19056363688813
18.08630843292074	47.30721914166035	33.80718078892567
17.882759091727227	44.0434186710943	37.14205510780446
13.709934875493907	42.95903564957419	36.78399944706513
17.856901774251813	47.09361442800891	35.299862831223514
18.23192009037725	47.196372306031854	34.08555473714564
19.826144287225773	48.34634862482952	38.03218341483345
14.913246572025603	41.31470147166893	31.653941551510954
18.898137076683856	46.95390081430942	36.469607185983975
18.722641738354845	50.89935684594976	29.514129862828902
21.356004227385576	44.453185276806266	38.432857098210214
20.874720362962726	44.176121609508606	35.8144977844492
22.09512967624716	47.746322996650896	38.2222921266422
19.174955459804323	48.24233858352469	36.12768308956165
18.913004992800456	44.357303091828975	39.75106259259153
19.199836611874964	48.015380206004565	37.917301452739416
25.745777979152482	47.5252106268924	36.83230206866662
22.720634738587506	51.06565927099862	30.621675632063464
13.549850631386832	49.49155813476082	31.549425494967814
19.099566550681168	46.617931676874235	35.412313281128235
19.95772050262124	47.7301247313222	40.671987255233454
18.858744777454007	46.72874385596304	38.198094232418434
18.3356428656074	45.8400369061469	40.94184587345113
18.487177068855566	47.61508432746883	36.83655021330535
16.94622789952182	48.75251985489335	35.86988535926049
20.39940736405313	40.32458811752434	35.091243434644184
24.077965344203104	45.003139525151695	36.4191193206035
26.419269441209348	49.35943563569267	40.030849300838064
18.544052728809028	45.0839812789043	41.4968680799353
18.676381346998422	47.7192192771664	27.962267958587645
16.64771862000962	45.828714990837454	34.725434697612656
22.401741027683055	46.70952602349327	33.10594431634269
19.487792105519546	42.103298062473314	39.61133845447863
26.007277944423077	43.888776744635145	33.900988916076
17.981450220166018	45.84834954135237	34.70960407431296
19.160023102054087	47.193974824449874	36.3773315215417
19.910817626825903	45.991888817605385	37.112528843074514
19.28785144161453	45.26912479117985	36.32658607311381
21.21949066288937	53.2980356183597	40.53888421478898
18.805053912969335	47.07514291002444	34.71711702762048
14.70267661823318	49.77003424747029	35.20789174845977
20.067406000890358	48.91625991986368	37.01567266209524
17.288235497718567	50.90471664341793	38.95062101069928
24.12607813533193	49.537418788375135	36.01267365162169
17.864905341398302	46.21242954064394	29.006187914299332
12.915973304278754	42.53167298420393	38.78654751358449
19.595251712516518	41.64461085414975	37.668369815303656
18.624366023530204	47.87639659539182	34.31356796143621
23.59612452295489	51.690140482354344	30.334301698489117
20.703851221500987	45.806437327972745	38.54922341461826
18.71818268043654	47.4694384269279	36.62633939880173
20.553859140499654	48.22829050656268	38.15796772247744
14.88546703384688	46.99560005188317	31.998852676238094
18.597900250144445	45.869256171353356	33.63287851201645
17.691964406912945	47.69876402261621	37.48273614302889
18.578211709238406	46.96695356712954	38.57728687284884
17.125399887042054	50.323881761030236	37.03869745504191
17.682806801444166	48.405386843468825	37.447704171092376
22.780276759717086	53.11594861360877	35.19763858645335
21.55491243607231	51.76152967458164	35.17019968650864
12.588010220824444	52.470040093333004	35.172419896102035
18.723174869930954	47.467286950109674	36.61003238998568
23.527175542122976	51.416356916818934	42.956221017487785
15.581798165003372	50.86787399730025	28.97938581298407
18.584690418213686	46.36646387623505	37.33786251594572
16.301423024194953	45.05325898450098	32.41732827504806
18.841080582771	46.98308314688363	38.20728173513295
22.91729385894039	45.00596086447131	35.392876960641914
18.640800624144717	47.51362522457981	35.18688526110197
17.40290345579853	48.315606672436374	37.30170497376555
20.77389489698607	45.18551343907185	37.32519466298408
21.112191551112364	46.80289301748917	35.40404805840251
18.846958153394173	47.25215029600143	32.97688383694979
16.282365192238537	49.4580748824221	37.07822633479935
18.25364695315334	47.67607572338312	36.99051370263409
18.654530378740084	48.53458488316404	43.27446329844527
13.992319520247555	42.595495689354266	34.2215487454788
20.792061917293818	45.65397392507728	42.20368191519549
19.51558268241401	44.36354024825495	36.17010718848338
17.897861010046036	47.07470915776939	37.368101150226565
20.351895919134154	45.838643401855386	36.36044496031548
16.882893083229035	45.44265176613695	41.051885256556005
18.652376541626495	48.0397619969207	38.34924239682447
15.551613252252116	46.915747837489434	40.02986932051044
16.6826965261875	47.23743284824161	37.77505436799215
18.24837744666584	47.341791917600695	36.335906734238264
16.89699040037872	53.35620224972709	32.47889156349097
18.633213653032357	47.85788810923295	37.238962395651285
24.663520526239978	52.18125777675609	38.55771307570943
18.718548761262188	47.54033250140444	36.60309098926288
13.387235416919513	49.051798778408255	41.335369662614866
19.95482168596393	43.816617724053636	38.03136330423048
18.60537903853769	47.796472193086686	42.44769118495011
18.02742560640559	42.49299745358091	33.026588979516454
22.105567551031495	42.002470386368536	30.960212367040157
20.808211972205584	49.122897143037754	41.4016692732519
18.265826046875297	48.117154355868834	37.45060197827783
15.711373631370252	48.88811329971615	28.70103932097501
19.021022239572204	45.031221340876016	40.88679811593641
19.223824767913175	49.70914260419379	34.357621162615224
18.05869466907418	47.9505107922642	31.890716743073956
18.411726511346707	43.71899565581505	39.71853235399791
18.991474820270312	48.87035486264556	40.769462843912166
18.679728444395014	47.63177649301925	37.733819070078404
12.8584804336667	45.2990888621052	41.82270789567255
26.243774767937765	46.78162227373775	32.84247312696865
17.151698621537328	49.06723028657684	36.95419884150118
18.434367908880912	47.763908992851505	37.594670833309095
16.634427710544262	52.4242420365116	42.822924598392916
19.510509432271757	45.99619844679005	37.99102345542999
18.272721139327093	48.31361526919784	31.28837572657921
18.999131015042334	47.59304187407442	36.233224239580814
18.428048337792784	48.14083746860554	34.84997961503102
22.712720643591734	46.89313874058019	32.082897240320214
17.458740063244342	49.2177954021326	37.95890106429782
17.80611169246954	46.78413074602403	35.985595527068156
19.006419327199268	47.594859052016766	44.19474071026663
18.6784097218461	47.25251587385304	36.84142275936986
23.29616336861049	44.64413020169058	39.472519277174634
18.74061202326939	47.40748753799528	37.01905181859577
16.477614242387435	47.814528541117916	31.984417544646895
18.96829900860371	46.35223138849279	40.719423504319316
16.182961126657496	47.15718178182357	31.92457818054606
16.199064825495928	45.68809768180167	43.62106884083421
21.2337988630884	48.03168341678125	37.35008420794453
17.560725980695587	51.13537934779027	31.545885232970186
24.17913441734742	50.35671741925517	37.06203432470588
21.16060898443046	42.04151769742895	32.37679349634804
18.520577324092656	46.72529764554856	37.440357038433454
14.961065991030909	48.48461409198585	35.66769418740965
21.830715629735607	47.79236311327557	44.80692019651895
17.395453909681848	44.923755232892	36.131437073039876
13.684688886695515	46.38275426780788	30.9397295554906
17.590369546889463	47.612833660622194	37.58011924650481
19.220767822651293	48.77922803714963	36.41505550184327
22.635110184073532	42.276421320304934	39.134277427755926
18.666007641596956	47.49155071972823	37.11395297359902
22.048136842436033	47.06841079188058	33.32100535711928
18.82155156953274	48.36296006356242	37.07449798710836
17.180534968021412	49.936263742151	39.378952135792844
15.738518286975285	47.89875181831565	34.13667107747521
22.298281011804406	50.15744707667353	29.623684825768606
23.60959025898302	44.688112080792685	39.08668865010519
17.478894324858963	40.4051444920168	40.28159186929957
14.205692361886006	47.835876572622375	40.37953596410024
18.783464240417597	47.729161989173406	40.15679456583134
16.655175481572492	48.25346569920406	39.893351005018694
19.577938047991008	49.189563798528894	34.71507059520371
18.552377543240976	47.60533006507746	30.137655305313004
18.51044716156648	47.452655154794705	42.86740284066221
21.856830676129803	40.16584222294438	36.8271596825892
18.90395217739191	46.89367853149628	36.40834354807913
18.704119649547764	47.51652092081317	36.62892374765697
18.320265029245842	52.3630006480118	42.904849028821936
16.225918528758072	47.76537298546842	34.41342258897911
17.731761488206992	46.745208046839586	39.380765498669646
14.4793521677366	53.470569921187966	32.17108678142129
15.077614118846641	44.95472107246267	31.310641294296296
19.694900391078264	47.16826497918784	36.5843791136184
15.135258015583931	46.1064290045458	29.56136294620297
13.63802206605552	42.875058493512256	30.894123259435442
19.300089530429723	47.122923599461714	39.44844085544227
20.903537129902908	46.89538700118664	29.022244007819914
19.214693840291492	51.65816997559812	39.4810230477613
21.609388325004005	53.40056053577878	34.52705251039432
17.625481579996	49.58774856097049	36.245103303744884
19.554683939010328	40.94739921883153	38.2932519415448
20.003189732050064	47.89748770941726	41.789909000794445
23.675852682386108	43.80243359201715	36.7476748804497
20.568138084975764	48.656209382861064	43.30171180055284
24.29080346776569	46.17878088521453	42.12832212972351
20.137271063408996	47.91735156426978	36.27607029409978
19.81507742894891	47.14514158983127	43.096147764186526
18.808915811490344	48.01209282350488	35.78133808023267
18.802921559602396	47.52366022246486	36.3466611453978
18.09945985957818	47.131065353776755	36.42147289842889
23.04998025365603	42.572325195390775	34.81848445172379
11.726138358669264	48.93965108375479	33.94111237291031
19.100977291176086	47.237840752693664	40.257185428586055
19.74136604279469	42.056814211943326	39.363767471220335
20.556879275023814	49.65531399710192	37.52674810607298
13.879018424772118	48.33198174716584	43.419180716741906
21.639646943099756	48.99429569033278	31.831775401703464
20.441077673796592	49.452493829125075	35.24183754202079
20.380138405667644	48.9919437042449	38.23781913273582
19.38708539066088	45.17805987444076	34.41295010207264
18.725845895891556	47.53754813414344	36.62012085596336
21.802680819877754	48.56715324222747	33.71555608883974
18.650033914761025	46.99155185448445	38.35292896703599
18.411265706633422	45.01789369637307	37.35488195795486
19.116006021054034	49.23574874467211	32.181534817408
15.83374162939714	46.20097650020822	35.99377189774683
17.428735179586816	45.42091577735658	35.90273682322401
18.72493412674828	47.54309497034928	36.19855331380712
20.54009155345859	39.81521205992287	39.149891313457545
19.192204124460837	47.645998496456684	36.88627698742271
15.823320812811255	50.83564954891032	38.5780715579318
24.578556483460403	46.37930220408254	32.2474058460081
17.1990336039854	48.747534261496114	33.05058214411981
21.009654676866475	44.25277027615279	35.77757865083159
17.34363271404274	45.67585186891568	37.05689563962848
18.833809707241166	47.73151043403059	36.83671310491252
15.569084560882263	43.66339551665039	39.97044474697157
18.071230847147906	47.915546521379945	36.10854477371006
15.08879144837176	47.80391446222242	42.35504005119564
19.878350095674595	46.0501188523264	34.07075281231483
20.233477101834847	48.16508539376129	31.808208925687605
23.3988987210425	46.112673682416265	33.45702143060894
20.794952135705202	45.94648611416199	34.394396080714486
17.84595162917741	49.25715853598153	33.63606776768101
19.351805094740364	49.652639488771484	40.85020093485235
22.153957621051116	41.14502710702751	37.31008663650939
17.002161020140225	47.30104173374075	30.291258618973178
16.37157878561897	46.65723499915511	38.53485455326418
16.022310700203036	45.80853090572991	35.42906445829702
17.212960336558073	45.807923048893926	34.248935077221795
19.18964932563252	47.052796797468694	32.50828393559816
18.608286814654118	48.202197040490894	39.167818162806874
18.219510456411914	46.31610580896404	38.38490361919038
14.913049850456286	48.321891476920186	32.00796235867888
16.508419315749816	50.182801621019614	35.609377856565786
21.440596432530786	48.68235245829225	40.11970023486704
18.681745063442595	47.90795815832742	37.39817746703357
18.913174119121468	47.41452272021997	36.60754048955308
18.600997349761183	47.44677037398762	34.77253132349117
18.797069342971493	47.61044733412011	39.335981705623965
18.55772803095167	47.69313143641057	36.41416850659015
15.38476075452907	50.069970000842645	40.45290987333228
20.076298351269553	44.46369652095366	35.7723292460632
22.31129417141495	52.63824063314272	37.31429808556282
12.569942365235278	46.495787322679746	35.049622304422726
19.669703861077224	46.95969071522044	38.1343964692038
21.103154674181628	47.253183804546204	38.6543760442102
18.41229164688726	47.264777574762356	36.34537996923148
17.22047251094122	47.26972505917517	28.516461885540615
19.213302280483585	44.736301919958535	29.567020323934024
23.515216169692174	50.733589051426655	42.46787602723983
19.643051353238647	48.130760487255145	35.160948655414636
19.63276268143693	45.97234904716943	34.41978955492571
19.064047920849166	47.43948153830767	35.664783784690435
24.031080996309992	49.14757624521482	41.82812046178522
19.00510824090575	47.7520848318725	31.94985716919699
22.396452239100476	54.622058711152796	34.32413919140655
20.544021800437342	45.71258383009114	37.63664000207714
19.098042395473158	47.73701485030448	36.9642181565943
18.650892765190914	47.93196139759289	36.56863234466637
18.50322245875549	46.963448560717524	37.93093356899825
25.793212389679265	50.55748679119679	34.01901198476391
14.333153103480024	47.14847430270703	39.11633320067652
18.76890619154765	41.77431753126207	30.502165849668224
19.592123309097236	47.65857654200906	40.38930039245017
19.717714020060143	44.26545104846939	40.495339248723795
18.623187321391153	47.136968053276505	36.177883974219526
18.728946957860018	47.55245989691795	36.59370512305928
18.740682855105423	47.33216629530947	34.56468210917819
24.086689962880946	47.67416851921024	37.63422786504065
18.125881600127563	43.721511703069325	35.402683564753914
15.48664940880441	51.37307058181328	32.93743631946886
12.275739116333959	51.15257234243811	38.79192804020155
20.010797692861125	45.35526124713818	34.91417932990545
15.849824851011698	49.80720298401733	37.51368583559751
22.830045773102242	45.67900331538987	39.87616795586118
19.091355422720365	48.97176088253249	37.071323068060444
16.341441604002732	45.098036807521495	35.25216656206351
17.554073378381002	49.54546020585137	34.821601441041594
20.36890545872434	46.63902672752482	30.2802317527986
18.494499279298346	48.096876783777596	43.6996454054796
18.606197824074766	48.605984085085964	40.6209454113486
24.434043854951906	41.97444046557416	34.42705197700969
18.968302414274913	45.4304008771806	43.548702212188736
18.113448581361805	45.23658929358969	39.25889384870226
18.271379781763013	47.87290988830395	43.746614356765775
15.618237016810902	44.208784952468676	38.027857315018366
21.401955355974515	41.70381722005578	35.66374509112094
17.16558123349182	48.655328671473434	37.60847342550317
14.95829934062993	53.91649191145179	36.810426780750895
12.98795038348167	51.79255148743927	32.18832047017941
18.746099388218706	47.54159784221435	36.68228255466955
18.20709229743587	48.68381624309891	39.344713600090074
17.704061267553442	45.90923606864887	36.16755041874221
18.77304015203135	47.792517954769956	35.12724858812524
19.07561606668491	49.08926024154788	38.90345638855399
15.894704731630908	48.25391532414851	30.790218420280063
22.805712398241766	48.68959419882533	40.943165651591514
22.13093554386862	43.528917353991	38.39290769915111
16.35097448553353	51.12555817117825	34.29563626466581
16.69189968037255	47.35628450232436	39.10581012915836
20.87830609863506	46.4047793880586	37.08311943469249
13.142219232539734	44.080868791835215	40.8363711483458
18.916467636141057	48.20293034723393	34.147841781448456
22.301082894847728	47.48943263180941	35.98933855216098
18.984892901288166	45.997564084535725	39.529340737819815
16.06106297716799	51.96616326379277	32.154361465175604
18.574958014286214	47.71025957304297	37.903979831008314
18.67134726119492	47.56115062514097	36.64983804754509
13.406031841468833	49.38523778243305	35.231433943561214
19.451769159875006	48.99005267498644	39.14450571668535
19.04837537593121	48.241147924586215	36.379920649644184
12.220575212271527	48.98844635660707	36.47003819841366
19.04228624223874	45.06621566052301	34.55744403160915
20.784705021699743	46.234768098165	37.3715767773916
19.239150937436914	45.64716358764424	41.81186638400994
17.88120151212572	53.136973139939556	32.667150717277416
18.952678909068148	47.89284004725971	32.568581893323206
18.021817026615185	47.49024899335984	43.41527216400025
18.997441104312465	47.44668924968457	36.68251751218976
19.217680101128593	44.55533237604848	33.97891810167887
17.562517267213316	46.045543224153704	33.22019529779181
20.608423956747814	41.1546952730011	38.95741992072015
14.069089793031221	42.542734959577004	39.52883232171486
17.073117234314907	45.11755241694914	33.31712350088696
20.687688834248718	44.33959999115269	38.07143549343263
17.472757390539826	50.19907680651276	39.94766656012142
19.434223007982283	47.00250002893445	29.933978704822692
18.752660553902505	49.03465834128621	37.12573872481282
18.036043712523004	46.24649025814157	34.71700680668406
25.41952993350944	42.66056624171965	34.68866105805085
19.100685307319697	47.90178892457577	36.652088209431206
25.7193508343692	45.366939670338425	31.374112674127346
17.280828855748876	50.66573019178604	28.96645944114153
15.829227472709123	48.563198605239066	38.190911826247785
19.029506248985186	48.05602593411568	38.450049903544524
23.918662852204683	43.20845387664404	30.911931955949846
19.363395779321955	47.65791618737096	41.009063252575956
17.279191618448245	47.700509265456596	36.88687659932048
19.11372495539128	47.039916577068176	34.12712163157555
18.37900135843757	49.08257302732817	36.68619756507977
18.977912011776798	47.66569418507554	37.71061515280208
15.831091014718737	46.968620772694614	34.65428832896131
19.45281368844442	52.39807290392436	41.562025769864746
21.992199802552	45.01441526521615	34.22751611689286
17.49251017031644	46.22571934965966	36.113743404603014
18.663060182387714	47.53945248945115	36.547404630476606
19.269765500458387	42.35783188969576	42.13491458494194
18.92761454555045	46.961597252271076	40.49836090071327
11.199592089587231	44.015672087201494	37.78827530941113
21.585509277055124	46.84276287022734	36.029345069764155
17.670337092401663	43.076289110755695	40.57267093206219
18.691652431036125	47.60001069861372	37.38792590742363
19.002506930538594	46.42080025288839	35.61534864783829
20.04181920720626	46.90371153076018	36.0678727835678
19.757530496187872	45.910582270784666	38.38802554027127
17.873632891793566	46.86018995402317	39.98622633709306
18.354428416991485	48.664978461831666	30.174105629969755
18.594378073681007	47.25699462082976	37.37235756402829
19.373878056178352	52.95723167129334	34.03117659611999
12.711344576765995	42.85520825063738	39.87306424587519
17.97307547950241	50.39226639351986	42.632524511312475
21.03331094721526	48.26330182513146	38.769612599651985
19.071515045371733	52.459279967466216	32.91874907794822
20.30710020059708	50.29480184624824	42.42960149521755
17.640384559929277	46.652327902882334	34.96944346502921
18.732855202739604	46.333561697007696	33.40128211139784
18.734688152962587	38.990392458342846	38.61872627486243
18.601973092404112	43.676982264972416	36.13076693188258
15.917727825579696	48.477997262883285	42.03622002764436
19.697186247340806	48.10809151502885	39.47955310581688
17.959580449065232	47.57442747859385	35.6840017285146
21.907776654463444	48.84730895642125	44.06984984020903
22.261314951698907	46.161980273817335	38.04102301346223
20.41764375214118	47.53141380190625	37.98470992123654
15.075634271617755	45.45363896776406	30.893479966659456
20.384268041088724	47.573550596896176	28.6278037623474
20.827543348613332	53.2593632749083	41.016641244868104
21.713686926106497	43.49535566266835	34.67755788063069
22.423650458024664	51.878604551561594	30.05228466102592
19.034634449175766	47.53653573599025	37.5297618333605
17.512384278663646	49.95546869628048	30.287745168888392
18.98360030379665	47.119644654159394	36.61891256363346
18.550933890669217	47.45556175573808	36.4596128261246
16.157827296131348	46.455044919906946	42.199431126314096
18.56075950415166	47.50576346935749	36.80671405302761
19.213212481463298	47.373668967347996	38.39484933779669
18.764815852437376	47.62515156189775	36.64352135900622
22.128082908609926	50.10671799209527	33.998948877342436
18.939476191403525	47.73152026453223	36.75660018621221
21.358925115093857	52.45724803499428	32.03680503692196
18.797287520406414	47.166567871600854	33.11032056719418
14.674348775341095	47.8313843014962	35.51183940500689
18.83185319563355	47.57186848667662	36.593048027456916
22.009647440849925	51.116379938299204	39.6779821618976
13.75209133906026	48.324283576189956	34.824916815737296
16.067678370711278	51.699856519851764	39.79193640626609
16.07509364686792	50.539261296648036	36.824025717728304
22.698121356488144	50.891549364118724	35.368434766987384
14.76642769060087	51.417523926707595	31.805024583831404
17.97350154160926	51.407076633916226	37.33819700642217
18.58823049720254	48.057243755001146	36.490589407992275
18.522900254191082	47.981195570155556	39.09380038786772
15.916652086702124	48.756510480013766	40.304883543705216
13.654804695453919	44.487892324313215	34.9987906590219
23.892959665076447	52.44498650648585	32.6497730699994
15.952346576738606	52.39297185608649	34.19375845673705
17.44074314253185	52.31542562872065	39.376243343479615
18.68441330004922	47.976984590329565	39.363386834270614
15.864365069092752	50.19425758457346	29.800722193637792
18.815501239414516	47.627995234712685	36.93496464626567
16.08802622566141	49.425978753346136	34.9552794172849
18.15407760770622	48.02952679869606	35.52136155754296
18.737388504812884	47.53735664696378	36.376507648224504
20.97778005583745	46.768499929498056	32.27538390465126
18.25017672753889	47.32681036454336	37.965279531527855
19.204945504270988	47.480239284739405	36.52649952127944
18.366407509896053	39.24612775468168	39.219427532286375
11.705164306504647	50.53098656726368	35.619286287966275
12.313615288106485	49.423894268630924	42.11952239047487
18.749269400915452	47.03345794628226	33.10430311174166
19.107791272946276	46.803416117627854	33.33578088954877
18.863883010228367	47.443691009203874	44.12255066986812
14.532875801525726	48.749346843101904	40.60442364321817
11.098342293550381	46.04256341368599	39.25442955248595
18.96535018619917	47.77519961763723	37.27718030795559
19.221565488246053	47.22114809666563	36.67976795535804
15.130491506492678	47.93142563537197	44.6398696733428
18.889702727087833	47.59487067437867	36.39618485930225
21.669392427654373	55.60813100042942	34.25858368547166
16.68865432746677	45.97702005726274	40.50952592570735
19.21232667516697	48.17398055964767	42.202137183721284
18.182823840608417	47.39083238442381	40.87948447966245
18.687760072035505	47.52776889034848	36.715585587138726
18.0574051589833	47.698492208500326	38.04754309851587
18.2012847465811	47.53115224400732	36.466236593873795
21.267400271636113	43.87017876583446	31.900700581959626
17.356398390912297	49.67830936357248	37.56224726449492
18.33963426496037	41.05730856324877	30.55550251675396
19.731743271765556	45.004753870550445	41.003653653275144
16.51777087455187	48.51560096751775	34.06952059014253
19.094945217000753	47.776296557213605	37.423665758871536
18.761842400689172	47.53497042597021	36.23059879710842
18.960057124131353	48.395112224145976	37.6358512108265
17.991504867671292	46.76310999110216	35.98165202691768
19.031822424901996	47.415309699146476	37.068097921375696
17.63069957253639	47.26797547716895	36.56355380145795
17.77980892001865	47.19303134629325	38.52444857152691
18.707668132281587	47.56871629540652	37.443693177215856
19.439071446902	48.52282537817034	31.689304233211974
14.287145071669912	54.18189503559788	38.5939830378381
18.9627719776212	47.95001020387689	35.08162192307138
18.42007025341177	47.25228305828032	37.24006258063621
16.25576233677368	47.76693993378861	38.42171882711561
21.596084426241845	49.61856653254728	35.98747911428612
14.352628789736839	46.75155137799699	34.33473633231432
22.387830062166593	49.08426817491447	38.611516822796645
17.965023718709492	47.457882938115176	35.30009143257476
18.82317497481534	47.71618660570354	35.72294708789519
20.89605397192131	41.759587942868606	40.75632060621913
18.75228040867173	47.530172256284025	36.94000269935343
18.46743255818537	52.868280898057286	31.181158286022395
18.72758603912719	47.53940491570126	36.63409927508615
17.082829558985235	47.399276391486836	45.274850993662106
16.96769555947059	47.578708813559174	39.9272220522522
22.85008689503342	48.36167251955287	29.913757911108675
21.46003410552199	50.478682292108005	41.811825086938796
24.251892071242715	49.110406902683685	41.258073320211246
18.79217985206828	47.75708528092971	35.2633359686501
17.656321612900445	45.16634682623055	41.94168437357693
19.510878401919946	50.08093464529569	28.764358328826706
21.19950134381783	51.17822605304558	36.87762957129792
18.169310830595343	43.61665986571535	41.88369489237854
18.89041914934862	47.48760532925116	41.08005660161975
18.541516198427928	47.38147667873326	36.66127401671001
14.105690836368137	44.642704103036834	41.42750126533843
15.50577138003902	47.24161059903	41.849873336700135
20.090430914742214	47.458862576328116	45.09200643720635
13.769877579152501	42.90186179889527	35.01826956008319
18.751789041723153	47.5616684659008	36.59093441616146
21.751673765944307	55.88423689762047	36.119979569236385
21.438965587967033	50.10384656351635	29.669368508006855
12.754475796382216	50.9673248438179	39.7104020311751
16.130907484645757	48.21209579889562	35.66372406156701
16.289509300468207	45.942912098576436	37.776823412999896
18.29129559811204	47.43204333665867	30.608176376618722
18.630271315185436	47.75973086979839	35.549429407491544
18.446071585072772	46.929212925651946	32.750489994204614
21.517662985645266	46.37934432604971	34.4300773623385
18.90508305002708	47.856993965426575	37.97004559979594
18.683438873429143	47.501931535093824	37.70515165575062
17.25893342011456	49.37302967329132	34.211268789467674
20.2402498974713	44.01817082306375	32.36646104429305
22.084447653889708	47.1082795224076	36.566620606180734
18.875553819366527	47.50094034418029	36.5561231056097
20.72874755337922	50.78077418511852	30.357444471156107
18.189752150932016	47.41194600086635	39.60980334023649
18.36896045045826	48.530070127626246	30.1487015376548
19.633950260892885	45.923986697661576	33.8911241511498
19.345550070099577	47.534882045390084	35.58180054153302
21.921229258413874	42.32738966913791	37.46496163024945
18.75738904357392	47.42465628740247	37.07210984662244
18.702167472839395	48.31984291874393	35.50002872827864
19.59991770695015	45.13054533013827	41.47119759988286
18.163977482320306	46.84410957148168	33.64685871278204
20.494149988369617	53.79104790002923	31.060145016765365
18.24470802209276	46.65914743454215	38.293937716246454
18.875759190046978	47.3194587936409	30.772471467527517
18.308183974576554	46.26014188006829	42.38901077485158
18.552763657385903	47.16880276864542	36.34578268400199
19.010701435102607	46.85696228618797	34.25114882837105
17.71293279776533	50.78310980769575	30.607791500967824
14.658142614832059	50.01360394451402	31.55914327364129
20.123567104987654	40.8705072538895	31.714472483960545
18.706479413797048	47.414467836253465	33.6201942122448
20.717929085261503	49.136268801444054	34.2043748510403
17.46441411420967	48.35536561872522	33.511084857983136
24.72786166454336	48.86969924180818	40.2367947834827
17.320094939958462	46.61708701567798	32.02063928945927
13.184540790737286	46.165001721932555	31.06713544342779
21.94142439680738	50.41170188492672	38.530701627986474
16.817461348407164	48.58013402616778	32.593490264529976
19.678600374876606	51.01152436020865	32.84356821017536
16.295483495974707	46.175089598934846	42.4762360736847
18.933032756136452	42.58803257331997	30.08089229774827
19.411569942005265	46.683472878009134	30.729613457749423
19.399664036591545	47.415567328083846	35.45480792469169
16.982925100991174	46.85548194911295	30.76930187455555
20.77231835722864	47.276485056224686	33.32585354468685
20.672062197758034	46.61480201886601	40.1370302442717
18.363399148585412	48.485627755250704	42.290412166190194
18.974234469827937	47.711267148566264	36.79560573741337
18.605997739649137	49.1857900976079	35.60565360131565
18.94662438176232	44.61609459460153	36.6070067505931
21.96822685401415	42.17057000293175	30.462093708701115
18.65020840441419	46.384518558801	35.20233290047689
22.97975685142418	41.7196802508835	36.42121379355268
19.61399518162799	51.34969330238599	40.88482645775467
21.43582387658606	48.37400575313094	39.358878263145314
21.499267646836152	47.670732678753225	40.21681089552498
17.31407198916628	43.06011814229133	31.419452656944767
19.666657900628493	47.92544874372979	36.99259241744007
16.536328290825978	49.32479285924115	33.717129900636984
19.75904864765315	51.64628486785931	37.05086981844568
16.142275261501744	53.83618639706357	35.28037551649586
18.394663366828357	48.31443839568103	35.41245974683137
19.652812850083222	47.2173035645645	30.907336794161694
18.73209825213554	47.51797509839744	36.68632254570321
17.999351919570472	48.46011421529749	36.71401841307255
18.45801678339862	47.450626995529284	31.005003877114454
21.13053091735435	48.679946272995195	34.463843279477125
19.137403277300198	50.0116290312724	41.45097305125785
18.755929111396135	47.85362712130173	36.756283505126184
18.487700709859606	46.71874945205248	37.327058400372
18.677996650596523	47.56705434850155	36.65132410549154
18.496734714408305	47.98340455595211	38.938958432958124
18.506374678560775	45.078257319643534	36.48284586413948
18.284053491770592	47.9261787414825	36.411109653653504
18.388946268722925	47.56539322030552	32.69974553540199
20.230360337513265	46.99090738952025	38.00301193400815
26.04104038005311	47.90233264968805	31.454043091590133
12.200130652319842	47.36603408312207	40.318840356472336
13.649446017640532	53.0048580159589	35.1757181069629
20.016069783563537	49.75271638371565	36.47210332958309
20.25598046923035	47.609295018875734	36.49945063446358
20.19747956523169	46.38813028015579	44.02560120017948
15.665375137903574	50.24507797940908	28.667885667702983
19.729990191999235	47.302497507106615	37.183924463188085
15.94188790282576	46.36462173861946	36.88173048230161
21.49900146050212	43.300721214144026	38.9799385669926
22.690780954179157	46.63788568569022	33.70888646610606
19.70355190562375	49.563875430090086	32.76890609796109
17.16908692002515	45.219665997538726	32.77008066605226
16.982259261978637	39.56451384743298	38.666039311291655
18.635034815228952	47.05090584917041	39.846481338442786
14.079138206483831	54.17244102290042	32.68952859231356
18.601431355426723	46.96743054589043	36.88290440905435
15.41196506655563	50.08807639342091	43.63925642170238
18.542110505306084	50.98483649066281	38.63669591565879
21.257358357814322	46.213975529130266	35.39213899380585
18.526259775840565	47.69687930351646	36.53197525465273
20.10457809376055	47.36148365485741	34.25478846748243
17.569527865055544	50.07185612291924	41.72226292195542
19.217833451304685	47.54754614084028	38.668285212531664
14.474287164700751	49.52041921480036	43.2876341456988
17.419235022170767	47.36475194688096	36.62774539249978
18.545325919354973	42.96964652434053	33.32592643766873
24.29103235329857	51.07536411517917	34.338016580995586
12.551914132072731	48.77783983229838	40.230332773219274
21.322816233063925	46.1844079731798	30.106693588703536
22.159280911712933	50.62194356172758	29.675284926904762
20.40658560919081	46.29191156858006	38.809423224361446
18.602935522357885	47.26998880238802	36.9135207642917
14.80039770001843	47.6626175178605	41.118023505523674
20.868795383568802	47.60073932422708	40.084262059809056
13.13579161378516	42.4529910929656	34.78172923937433
19.17742394859485	43.437168191019055	29.15841083927161
19.400100366385146	47.70385564468448	32.98286935759471
17.580616988765012	48.220601456496674	39.14907746813548
17.611161925157013	46.40016461385694	34.242712824411555
20.63312715553176	49.41598569590371	36.6742947482882
14.958557173889854	51.83869867273625	39.33403358175392
18.953736565782993	47.51288698513083	41.98376449260867
18.37913927278786	47.04484020079323	34.26190874705015
20.080900412184782	42.7198682264045	31.754886241070416
22.562999840519076	50.919316242881635	37.41804315008902
14.438176563595388	46.61804107096375	36.43844476951128
18.63090219849853	45.73883728759826	33.9061192227349
18.047431098404747	46.78099293640976	36.43141044852765
18.73747274041897	47.5504997552524	33.6593305428252
18.581822164289136	47.120738485066695	39.861197896250715
18.74486687142587	47.68142074023316	42.71209780997128
17.471519850156465	49.73133872156654	35.36402739800146
16.263647091120752	47.42805856913992	30.340090139858795
18.683620277364774	39.5030837637816	36.022709954418794
18.443388542690652	47.96392988207191	37.185198880399874
16.73977586637433	44.740923281893714	37.00952483439093
17.874015039969066	45.99940950477993	36.249285177950185
19.3211951437192	47.12217884094999	37.15440845312307
19.083730449573977	47.24502032900837	38.18583078583628
18.57017743010882	47.243320379183444	39.12902541154308
19.944562038136368	49.22325059338873	30.243314946784125
19.364725232897065	47.31206427573531	34.356122261549956
18.348760769372085	48.5820633422841	32.69524425551971
19.330724371635434	47.25038260580895	36.420529391252096
16.428662085664556	43.70618652898796	41.26128997875753
19.383011443411746	51.374696140387016	34.163243212742586
16.044813007052447	47.52275495461905	36.31331970579443
18.62365908154325	46.973599760152595	36.63986870682181
18.729630930085396	47.31240537352123	36.26410181072403
16.82677002497834	45.67865217986759	41.035927476885206
18.41005970545358	47.39758614190993	36.18952402990081
9.961502080237024	46.540977719270984	35.168392850501284
24.487220286547984	45.740346779861916	34.06528551876894
19.264648708892288	45.422866994822144	37.28699857982468
22.37019809903989	48.489339080689106	40.540434038920736
19.359423848043296	46.81565119875882	33.86392634126193
19.085150008428176	46.84518509215282	36.107412659102344
17.468508077584012	47.857844992194906	43.96207694493599
20.30858837979989	47.20590490168571	35.416169741692066
12.223028338443582	45.212144398008256	35.379915657570166
18.550178062257707	47.132956091290396	41.52136248700063
17.5322553088797	47.64150739070309	35.794744331310916
18.678004814476747	48.17572998122303	35.312139257590765
17.758845812635467	47.29917147760783	34.00377951400255
21.26780777967694	49.58876741085736	29.491742634759913
10.956263343849187	48.75077718001837	37.480619197711626
17.9865565393182	45.5750937674572	40.46133783380579
22.98983689359633	53.413440847453394	33.828191046716114
18.455209712494117	47.54268836866655	35.96088581865982
18.62419560425896	47.26965624196214	41.13796157499953
15.933219091371054	48.43870987057565	39.20114414230656
18.89889119323105	47.5564819396912	36.48977541686755
19.70553814915544	52.038776612542755	30.799992199222846
18.752431162580066	45.382399082447606	37.09344323520764
16.212931403775144	46.89397055772247	36.147747526814086
17.827028447932374	41.637896435647775	35.014288668188485
19.93098105959593	52.356298627106526	35.64358664202001
13.483158975729616	51.667784407903476	35.94247504282653
19.01726460153211	47.58106747968326	32.148413454720526
19.03749772501233	47.602173842000035	36.49596618505925
18.633380113852944	53.93663033978909	36.160306113974
19.59201965598085	46.78903709262341	35.69086833665493
19.222849878795788	47.41941981195511	30.277407160205733
26.795214293832714	47.81364107335461	35.68325806630965
25.899858563507436	45.640608026617386	34.37748675461563
17.81019105841595	54.65037071560137	31.272503646652332
13.059926734492176	44.27421893673009	34.77937638443945
19.027669774532765	50.467481359066106	32.60465296163759
18.85478855523812	47.21685328035643	40.498204202638725
17.41985793965782	47.68620276427221	32.76732302880805
23.800869304258434	46.441632946976725	34.90841128051332
19.728460464966915	54.19268181951537	42.20193537076308
17.189468160370787	47.12510387685367	42.26672066604089
12.91219804862018	45.96428585277599	31.041658903836808
18.913270154609805	47.265189783785075	38.10718440336598
18.420544293072815	47.914333777965666	29.00999505151235
21.54543246735845	48.70188630776338	30.707998117897564
18.85368669988246	47.30105794596101	30.661002618411896
18.82193252728578	47.88149677146004	37.619062190833155
21.737225772850245	45.336383611413844	44.282185870179596
17.582149242452047	50.642149353294506	34.327250336787905
14.78284917090044	44.435003330469165	34.68941658937725
18.169894972353283	46.8927555762933	34.4174602875967
18.727413879337476	47.594289777561116	36.63724029536
16.74419662544445	48.55419784648707	37.39915757030165
18.938945004914615	47.72298541983277	37.26118035360045
17.56948309446969	46.43565888940113	36.03838100413651
18.899516818069404	47.48550397294446	36.11920045225942
18.86317062598819	47.835651115260326	37.042373734807725
15.666383563124468	48.02198429387243	30.758973559117116
18.742408990610034	47.53130990057785	36.667990428028226
20.31343719420646	46.13712603450465	35.668476654456846
18.039519777305237	47.38213878970903	45.045783726170654
22.029759851480783	50.57415020940129	40.58799102169782
19.67496581494794	48.52826505769358	38.71361336145718
18.721097454681964	49.84426867326261	37.481652068562916
19.739203174145995	47.27702362219049	29.052881289161114
17.077200084995	52.804082894009674	41.89568814067608
20.586512421456256	46.20062686101222	37.3768862633804
18.683734344441437	47.96444967144129	37.83308096566142
19.35935447905239	49.17508605861116	36.41452716610783
18.482583502849472	50.20520381771869	33.96458885540327
17.9216022165862	43.96677449847095	44.70537745306088
18.688608662200192	47.445042983285376	36.10434984197932
18.537619749804044	47.21501762173396	39.423893172356024
17.70234390624357	47.858723117414634	43.54874270759935
19.49664707362231	48.633696864845405	38.86472960601675
21.254925174410634	48.34204176830344	37.16186544471252
18.829254592415325	49.51980317107875	36.18794259367366
18.91315198787248	47.965675237638735	37.510228117364726
16.72801088697027	48.02680999923236	42.00138781920219
18.749178289531123	47.565957080072806	36.91366947964015
20.2034109236118	48.26278237341407	37.58629406694035
24.590009974897768	43.01091553160831	39.52867951819558
21.580212173872418	50.39490054702762	31.08989485416869
18.637452530591336	46.90067768754282	38.6759253906624
20.80463234898246	43.73572555897892	33.29338328138209
20.450126764038725	53.40159347718548	38.58019176311967
19.795423607108503	47.968965180280165	41.42982515648515
18.67460286747864	40.62444063357512	39.22058172530298
17.520382441794933	47.335994910642235	37.23953964152183
19.73887988158512	45.95314481886839	36.49195305708633
18.900255286502276	48.63281473090806	33.89103052265057
17.677211586181333	48.58686339898794	34.0719001156334
18.276759939146096	49.058220596648276	36.58503634403734
16.116872962982505	47.29032664973407	32.05443404900665
21.09484458440704	39.32329580327536	35.147987973988464
18.851614353267355	47.604264722624244	40.77016507352667
18.828107778866187	46.171729690820136	36.85455720870065
13.262028563172812	51.53672444728418	40.74801911377344
19.988456098635606	48.507089187203846	38.312841724839906
18.862118256253368	47.403421092249445	31.730026961535348
18.6134326390814	47.585028474370404	38.06967032322192
11.386134816249818	48.51691753782493	32.82728994486677
19.13969446730799	47.21671683588843	43.36787530370521
19.79382237619355	48.28573741199661	31.029400008564586
16.324029902277115	47.331614059717154	31.10888243833099
20.556505370947896	47.684787182269915	30.567488064750712
16.485237381950036	47.87468387856115	29.85979385772913
15.939923056605519	51.4124130641563	31.635351774486246
20.043260835351592	50.11124913646439	28.4437441553641
20.198683442318316	49.441568943799254	33.39909414235453
18.703085151823093	47.52240599134517	36.60451251625696
14.54719930033517	43.460591278406454	39.955909828554
25.8611220584983	49.65809503026684	41.39083082127867
14.733282437608688	48.136570328025684	41.43503590473054
17.583779949865608	48.3023650430182	37.40225050786371
18.732038245572138	47.52937961250602	36.11269052020452
15.787255567584673	45.52974501997794	31.336211161784263
18.69558015021531	49.30548293815125	30.904779204944383
18.727844781141307	47.53775661685795	36.219134322838805
17.0930474176892	49.5659864072373	36.76405770999101
18.302296064902347	46.664358342264066	36.59491517938925
19.177401012591886	47.59138374029699	34.321037870890834
22.916799550278107	46.105100437661335	38.8770375896702
19.061804196375565	47.38078846627876	35.698736337279094
20.662913096513936	45.215527911625486	38.74671638972235
16.846330967150237	51.74736000936972	38.15454316310769
18.786309906201584	50.8025452330917	40.00023698622763
18.3572449788188	54.45335466832113	38.13471136345262
16.304563593696138	46.58735457500912	42.181853243182786
24.783527939713462	48.8271969602042	38.75719912767038
13.689145699319202	52.87172707815339	39.21474497407559
25.085925408527725	47.63078301962792	36.416720098829956
17.851339539152054	52.174883468165994	32.889486035860315
23.755651593558582	49.326706922520586	37.97018543230678
19.366700643794957	51.82958038718808	34.40613707988612
17.956838352629568	48.75521326571139	36.448529976626205
17.346215561227332	46.792606723855585	32.08255126634896
18.311471665450103	47.378398653625034	38.448728662888506
19.763546057659216	46.77578628363276	37.0350694474166
18.33590676297818	46.99354545136672	39.39206522949164
18.790569095802823	47.33453712712677	37.58358566884744
17.315988402200738	49.14488110020866	32.908220220700635
18.414739646911425	47.57258338114925	38.77178432127252
18.571756909677298	50.874367171091464	35.8459046823071
23.418685550191018	48.85924838327516	36.10746399240118
20.055192955566834	46.789101949744996	36.08372247193762
18.93252976851705	51.37291012126888	42.692976995525754
15.419834154845228	55.077016666065745	39.58802167984659
18.46080972658019	47.343150186570796	37.64175931838816
26.243110638923888	49.11823986299068	36.06592259921108
18.74255673124886	47.51245095348178	36.432280579456624
18.22862885001387	47.806976656545615	36.384923278714375
15.290799207978884	51.18951508701563	33.41335107277006
19.34348504608769	47.2112350196682	34.809505910505706
19.799797999769766	45.180243739281636	34.68106965931421
24.11881743413459	46.122019805365774	32.276435796654646
19.407959938175534	45.57108553096079	36.68986968281028
12.551465443655133	45.64039719840919	32.476615836653664
18.841335881453414	47.43536073544911	37.158390094630846
18.672749603457582	47.74559617038029	38.17256940591001
18.961658027795252	47.511441523514684	36.54903190134717
19.170982763030025	51.45785792238236	35.1724617696959
14.327857105566597	46.56674500931509	29.870229484477946
18.297850359462945	47.25740791119334	38.09223855367966
20.759941627370466	47.48306165868163	36.166223246041
19.027385726196258	46.119096513246525	37.79208853824134
17.311408271761632	46.69737953781538	34.4038198070498
21.458490742619965	47.72987347530795	34.12189927833515
16.517515771468933	49.56723308422661	31.41612824114184
20.396025332660805	47.136842642863336	40.63673371766734
18.177517917341966	47.78021927961303	32.27851671304367
15.862895828298168	48.80702857846573	36.61543898381858
18.710334434518042	47.668400174830126	36.66298299159777
18.53522361767137	47.087222598074554	36.071889427017766
12.448580881102725	48.25483122327859	38.01538019443365
11.996046438738528	49.12343395019089	35.05380906671595
14.84323662924919	45.206018384252076	41.87233644750621
20.717412600284632	47.92033342179428	35.84148690791694
10.889625711593162	46.30092904038307	37.59863710334712
16.531080010501398	44.12529747314984	28.63048659528838
15.054696498123462	49.776748066490754	35.598492540085076
16.36087377270111	48.91760610142164	43.54248320678643
18.56493485315059	48.17043564252567	37.49704898378158
21.526008011944732	46.0572181726649	28.714166727599082
18.64604730255213	47.64278571799297	36.75169472608778
10.673440259200962	47.490057189531264	39.793612614980965
22.782867725536157	43.375178988101865	42.518298412864794
19.3224477849158	44.752769584915995	41.56777826512393
18.327462014842826	42.442847787046894	33.741964550402685
19.08760967087553	43.606997888465614	30.874737857249997
18.693713701746923	47.38145395495299	38.68671798845324
21.216564506678612	51.16978178312131	37.737173165787695
19.16152952974485	46.93755548707167	34.86000051224275
18.060865283726862	39.34690476946099	39.654294332256754
15.784895950596493	55.23165808020002	40.13002142046539
18.308095268536487	47.445283483220436	32.412724400563775
18.708841767543746	47.575548554869364	36.54654287282772
20.971780351577554	43.84540179609659	34.759436582818175
19.4298553085819	50.43990430800902	36.6683335912666
17.82354358093583	43.81209483185806	36.26553757134783
18.785083519937796	46.985635187453155	39.33745088189041
21.21604226808992	45.78114950316001	40.158728480692325
22.32480361025344	49.50104180371626	35.0682881794157
21.27173219741464	46.66347280316475	41.13820092530441
18.912044099747547	47.49114915705661	37.14326057939487
13.858232426052854	43.74324225962124	36.378599948072484
14.651879450435064	44.54936976453022	38.6268931719181
19.505052000551085	47.89719738396317	37.81518692559093
20.411469097800072	47.770009866181454	38.89926965067243
22.024032911212014	52.46343462287816	39.32261023787507
20.245459858711236	45.5671625648488	30.249227536726355
18.39605347136958	48.09990928441289	45.33145760086049
12.211071611662192	46.96791772704062	31.338402232409358
26.362535563835117	49.49619065443882	37.54226904201285
18.892738012886863	47.29767374384096	27.792044150849
21.09343878773452	46.2485265979706	35.844298706001915
17.332062110569485	47.7695788000043	29.57142674121882
18.674525982182484	47.481303138092386	36.55671272646572
20.990819665802746	47.00207440833814	28.883986806060214
18.55417387368944	47.65037931058462	37.3553595043016
22.17515489714244	53.04581687780781	36.6923960623692
18.432294407621654	48.514437154426055	33.879975492943615
15.915691655142446	51.64985011448049	40.5267416564972
18.713006505466044	47.491930687875225	36.61106986495267
22.878676631351976	44.01511136745109	31.46743335454692
19.784488802149024	46.218071518548996	44.91432482623696
17.583742781649715	47.330624293329976	38.68533206547483
12.31773484243694	50.316410452830574	41.45276047073681
21.593787770733258	47.72772856483941	36.02336397339655
21.731417471949342	44.82101510725378	33.69350715751007
17.40969349303882	48.119173692465786	30.607568725788926
18.4628265080899	49.66240372671558	35.87079191943596
13.706425757544974	49.94852625494649	35.20129720081467
16.445242659302167	47.691514130309706	35.09943306787096
17.713431903785015	47.13083252825836	37.5378258035825
19.995440038514037	50.71149147083381	30.081427240317854
20.250955649067244	49.62347369809136	39.04310398393365
14.747636945280284	45.67219990014698	38.519327356374006
11.76393743452013	50.081704001873085	31.754497325448103
19.218805214117104	49.50813980676373	32.653206402352936
21.071227611745645	50.608679812557774	35.46734420420452
18.727545502118904	47.483470515156355	34.2583504601701
21.21702268700743	45.392839475820296	41.49900358241018
16.734965407213043	43.57820967710447	30.56454189022569
20.30892275368155	55.358018189208344	36.07526901896615
21.088276948243056	50.25901194623781	30.874458729615224
18.11380577297766	47.798256103593005	36.792524108698885
18.72339111876447	47.652888535619425	37.15212977723485
21.80519747221514	46.072253445325025	42.48767522444057
15.848006417260732	48.65843495721248	31.708202315530286
20.10638381017798	47.88162065733439	35.925568209289075
20.118266188685983	43.13667774059898	35.81381563296162
18.114905711917622	47.63636171843488	31.257018073154597
17.412867655525776	48.66418493643543	38.20957618287505
24.760751219541795	49.23635450069934	31.60978280557469
20.77344253136446	47.839244685373004	43.847198422955586
16.63778293159665	46.45873576076094	35.47361418073839
21.48199217271797	50.45319604585437	30.883517756212775
15.39604440445404	46.693891578445864	33.995972289511116
18.040159863321	47.990216472682235	38.018574100284965
21.02336503487752	44.69795912922009	40.767456816405875
18.719416954585494	47.57122501382535	27.674086092395477
13.747679172729635	41.73866760672863	36.924528393252565
19.887352105864295	43.50344240501325	38.277868957364234
21.184437677313493	46.52257238780328	38.809738307038515
18.439885984706105	47.72955921921123	36.16083973734622
26.576435790297854	46.94703091299253	35.521044527189
16.822512323218497	43.76628148394749	39.12095513465518
18.64030170601448	47.45104300543968	36.49960082697824
23.749896058093757	49.6022799287301	42.13635796975629
18.724427627299374	47.537273142049564	36.741508691646764
19.181452424901156	43.67827703003332	30.177508057508796
18.772106980384528	47.17752355564988	35.143922711334916
16.430479104428567	43.450323943705854	39.121266313734544
18.293266045509913	47.92762197643294	36.72165545818573
19.89925752310942	46.02934000434459	35.62740624893398
21.48132662868341	48.873498366346844	30.469790954660347
19.28213101727579	47.106015741210385	34.386729161566244
18.79707170714878	48.49556160982881	39.37065789335232
18.465835359627917	47.11725439520314	40.24469897118736
16.854851491816728	45.760891008214415	39.96283356121521
18.432687376556782	47.307923161748576	38.702349103416566
16.572888191155418	47.34421129726181	39.543073938880994
18.73585966817811	46.21887876441552	34.38581820280582
18.679469431550032	47.571268266204186	36.38989597203111
22.510478078609953	44.08002159255311	36.198726882766216
18.055245866673662	49.54340684188673	28.67298655516231
20.73005764272309	45.15170732511675	28.582128900245518
19.035624399043627	48.75189663230913	34.24045172643314
18.428756075554464	46.47790467524954	33.050481932866525
18.05051138708424	46.96833771184945	41.066112880161285
20.56541385530287	48.60620619691389	35.69265806532573
13.587692623895993	54.52403484192643	36.50895985312643
18.904755299330112	47.53883673000462	35.113330375063796
15.426898588303713	46.687703210251925	37.47859476571479
13.613251743249126	42.16200046192666	34.44704321363378
18.452488714124247	48.01417811974469	38.64977408743305
22.01826919596639	42.33052458812408	32.342046164415414
21.17032597457167	49.512082616315844	39.43899748567584
21.04797202631098	48.191269138747266	31.946791954907127
21.882316150061804	46.391866239089055	44.83690612502292
18.7226189021197	47.53861564693346	41.37352151548758
20.683639325889892	49.50417672244317	35.389264897893845
18.848175036617693	45.20297022976121	40.45329357209414
18.893003133787794	47.69713258822212	36.41075288080996
19.930735469645697	46.39261381491417	31.442648896005686
18.421530925318823	47.34901022492163	35.91318292829207
18.659169073612453	47.16918178499094	29.695089264545942
17.118089249035183	44.86990464690327	42.20570849602736
18.921420985711094	48.658241732212595	37.6745811029895
19.134087581800458	49.66258179186928	35.69409839285083
18.102488023056033	46.453644976050306	41.42119164117613
17.60347024701691	43.96321616347781	32.07554302644859
18.849037447563692	47.60464192244186	36.11063878453064
18.806179487996395	48.435291354247	34.54326248877061
16.654160378479638	45.75055582435142	44.08219096126449
15.71885780646174	42.75936137476503	32.29566784883735
19.614890378589436	48.88276096184778	38.98336734507617
18.80994543419808	47.57091048022616	36.41938089003381
21.061983402716443	51.60284186416021	35.39175897726963
18.68301364957283	48.411389167410846	36.30838914827597
21.505773351706335	44.109790511587974	34.67172734335857
12.191993864827673	45.15877100302654	38.40538309560197
18.74413242822923	47.54822580780401	44.577294657883556
21.30339719871476	47.45929982005197	39.66166911903911
19.84173013720237	46.579097522632715	28.60510068843366
14.170312846641579	53.55193298815158	33.37941023460686
20.070845981116776	45.10408199772314	38.479599851376356
15.918689668141804	47.17324286894814	36.6594753114379
18.1935416514122	48.628924571482614	42.18096778894915
20.729031286373065	47.099799987207966	41.77066969983704
10.677779776731178	49.74749687281431	39.67559837886448
14.607529778589376	45.78785848281126	32.04323099479138
18.7278157232225	47.53955825112456	36.77413252181849
16.894824599644863	50.562656855579746	35.57915727793227
19.515464701043037	48.527236954777486	40.775823401141466
18.288651220141382	47.59400430862458	36.66407310011359
23.3633221582593	48.783615231689886	33.06582072673723
16.706634485999594	44.77107251883295	35.57399464979403
17.24115445185467	48.536936600469595	37.15921135253109
20.377202815315517	41.47522666040809	37.59001503179058
19.04968342007561	46.7176474154094	35.4347163236764
20.902240601534523	39.56441565184646	33.8247471573324
22.50521497504667	44.94086655206334	31.440727393752766
16.954212299682872	46.563943540650406	31.142964127824367
17.868061870226196	46.771225963091865	41.543910873598726
13.445948101589298	49.31482649412677	34.579501645599194
20.065857358427916	44.20126708482182	36.61016315537797
24.776298638575803	47.91922943608042	33.018954557603074
18.908924133116187	47.53973668058399	35.224289199538106
13.55307797445006	48.30882373929171	35.420567787447666
21.216546668311775	47.99931796595521	33.17516324824015
11.698924342554669	46.52565646089674	35.44990786228224
23.450859681737175	47.84338719817576	30.509471509190487
19.699627371289477	48.846210665269176	33.21392776157003
13.815576346798643	46.353423797616315	31.95100225245265
13.18788338678403	46.2130477444652	35.814393080236755
17.77555549544986	47.8138300871508	36.67895548670985
18.563659211591567	47.53639766725741	36.68905828619966
18.96374369684746	49.5019350201396	44.121302898430024
20.578067872176685	47.28286852227758	37.74858425950955
20.68183552152411	46.92005480256869	36.07550984337667
17.542702271268443	48.18712786570348	37.62640768018844
18.58284456297558	47.45337336613954	37.319333837715114
13.125925730441288	54.051789061513404	34.842113678096304
19.332414256396852	44.41775030913791	30.069688454963334
19.760309440819164	46.194447363107244	35.53393807833161
23.97274674089731	48.54262912366557	43.36890015512844
21.868633047133706	44.59003538472638	41.31021059523765
17.705218866276578	47.85673930695531	35.36034238955487
20.9635875626508	52.92472572807402	41.85671407292066
21.98544946929563	47.0715203951552	41.39251168053067
16.248630540168964	49.399337400737444	39.588804509115306
19.361513516681484	47.66941651568886	37.63960531388142
16.782660784037095	45.997630806664645	35.547843911988345
22.574956978315626	48.3399935327924	34.74659795530993
18.666283990560736	46.624580034044634	37.00026549946795
20.2641246330032	50.09502003094695	42.46321509475886
16.662590924382975	42.843819226789016	34.329679500687476
15.154213499899143	45.84442307099643	38.33204898517123
20.585441135407006	48.58467120595276	31.820574837982278
20.792711578240556	46.964643056546464	41.6812276207474
16.368026014118897	48.310618702988116	32.99608143003392
18.590625533741278	47.52127123249437	31.375258525675
18.550189466029423	47.831944404589635	35.24766104149256
18.909076039283345	46.156367541657616	39.64729024601866
11.400616449003365	44.80060220009984	33.70444709556919
21.621095476160438	45.72851141083308	36.555219280664815
19.54126467828746	50.21374429894795	32.60604469207903
18.174718234319535	46.839008744125415	34.637967756984736
17.653183794641016	48.27821193046526	39.98803756102073
23.71516908945995	42.550187895848865	37.69508668552385
20.401085504415832	42.538605439414184	38.51572363968128
17.732032670424243	41.68016335648225	40.43106526167803
19.733341890918286	45.42616438331325	34.619117868800636
17.010866289721825	45.105247184466144	39.053353701105955
18.884075813343546	47.834170801084646	28.058726461942182
12.924727369707144	48.64100633437184	38.485370678066104
18.749873649276076	47.78065142656648	44.91679724059292
20.99054453482631	46.28820693571925	34.03459785037503
19.77751649610916	50.45027069389189	28.896617716054603
20.652330917622077	52.80636234874205	35.5128255026686
20.51904052421656	47.43349602556044	35.06261356514984
19.976794669702375	48.818152232957374	29.28920918535018
22.920527932280173	45.82329312544955	38.489029565715555
17.3432683509198	47.864686627504476	44.80020965805351
18.228044116236614	42.06800573387641	31.932444506932068
18.603836786157032	47.289142890843344	37.49824585678708
20.746875379471007	47.1872527302098	36.1035190496976
17.83980184995622	47.77730920520809	34.985439933270236
17.062764812198903	47.90891186817678	40.33916479672471
19.373120668628864	47.736711087598486	35.41018327156357
19.80240600589559	45.383302738815516	42.01466648487073
15.434780945309123	48.867053879965184	36.62860632226584
14.014551566086649	47.331905301669394	41.74409171270909
18.877040732053548	48.08673944892833	36.10581732114454
18.61694684679427	48.12205710239719	37.4154374969547
18.525706116003267	49.786251059933534	42.870557421389805
16.067875232800098	44.65179473702267	36.55293777115937
21.917560930648623	49.11379820845116	42.87799432162211
13.305209817313196	45.083130941202626	36.885860022507416
18.89458798930586	43.157134344711565	35.30772963286462
18.809234872842588	46.24642433964057	37.02029208994456
18.851998806576457	47.46869195773211	36.35134411922156
19.95547497645791	42.89814594947609	33.5149984571169
18.449167528623164	46.880979677341685	37.077500316070754
17.59146414125796	47.913117202642184	37.32531786673853
17.47220784589861	45.985769902383	32.26649506271984
18.13966742634073	53.67896994673199	34.41358603989567
15.535392415684827	52.76184089998767	36.457236587351794
17.883852318721168	47.1215347165432	36.59234840515878
20.327468345256236	47.12699842941846	34.86507085280277
16.973893605047895	45.19091138917276	39.94977164191623
19.038852984955962	47.36779339202316	37.27078062335207
17.852465068343015	47.595267888009765	41.807902239403134
18.679614650049015	47.58390259253645	36.20371654147757
15.571700060809068	43.64347385810848	38.016990186669034
20.23800868627301	45.01224625177098	29.774256193233178
18.640114107961466	47.59507369514645	36.53260645105461
18.827789040859557	47.56543267274792	36.80126611822199
16.318567009256263	50.856485055014886	34.27208385827173
18.620943689709435	47.76885254581015	36.232198576388555
16.209221267854087	44.808285877932285	31.322717867755077
17.613490335805018	47.27792326456656	38.66237159806149
19.505550157872346	47.71883337113492	38.768452044063096
18.40851769894314	44.27058856987551	37.13659086978902
18.71751526717741	42.29812859500285	31.318306143359816
17.342440920233525	40.634216074726446	37.776446597172416
24.543121318530055	45.42353339572054	33.86633295832516
18.84313045505238	40.71088691959664	36.30119655936086
19.06758181741524	51.02119399817019	35.682306941836
16.117379114873767	46.35353413027652	36.17238432089987
18.285377829071653	45.971147348533776	35.720417567764656
19.07859865896409	47.51749614871653	38.124026856258716
18.131909269596168	48.80415118125769	33.665170343256065
19.59620715289164	46.71149414782947	35.82368237172654
24.48144571909988	52.95049629095151	40.4159645864312
15.679516497626867	46.443351791793965	44.19335645367744
15.77845271751573	48.983164119679955	39.29186488644038
13.714999557850028	50.63619962510705	31.302645627109754
22.863349116681196	46.41605803715307	34.31697349709152
20.49296228085568	49.43459638347489	32.600572336752506
14.253871779704792	45.95018763768103	39.755080905535245
21.501794143264533	46.692173007652094	37.84354920272931
23.582104073685507	47.97956697753446	31.844519330091494
20.150684212834957	46.737708746641275	36.26047046400171
20.200832994424754	49.511505176685304	32.57469023308632
18.723241988353244	47.644579695721184	38.33612447670878
16.981518124133466	46.442645662568935	34.509913520266345
22.955487740267788	44.86099411200178	31.866005829527893
18.726108294785245	47.39385358478128	36.65969722075039
19.880779119319953	44.90682775908511	41.20799721957127
18.048673610874747	46.19832535702873	40.849266825841546
13.14122036067603	48.106744185911715	35.52097081502541
20.334105195292224	46.034027861349635	37.89680389580663
18.847293498252558	48.233588903083664	37.428878612465724
17.691146479256556	46.523181635508095	32.280575616988926
20.368309078845222	45.894446267780616	37.893860141136585
17.992982085002666	46.982797221687676	40.15796521210116
18.228254573164357	47.67906773475507	39.82382723205463
18.372974957838586	45.13297533401668	36.79735156000468
18.229811773234683	47.80550280643272	34.944218138362174
18.989672695447265	46.71860684818755	36.56874476036093
21.417418663483105	40.88032870285592	38.61045805957509
15.38152722114003	45.44881754339377	42.34246407937503
17.13336690970348	51.135209261483595	34.74111130830678
14.914552356205705	49.5664501556993	36.2924414438401
19.35470713948601	45.72445266705784	43.874258041094336
19.715642579143715	48.3453364105132	34.691705379032136
19.27117656578396	45.43643746996016	39.14222425015774
18.146462503431152	46.933909268061655	36.911887393580756
20.29707488860709	50.174358280305114	38.389729330140206
23.42410792419136	47.76921745448163	36.311490808158744
12.729125949267003	46.4343631971203	37.95729467322958
19.207025926804096	46.1942941733506	36.82327512469138
18.8867616018485	46.96426044203796	36.26155923858338
17.81629317969856	47.72166675437659	35.195041025163334
20.195135023429398	47.29771606735948	35.408467475240045
17.92051542160634	47.91947988805831	33.742809382478285
20.62224332648545	48.56562318830373	37.04564182813386
17.23450743855569	50.32895480102049	29.593692632906816
21.435305228703474	51.76856034066992	29.67136417309183
19.479732953633857	41.968832790410566	33.474947382795484
18.151676053566444	48.767920188121295	37.67059989337253
22.513992841942404	41.214688457503534	40.97801417114082
18.364748093150112	47.232621303894426	37.09408396125476
18.12127302253857	47.115807977894455	39.5194839959536
13.508211661026493	48.967988918443794	37.363076505346534
19.126063989321153	47.683449191981175	36.0445441070799
18.76500346373101	47.50692774142619	37.8454973313001
13.21373791146813	43.42404047549049	35.36818788605916
17.59302330012464	39.40463135787164	36.62071100627788
17.09224177964846	46.20533770262992	31.290963330841343
21.11915747451455	46.49468349305494	44.9076862591217
17.24421461039827	40.48540074411233	31.261809996818616
20.10202110602421	46.44655775303268	32.36895619764759
20.450279972082186	52.494830024516084	32.687560617401815
18.516361025695446	47.76770774767844	34.88118524320141
19.10187221907057	48.25161296917117	29.22358019914747
22.73666053732865	50.98259994574366	35.97265567722187
18.576734162130744	47.64381866853755	35.907784387753296
11.860219186445283	44.04992489586154	39.39534237056345
19.983251004212825	52.04352925572349	40.540656556529164
16.646824059264368	46.057850116486925	37.13063206769577
16.63075109602206	50.96916880544943	33.33363972508843
16.36939805787928	50.404668597907445	37.831990238516454
18.98228151048773	47.28403506001244	36.31463002186393
18.845099876977123	47.415109345507126	36.35544885793814
20.559690906080807	46.99228853036637	32.6810527108637
22.53537774122231	51.606707523093064	30.7171458833648
19.854361522136198	45.94507317959669	34.9174789406195
18.739775669522366	47.49321334158554	36.76958825612034
22.161965701201947	47.466335005434274	33.87128879865469
18.909491719921846	48.18228892371791	41.52462880197563
19.472759875920772	46.70338399921282	32.08625607741527
18.234183133037174	48.84764897965434	36.06458825713546
18.15744417881693	46.63655060448224	35.76884554941845
17.964679767577596	48.827777473480076	35.49251992886366
18.992917694512286	47.49307605175649	35.648335369097595
17.43141411525227	53.61223000042206	38.114513677701396
14.075063427481243	42.91055801043749	31.554474668171725
15.509025400069504	48.71611683221631	42.69639844859171
14.296185183286628	46.09535314729361	39.5621908411024
15.682244754398399	49.738813151650206	30.083745300043752
19.99015800135834	50.75326391927195	31.358980641810362
16.36896535731532	43.54157258574388	37.58192507299815
18.66170694691414	47.477723689250666	31.02765414068739
18.9254201123991	48.18077759109172	34.63183589023919
17.01343909555793	49.6286600913979	40.64773484338925
19.959269904570533	52.77813004292002	32.35915333911479
16.05330456893914	47.449953595337654	36.47554045045067
21.930891082777684	44.71838452999046	37.00481455918401
17.381344879044416	47.15396556197709	34.43141455749182
16.67777083856085	43.43356750500452	28.975864923224176
23.693909460417565	44.12603656556988	38.048971776828765
18.950446977578682	49.87640582620468	45.258234523899354
15.743091539563748	46.37576570422278	39.88837589969951
-23.130973306164286	9.778381132257104	10.40505346145865
-36.635284797171664	13.141068445462746	6.304832104144454
-31.14662996421318	10.731644157932164	9.505250217318258
-29.382141211540304	6.373642748298194	15.128441310368032
-29.47973304711647	9.1143984087519	2.6990360752266964
-29.93935643959195	7.805708357246013	7.861437876934573
-28.885605232158447	7.322402319347492	7.529676010569269
-29.91618629445226	7.737213160251759	7.895742726019558
-30.004982321801123	7.984014988525435	9.73785981968403
-23.912691699176168	7.845644172186222	8.039511682275823
-32.29764284117947	10.048459047035792	10.54922307901708
-27.704527841247504	15.085608834989447	11.678367840750411
-34.67356518646824	11.117113813024027	12.557707079617774
-29.567859844952146	8.274969203419573	8.063255708528622
-30.27293688794956	3.0860314647524536	8.949291790365658
-29.33848557014981	10.735961593661784	1.669202670732865
-29.94342326916586	7.752408474392479	7.8169154418130455
-29.895329880533737	7.806169932062788	8.43109300969487
-25.701541361420816	8.690634365518262	8.29897941375606
-28.712159408781872	8.841413135574541	9.906581515275075
-28.704494425561602	13.254821505545035	1.8773521954773331
-30.407198276540466	7.3887231828284055	-0.6783635900049756
-30.16476518438116	9.261239055707918	8.274864993455552
-30.093940612842694	7.940580700666054	9.087820701459242
-27.069963683889	6.675802917005292	9.088730725396966
-29.523582669069505	7.891249943362809	8.429176401243959
-29.341643784924955	8.5019355277096	8.579720582248477
-31.56275719363191	12.916356290366892	2.655094573716987
-26.86060550274469	5.280962828089411	2.050614277696985
-31.355585425382834	5.389067558278196	7.286456132928362
-29.986566516654694	6.7405172257653	7.536209844654483
-24.95167933229101	9.722893708635928	6.540687503636799
-33.049177164320184	7.375496901837734	11.262534194339434
-31.45756424616172	7.811424209499766	0.38330527716144847
-32.98771382866837	13.61909266062797	6.801791262067318
-28.809601536808785	8.759371196726093	-0.9915984222548069
-29.75116345284582	7.018036973450266	7.925793622304007
-29.795378497600286	7.64905910165031	7.493090007109887
-33.20858137708772	7.574466498865858	12.171257806216131
-31.547403005477015	7.233780048392624	8.891350935950214
-29.157314058771224	7.770525248552068	8.059397128286829
-29.90741596793571	7.804179486257179	15.129367105094289
-31.922563964706427	10.064046161256586	9.563457520262673
-29.334787601326077	7.405177972094349	7.661754322894725
-29.91837575075437	7.449894666250643	8.441557481310848
-35.18661389141563	5.372464884526377	12.70100496754753
-31.341248602627264	9.135735828365167	8.347944611884548
-24.259869156148042	5.92913980382985	14.121859116713281
-31.71587343324593	10.035393739485578	11.957810364773675
-27.183037233148205	5.052827370190236	6.535197133790154
-29.931826163319688	7.800414650294387	5.957951173852598
-30.832236913073718	8.856966259675614	8.144539042978488
-26.48627111004688	4.650196945155066	5.394272342062999
-30.279317334847267	8.782034842020002	8.802398481648298
-24.513914023420433	8.793919876198725	9.220815288735324
-29.722918341972527	7.805856610797741	7.479777783296107
-31.6032689508914	5.04753394487439	13.716741481559787
-33.228083370441155	11.399922907111971	1.9398214937987346
-30.82480857009543	10.933546242182533	12.300207481234413
-31.553739667983592	6.407924632232429	5.636530335447378
-26.696797325832044	7.380305044887562	13.483517710029291
-30.980067536860986	6.549057236850276	15.91013596295597
-30.03922740073803	7.8576847524778275	7.775257807916562
-30.39483499150659	7.662084867938767	10.618405536722054
-29.339460391629753	7.468786763260412	7.515971561052642
-30.83612791430123	7.715523516881413	6.1418541049188455
-28.34469537009633	1.033749548483243	13.150185946147044
-29.585757909334202	7.3909119179021925	2.318158072333377
-37.48307861762341	9.425907331017775	6.112338491784235
-29.88397736964028	7.7979843006344804	8.105469798763096
-30.409025269106053	2.2577962305381085	11.269420763312922
-29.582271434436556	9.826637850629522	3.4020106620867763
-29.84445524281191	7.700114681374967	8.275552823587946
-29.85907447075748	7.7150049101263605	14.783082276468662
-28.51547818475751	7.124794028138219	11.291604503825686
-31.0228904129779	13.310772382595474	8.556588793216314
-30.01024550835771	9.488011300248615	6.295747917675511
-30.45304673847017	7.420502298051053	7.025191780064259
-32.02466043416387	3.386521295532847	10.020486622461496
-35.925464895821875	8.884342735208907	11.011562335799931
-31.247146994202232	12.279859548099683	4.181083354295577
-29.332029018385192	7.290135906522631	9.84459432628
-30.555954691911545	8.59341636838075	6.248994526630855
-31.915578422335653	13.531676337406017	2.8050291191765915
-32.131304197295364	3.965549171644919	5.67034569911835
-31.248894157443548	6.605540805399731	6.8206530536410765
-26.59261571608388	12.45894153654931	2.0919848244856487
-30.381159269737555	7.413164048333166	8.483175572204015
-29.926970809108077	7.704336260260443	6.5084491040394
-26.92569143979115	8.691215743462973	6.983089625226389
-28.403456167154427	9.448010401128421	10.704091520479203
-29.22649582324921	7.9061499057837805	11.103475840929946
-28.23087721548969	10.571090148800028	14.742148483931768
-30.48858562888539	15.354985539144609	8.371963367501625
-31.946227152242027	12.020289458299333	0.42134264040005487
-29.99672337242089	7.71972364747622	5.4305411094007745
-36.73802553271054	10.40618318320069	3.9855970560842446
-32.944714922116766	8.778327253909277	14.138863371679957
-30.020992262378552	7.775230509768465	8.049912597177826
-28.077843477883714	9.505033356131008	7.084110554291872
-30.438060759176576	5.639793596152876	7.492048542137762
-34.50505990397009	12.524792659853023	8.156516164761511
-28.86028093792804	10.541376976237819	12.906195790967832
-29.07948345321669	9.03929864330842	8.938308629402314
-36.81404989361065	7.968891573910524	3.7559168920613004
-28.626395355000337	8.11424235749035	10.528103160763028
-34.19493219463095	9.247378529905756	11.423623851505784
-29.900486904201603	7.770948771551242	2.974299306240579
-33.766895675438555	7.4624017961529665	10.218629313372345
-29.814823785879643	7.691818176273869	7.513766683271794
-31.009088731723455	8.611572946349833	8.213061242929816
-29.475943289743626	8.53415073344567	8.04505740684402
-30.384509265410827	6.388600175117572	11.419975181235124
-34.383752852320015	12.221637827547005	4.001505831978049
-37.53602342572816	8.641269364194537	5.44783836759834
-34.746467566876106	7.884861781425977	12.052517800924544
-29.908040998790177	7.832561517645303	7.838159148709152
-30.541159661530617	9.351856014609844	12.465264977910142
-30.212295930514557	6.832521162540422	12.816821552431263
-30.035970097855156	7.695554493049085	11.65053175523923
-32.48811816063173	10.338778594104582	8.466562680330636
-25.31190454173391	10.29557518764243	9.543746516316757
-29.2421808840932	0.2188771265464009	6.4315067419131635
-31.50376439008088	4.870641962439091	8.142721254727197
-29.374182141162557	10.222333903530515	10.321190019870173
-25.276730917742594	8.843919482854545	9.280276664852932
-29.93583305507181	7.802599879726666	12.56758045615884
-31.493238636778393	8.42421837014551	5.482177001695244
-24.095484595724496	8.53063964609203	13.555870753806111
-34.28915250693345	7.921915537468137	3.8596452869403177
-29.864492947272808	7.810871063844357	11.493034795295625
-24.491247376924203	9.568854610127906	5.762485765175607
-29.1691950489889	8.230203459329369	5.94859488368979
-30.301852537189866	6.7473340010456155	7.45897130378173
-27.485009441497006	8.44538485603416	10.526651904225247
-29.257480279465234	2.353101121854344	3.175338756410958
-37.259151020295455	8.878298457047192	11.226580161419578
-29.942571469682914	7.600157256978225	10.416482618815767
-29.343600186272614	8.5789970950155	8.70520272358325
-25.043733723298228	7.833534723493866	8.809935668259875
-29.83024668500659	8.16417699932703	8.332187826371733
-28.800204491537592	6.3715629868526396	8.232854679762658
-35.92071046206982	6.296470296946462	2.817780420219501
-28.778219366808656	7.20611946649942	0.43500355944842184
-30.064010695495753	7.460532331468975	8.190806356522112
-29.916612794016988	7.651896662090703	7.070890160489917
-31.414395857404333	9.587445203309336	5.79357408630128
-31.598239387767805	4.505944470995868	0.5980926153847586
-27.234569068875825	3.525628248488906	7.8246470210848384
-30.46308184684613	9.568698470625897	3.16943548735434
-29.035226434698693	8.274510644507362	6.231339440706116
-25.68704439837998	8.3594129951056	6.852875352665623
-31.797754830698466	7.525014082675546	11.307007399787615
-27.360518733696235	10.441130218400318	8.649376840713524
-28.664992984104806	7.28269536165683	3.928078381204013
-33.51933300034879	8.407320281353096	10.852951227610282
-29.85872300048439	7.560220817499704	14.540908875431708
-29.811200309826393	7.894918842520244	5.580845374386651
-30.422036266509483	8.007353602278556	13.179734103708228
-31.410410484561858	8.065959909761887	12.468312105276137
-28.51558739534837	5.518333324742449	9.02081013581775
-29.659382788791703	6.313301379219039	1.8394012158802413
-29.32227533298574	14.077510380876475	10.218700437162251
-34.11368619014902	9.928642060406276	13.14232504674685
-27.666600268439936	3.7928027479979756	3.220211223678259
-36.38890081173149	8.44273948790506	10.570127184680288
-31.622070987149357	8.312324595899657	1.7953395589594132
-29.50925924103543	8.053293465769917	7.3738061505279795
-26.766905359346282	12.276514468302867	8.804884880469183
-28.456503846180524	11.741049989908632	2.893407733159437
-31.211535591161635	7.483473014169415	7.558082679524888
-29.524596147312504	7.5190934466246375	9.011568684552762
-30.627031139285094	7.815815769570613	5.127493891513613
-29.976886877996446	7.836165310570601	7.159235785960819
-27.81068839730062	4.648304286163543	11.590475347055637
-30.55447160938459	7.417079976463557	3.005771208542349
-28.83757217211091	8.165046974579505	9.126937909707488
-30.30076553912702	8.451914738650467	11.741165184083233
-31.136300121243032	6.513829439463127	14.930025852515872
-32.88640654361358	9.55976441778875	13.89886991983075
-27.796353358292706	11.53679942886498	8.496100634617685
-29.90768971668116	8.433910350208386	11.720663625677316
-31.307227081773835	5.415520027964391	13.848144168120989
-29.77156630632656	7.5127347636379485	7.619435895006504
-35.054678455930144	5.481071621192937	4.497125763664483
-29.448812774580084	8.488332145963367	1.8081075010814125
-25.613342887948775	2.012255020651952	10.25749944745195
-28.883409693117418	5.410046492221895	11.614373551694435
-31.67030749618112	10.213361946911359	2.394722335516825
-30.136714587265914	7.725864184514513	6.9210540604726685
-29.718084875946104	8.174665733866584	7.670706411889824
-32.734230605485315	13.634602834234194	9.594640291519756
-32.10082276995043	1.9405201145753272	10.189854104905326
-31.374702645167126	7.206380941826823	10.747001836293766
-24.876320217965898	9.795532750403188	11.209441811394678
-28.43945736159793	6.498076034807194	6.62327558808615
-31.53492134351638	10.300222557785565	15.328165068590092
-23.307353541688904	8.203373286614813	1.8317902402662112
-27.869317408743076	6.05719464880534	14.31829942436968
-29.875694711051494	10.765939897354595	12.548973768222076
-26.687594377966064	3.8684263806998036	10.879042633128243
-30.47791022066893	9.016205110623105	5.7524850378078485
-30.090399092513657	10.527638178089461	4.542863641573505
-29.93368035820922	7.80000981527772	7.808040229539322
-29.941578678825284	7.808741983001797	7.694174302645682
-29.949285657055036	7.882707906402096	9.17683644456748
-29.91832048129607	7.274754836547974	7.202465423329046
-31.63959640405146	6.629960061841739	10.366017547248088
-28.496477869200614	8.53313449691587	9.21845354950258
-30.06096969347278	7.6506786433400915	7.774939688874181
-26.367246410861974	7.362723012494218	1.5511269044398333
-30.144994869415232	12.267526074982438	4.9568672743540585
-29.616913200724724	9.184107191834014	5.663755234675034
-32.85434067629601	-0.4468353183812672	6.795139897814018
-33.75884353552552	9.080890102735246	8.049777269385714
-30.21963833983233	8.755424010267228	4.674202516702074
-30.427383000837022	8.02123542416375	8.428529789047252
-30.249190763171757	6.4372260772115535	8.472928924372912
-35.18092036604958	2.9194063415539935	7.494305393368158
-27.625073301824337	10.138643217767015	4.783157071467169
-32.15774919743506	8.065824831360082	5.865478927158906
-32.53833235422144	6.502974323427931	8.887208931410214
-31.564752896823386	8.23576744802	0.18037122662344274
-27.74118563618497	12.554568737635329	5.562334670338055
-38.002350076696665	4.162786840721627	6.774649613273576
-30.313491792253405	7.191132120352099	5.701480719584298
-30.04698780443863	4.505341986978658	9.771809488238778
-29.843056495242624	8.65095357319934	11.574311400893531
-32.003546141864376	6.059736591360425	15.089910366944043
-28.143384498785156	7.6037389610353685	10.193909383809643
-30.643505175458134	7.898093199738206	9.101907876426063
-25.814816487614372	8.830536531123155	4.8236206188143385
-36.462244019795435	5.655326247045623	11.539587307048354
-29.785287527131945	8.693710704056258	8.011736652727809
-29.896305248089384	7.132974817927096	8.738993360072675
-26.72528005081641	6.841689564362514	0.5302610075051355
-29.793963977213988	8.098207971804209	7.7424422987125086
-23.518853142558	7.104723919812116	4.793828155895195
-23.757673399971846	7.317420121050445	9.846195006960198
-29.826169671057283	7.724901859257449	-0.15484761126981095
-28.65266671413795	7.093167145316685	11.156933679850772
-36.05329275300173	5.405424900941471	9.10439492381041
-31.23580630897273	8.630487232322613	13.340963521928733
-29.680788760074048	7.837622466812628	7.532316113613915
-36.00450965695051	10.146929027266886	12.963790362349663
-26.68810931978338	2.2534928120979165	10.40972694216188
-30.8484438476494	5.997186454378557	11.957688943073288
-29.24780206779017	8.309519768509478	6.342301121000364
-29.549650405499616	7.076064596301915	10.657650954012567
-30.88548107520842	9.511252153438518	14.950870571718536
-36.49550579055251	4.491257813951362	7.791598965643083
-27.887336962182317	8.815606698124697	7.337253923636374
-33.05090506945581	2.906931688854616	9.624666052950275
-28.400465998793656	11.08110148535286	12.126548211714443
-29.332796742092142	9.051155009791124	10.459190593389136
-34.29930959010528	9.048880786263691	11.548473497025018
-29.91888155676918	7.792619133930776	8.211900142825373
-29.9755718376241	7.97879961670159	8.266640199701769
-28.697739441779323	7.517331998153746	4.663235737100088
-36.85093196622298	4.32289077044567	9.391890437532657
-31.26340224980916	6.044661912611204	6.262837740315995
-29.18506124371285	9.227142441949177	13.198480279257666
-29.720504816525192	7.230629624666132	8.074287620471921
-28.523200062642314	0.7031147542366591	9.277653779194603
-29.7367857497664	7.747532857037789	-0.6550299344211084
-27.300324284907248	5.780888277564294	5.928320542115593
-31.051166105098428	9.256931889879185	10.712092217273964
-30.217022932557562	6.985527614158726	8.646057652683814
-29.756035969212288	6.350965657127816	8.192485301224826
-30.65504751911997	10.315940813973382	8.84969205301662
-31.066259491873236	6.68700995533257	1.9662089402426002
-30.352502346361007	8.814684027754087	6.187594033109679
-35.1949816958897	7.507906779482309	14.633082720138653
-29.489389924122474	6.156982947322194	4.720220385836431
-31.744097781275713	8.193258298663991	5.80248950885289
-31.637317534187385	6.067299350096951	7.691535941360651
-36.48879773616024	4.29069521995158	7.5126842613344476
-30.87382639231107	7.893900675680842	7.5254583775433925
-31.0975615447229	9.318131771856656	11.633060329117315
-31.978145480386683	3.612622166260076	9.056723704081378
-28.61483715450865	7.098896428744173	8.221659791980139
-25.789427205726458	8.563617323021486	8.754513386404552
-29.206849350003093	6.918837983966207	14.085944256605382
-29.94776177053983	7.847086055559554	8.582509537950079
-29.898125511804572	7.8406667955201375	7.596433344657676
-31.72484407427154	2.66523870148579	14.82762813616452
-28.760874223446677	10.933666887591235	0.1635402599733009
-32.74755549982015	6.2704756090629985	5.754532987157267
-28.732864642125904	7.911821477503779	9.090355926316938
-32.200395881628964	8.981846021631112	15.222867063503926
-30.135086997355973	9.639253887594966	6.104973422062015
-26.8546322299242	4.589006778817778	5.778663634486128
-30.01103561137429	7.1804918500280905	8.360960469948859
-32.8810794246108	3.7169670593785096	13.562890361307415
-29.83576156733137	7.901009327495752	8.184530202102207
-28.695736246060115	7.357057357695314	1.4371938479818578
-29.797139566082027	8.076927009931715	6.234580655352799
-35.16195129263299	12.396384966973034	5.299268301419525
-33.46026435528201	13.17791730176074	4.698001161261723
-27.266645781557475	8.63350999985513	7.581676220790606
-25.578323707652288	10.489020328076077	6.988278075177073
-30.286691336875087	4.3357464031042285	7.356252558407403
-31.81328749188625	7.543587507305864	14.385464469747802
-30.844519073389634	8.364690767280315	8.695219597392382
-30.682337052718676	7.713763636118004	4.772396139007321
-31.667634836692606	4.317399621497321	6.994896431201529
-26.57413136743375	4.6788412122937695	1.310537287692342
-23.19448382222984	4.332217794628878	8.986706077452865
-27.7695194848528	9.77573667371138	6.505207412334625
-30.71730316724057	12.90350518865807	7.63573465469889
-29.129888154868155	9.198845743647043	8.692828633429317
-28.63715322207888	5.806324130066085	1.5803697424125396
-32.41336080240084	9.01652973179659	3.36118286418826
-28.93265048465519	5.741564384054223	5.674841763805671
-31.02373743535961	6.898790699309294	10.844965956511617
-31.432083010856783	2.817405147693676	14.557584921185484
-32.70771211627301	8.905654874911678	2.050018312199607
-27.054620367174667	1.8324418598534775	7.466907748213692
-29.973447904663004	7.770154660888925	8.791934883827482
-36.669717016748635	12.21024997061275	3.934848829698803
-29.507863687915446	7.092942832574397	13.414097308262498
-30.54553733190623	7.575393759400337	7.543342376705745
-33.258810186047356	9.793654029356496	6.464771378060641
-33.53910238397234	5.293644333174887	4.319404300343897
-31.161797176666173	3.1674827288959504	13.002903771761833
-29.836876389477275	5.519691385637396	1.336553899241614
-31.909042959418052	7.180596476636242	2.2658179453838354
-29.45806915159617	7.628723133594512	7.920526799674477
-34.14882934794289	11.56401307825459	5.630875124549405
-29.14347473148144	8.465152714498938	4.46872983496434
-29.75401818243384	8.145825922528681	8.228139879234785
-33.3282527278051	6.10579750312238	3.9571463404768363
-30.784322240964347	7.719741284357482	8.337537272561805
-28.843620481841903	6.012797940327443	-0.13308458951127822
-32.86603793134101	4.237284149160346	7.384167725497144
-30.053716903509116	8.47379555862896	8.341156843067562
-30.19892870815586	7.784937143636873	5.577903078176005
-32.261739186736605	3.4072750851975853	10.473601898528441
-30.557860007674485	8.713824244163712	7.746093278719442
-30.00755089133254	8.513580666479166	0.816634873059086
-30.91927736476466	9.492297632012672	10.913493022103978
-26.706572824834197	7.337587951947335	12.2743537173533
-34.64193337050798	12.155819844617675	2.497864031447156
-31.45847281988272	6.407761966687819	6.336971029657551
-29.907446252975845	7.849531345793866	3.350786312477555
-29.938233337124046	7.812739813633884	7.880737805494252
-31.242040713489345	8.342837180149097	9.508688989977001
-30.702435336887397	9.25266085239333	1.2953150145393133
-29.907052657747684	7.844410800574318	10.207978279206046
-29.967446103264027	7.751096697666649	7.839052752203619
-24.5397798649613	10.43977720297966	12.725255575883391
-29.784913721581166	7.926743224049091	8.545013818437104
-31.847717148266625	9.618261214923105	5.843352237638355
-31.087257694977733	6.9355585320741255	12.333307495386043
-30.129389675157398	7.902102921875028	7.560741982363617
-30.687055288137678	4.100177188015744	9.63401130037553
-27.313522263323343	6.836681617117875	9.047835055204168
-33.63236359614535	0.11813394998245119	5.21406554299114
-29.332032710085876	6.100687294657368	9.82815704451242
-27.576088423664565	-0.055696064403605305	4.342338644379786
-30.0749106321202	7.41578517490578	6.46954529525272
-32.34317594025693	9.051696823817686	15.440131216527433
-34.28292373010748	4.808400014443451	6.598506800388949
-26.89720016815325	9.433811358963368	5.283697538708326
-30.53273369946692	6.873533794799033	13.509241088663284
-26.056283315071195	5.953918299604173	12.609825087138358
-30.619921687973907	9.180847863286417	-0.18123502390672908
-24.860861832501612	6.498046141388154	10.20607445032116
-37.79451779915706	5.851516317072724	4.35131795007825
-29.845963359211733	5.5974863067229546	2.9535630223247233
-31.236656895982883	6.379342497441646	3.405158259829501
-24.696577067263718	5.184559389915247	1.7743184822394493
-29.115604616299773	7.098144574531814	11.075563803420271
-29.656957704541167	11.188370230926294	13.62765003442532
-30.76552550127079	7.042833111066551	5.224523461264631
-32.26195563742549	4.249913141338331	9.642207419746265
-22.89375468924898	4.513505214259201	7.881287193488721
-30.802360603855043	10.43637960207322	8.272299040706462
-26.76481269668423	7.07165807254262	2.734486356414405
-30.77019324975046	8.543009626487708	4.99020216902832
-31.063431361332334	7.317964900928988	14.970826173067334
-27.69121796078639	4.689928201285486	9.848450598465345
-29.96253595355357	7.870728709452429	7.428294697939613
-30.749345225908762	11.323575357458306	0.6118284189269438
-27.168405646297746	5.710577373160403	12.85768273362584
-29.487552793367684	7.068498932360048	11.506168942604603
-30.152410796599938	7.243114695471662	7.851750320208715
-25.8689787320668	6.010249302963333	11.558393793403958
-30.01803735269424	7.542520896722569	8.987093886772975
-34.67432631078943	9.030107638052474	14.690508222864121
-29.606292775875087	8.911553499004375	7.549528723690997
-26.013439155537	4.586201022292606	13.331891177581085
-27.030246568920802	6.740378323119883	6.6830220880604365
-30.534467824335266	12.621886016625915	11.572576579270894
-29.873251591098477	7.810533811766017	8.809010963564445
-29.335252983214364	8.773957640336725	9.34498580058229
-36.25686512514141	5.519471775476552	9.280131292999046
-31.419769937956055	6.053427835412281	16.026183951217625
-30.671835521976632	6.7794657727713945	7.150810123094222
-30.820236891947104	7.639670756864582	8.323849082532792
-31.75485867211768	7.09326790663659	8.868922949202208
-31.007988500957225	6.816995013454693	0.8951873370125831
-34.17928745221645	14.412031950818738	8.657056324288536
-25.876072269633383	12.956843949401833	11.146555893365298
-30.415749660216786	8.259246539513777	10.628071607209431
-32.00992296241048	10.777139673798121	15.761535526012336
-27.34176146984875	14.279014097731732	10.94891539623949
-29.223292270858472	8.0653995942777	8.274449358491907
-29.672863217064478	7.898486793834651	1.418542640987389
-28.06946449896946	8.06622375892353	9.823288133840164
-33.83938646570457	13.445283681913097	5.978775617653484
-31.98034596580674	9.411732393474509	6.224458675937233
-30.986039672515727	8.996681318182281	7.791040689848173
-29.97599728854588	8.05958189691727	3.646525117131854
-29.688396339569064	7.379977843342968	10.841488428439263
-30.001852666860547	7.755448441800204	7.919398712868145
-34.87723162430766	14.375535652821862	9.978995396008694
-32.27543478516117	7.120054995991375	2.6859612162658477
-29.3940077882534	8.413047624151071	14.445848545655668
-27.471303301272034	9.839799034725434	6.397557681171591
-33.08459790788467	7.4692155554441495	6.5051021922977394
-29.44121486812976	5.448047650988968	7.869823991121698
-31.437178938572085	6.78910408320484	9.267883094895778
-27.39925705941123	11.555654166305922	11.515107620703972
-29.786281693067163	7.885739277797663	11.854793854424067
-29.884673789959756	7.699775000979951	6.697454960020919
-29.861905810513814	7.637684739672811	9.07576563253357
-30.028145234808814	7.813508160171672	8.250116910866682
-32.77909542991465	8.087251550294113	9.178315590930312
-26.6367854443625	8.390958357360937	9.759756425645339
-28.208891138160272	7.10347505985672	2.2909703779512736
-26.783817106918217	9.79290204024857	15.128432764802387
-33.12623647213968	7.1919347072096995	8.967286232926725
-30.198451725994182	8.31661534804709	7.091135300019283
-32.424573537077244	8.639568924608062	11.90825587877759
-29.7717139911463	4.789945954483722	6.227455361530752
-29.543440287965105	7.0146098304119775	-0.1614660982904379
-36.034924736845255	8.477828579796505	8.15838167451012
-29.860524975981704	7.191989617406573	5.35419710610366
-30.353801746116975	7.833677464487892	8.007771980679156
-29.485126132162623	6.453049840645932	8.797579260506357
-30.312521068782672	15.296330028166038	5.783424480302076
-27.740051070431843	6.251692149850744	3.3231941066042525
-23.01878690985518	3.267709552831861	8.011655945777111
-29.18259784454289	14.61321658321036	8.636021303455722
-29.712990011866076	9.163661208759285	5.44415225574412
-26.85891017722161	12.781249157776202	7.161901459173681
-29.55013865744012	7.811331138497608	8.070596772595312
-28.745739837903663	3.7509523487768615	6.64701523295897
-35.10015499713306	5.01211424098368	6.336483990212892
-29.882230944056346	7.767706275344751	7.323009757803044
-30.314996088993	3.0432086581427207	4.357511983724769
-30.02237460621162	6.808025607094942	12.389697144271251
-28.372947406233504	7.352963614211901	3.9509514238099617
-29.953723792537748	7.6584073424869885	8.03435655573856
-27.718183799937854	8.294395592274022	15.036074987776626
-29.671695804388918	7.653990657617345	7.88520299607496
-36.927377634423465	5.868430773744244	12.777663742614838
-29.21975245457682	7.21666025159324	1.9436346894262124
-29.95471606583176	7.800401999411282	7.857325459746058
-27.97351399702817	8.729360500264738	1.8201358225442412
-30.857700469052254	7.49622279775751	2.380196768179709
-31.212198947921152	9.168269212089882	5.805836774139959
-31.803189860879016	7.259729674177811	11.19867072841881
-26.14412342835319	7.219097772352306	4.984100990264919
-29.07566087235027	7.68471438675269	9.182917896638012
-29.22365069363492	0.792181152492244	9.200297298891758
-35.14853504505023	7.933918690992028	4.325802692026532
-24.99267563246771	4.79720034936578	11.150278786972923
-30.69533136964446	10.729702876622003	4.084175065839473
-29.93607328750966	7.7985843554192575	7.797240542147699
-30.035785207939917	7.920447710588102	5.494696675042601
-29.880089315302172	7.357022285760337	9.044892612226352
-30.811198067073192	9.057856249684923	6.933601897257416
-29.967929914767094	5.016946008879792	2.7721066813994666
-29.396758277384656	11.833186901632832	10.09860581843117
-31.2182107958911	7.642016214214087	12.542152979804339
-29.099225050335527	10.432498661523233	3.0484774878448357
-28.17343504459078	8.51135366934115	10.214471589826518
-29.523149556680043	8.714060464485051	6.983889241105052
-29.83266727768607	7.446648070463149	9.098017901773547
-29.960812984221967	7.018670518021642	7.261575893186934
-29.906417038506568	7.836719661380264	8.135036498772353
-30.082240734206447	9.844191014502162	6.930141580803086
-29.871551301891664	7.751665605263978	7.902319831329287
-30.415411578929987	9.347874358545218	13.094372738177055
-29.755798075294198	7.912671608766766	7.893773769496663
-29.887886604869784	7.919844949930938	11.81554965697126
-35.2883395306252	8.442817990281442	14.518641867393203
-24.926775931182714	8.009784384254386	11.403453568778723
-27.820605040344283	7.140517437370181	13.601282731683494
-26.297232486556332	9.280356021327327	14.990183858261322
-29.687482950703735	7.984849560255323	11.934356580392308
-30.68165691770479	9.31157876436404	8.64444026242881
-29.951141931250014	7.770827223391157	7.549327393901708
-30.67047336244885	3.3338682978900307	11.272568854781877
-32.22021948826433	11.49801254155707	8.317698631631009
-28.582032146119282	10.50987209470427	6.611270923567151
-30.05044587073137	8.235046945938771	8.418323249843905
-30.394034411921716	1.1192193254541811	8.864829233049157
-29.911662442988217	7.848497939084441	7.71500125343378
-28.74645079298881	7.314690082243914	7.6997425936121155
-33.63009256033086	6.905784987740529	10.453472348942675
-28.462299501874693	0.6334992047686807	7.224408451648925
-30.370328654790796	7.515954746617298	7.2435408600575535
-26.028099406377827	5.154523007971305	14.698302444946851
-30.56488260939742	8.02266901895119	7.470919356349139
-29.95918037037085	2.3137714285326902	11.051642304784357
-30.14274557329014	9.198257633488202	7.709204752936041
-30.19926821677051	9.29037579566468	13.14999733723156
-28.98513111344702	9.361549762012196	3.048453121992198
-30.143531259587707	7.7044887404095	10.72671884882186
-28.44893825826415	6.802626886672719	2.187761801898894
-29.96064013471027	7.805057783558984	7.095605377756702
-29.87181718050815	9.700451988351338	3.3794469833739056
-30.271915308846033	8.236515183195266	8.039119384949478
-29.770822117566425	7.573116734439132	7.83476181443432
-30.37455254479085	8.17049657592808	4.993010441515972
-28.4170522858195	9.507785622869424	8.524262415248602
-29.78660561333639	7.763504812138398	13.008211418967154
-30.24802215933967	7.430952943028906	9.886584910439458
-29.781148952135847	7.629079658877484	11.463067083960365
-34.913595982881205	2.9723199015420994	12.50279289820056
-29.69075910576417	7.744910627253827	10.991661435167721
-28.38115020986399	9.265850387079105	10.287218654399721
-31.24843567303327	7.484019942321545	3.6998218278900916
-30.50822262563803	8.014579689997893	5.0437284867761
-32.32481962882672	7.6507096219505755	12.378104921702828
-28.951772840765695	8.917335120218508	6.275471547343358
-29.876409350483456	7.155727945371944	8.096530293659189
-28.268682462346305	5.605592438808803	5.417870620045868
-30.926608685727203	4.9270398640258986	4.22449763621265
-25.923632196482266	10.85576628579508	12.595551470352795
-31.11274923562203	8.78678934259968	2.3409770965519474
-29.47858462628229	8.052232398785044	5.890820082565488
-31.912240931487897	9.665767523343533	6.130579204228736
-30.703248718631432	6.468967999498328	12.682346640185301
-28.671089493535437	7.912694823685304	7.547043406459922
-30.07602940468919	7.908768044730143	8.399930304418591
-26.36083443169526	7.100995739259614	8.510364425048007
-28.028217815838882	11.518942600301768	12.033853664647463
-30.0954060640555	7.937208413725983	7.896733903279414
-28.58332046852498	7.6986029183929	9.88614822250042
-29.72949870189413	7.915977393418288	11.461056354380583
-34.498475591420934	8.83338164365574	4.4162548098785
-29.00295516082272	12.13705227610846	6.209662675025977
-34.102979622274994	14.446162952259247	3.726584587498599
-29.63919853024763	6.513107022871797	11.787209450433641
-25.031383074759248	10.483566520826784	7.2200222620451235
-27.32798103894674	13.112007935936248	4.8918539262066005
-29.94343567385867	7.799074945661189	10.502605022832906
-30.819833182789782	6.743559033636702	6.694850836731138
-29.47425403020832	7.74530114335155	7.4206120209353506
-28.364233064357702	5.7021373515422145	9.626239230364405
-29.72829508171201	7.796012698832104	7.7610568212688955
-33.11272375495983	1.4547597558550134	5.498415493169544
-31.40629183388387	9.315411474602465	-0.2925796886134737
-26.393498363863635	12.795892986641668	6.485955822130063
-29.5389731812425	7.805275771916204	8.685638341288605
-26.05124428853763	5.8164541945959956	13.515167182499772
-31.553584262215637	10.245895580566026	10.409921622612544
-29.862047354452443	7.9116113903977725	13.481102011144639
-29.56645711941399	8.73776244188129	8.61904196399174
-29.870884084063427	8.127562119160409	3.137499489778616
-31.196767327563144	0.5108791973827742	6.935798843056331
-34.50179989191611	7.791702707272275	3.3321414606571667
-27.50575288167451	0.7357490472340587	12.462472523332444
-29.592195363475668	6.912030431188552	15.945243954566623
-37.67157198166652	5.161048005913116	10.412176532338284
-29.082545200570365	10.228146852037856	11.027667721255206
-24.592878894943834	13.040395310712722	6.24619577408366
-27.478715181679995	6.1550848688965125	12.456354962403925
-30.476029331007602	6.590904671434146	4.842254283824576
-29.8252606023505	7.667107579435793	7.9214037540634985
-27.147030182532802	12.688357416505553	7.443368078397869
-21.231324656378945	7.253016407218225	6.796362536989379
-31.792562200543134	6.496459237348972	11.253629829302925
-30.107880402986954	7.3476287710011965	7.107819097016956
-25.93580348471372	9.887191545024075	15.299191204125824
-29.66784874877233	7.271324327930154	8.403600332641563
-29.074228488466556	8.336389023451563	8.932149124437322
-29.230767129793207	12.412990141522048	10.451328277311456
-29.90085204244784	7.870408053063452	9.842156297043951
-26.407492843479403	10.886070066223615	5.814490088863881
-29.965622746728837	5.793265679469535	1.8669506616951397
-28.45716394555051	10.750771137185678	10.542563592641137
-29.762132030586606	7.720110910881178	10.29971562356694
-29.935077541407846	7.802619448318865	8.00192663376054
-34.22729159165267	6.951785106448905	13.181318092146906
-33.54414656198332	4.869272658378474	14.247297482141457
-32.40403661171509	9.512504778654964	9.823760160882502
-32.029368812456106	12.786645267439246	10.001096978676387
-26.581561360942835	9.356492286324652	9.136873120934416
-30.50225695888788	8.884755955422941	7.072725402781078
-30.14115614308156	8.39168704078611	5.929489625824645
-32.21535702588595	9.613718091222408	7.961007543542352
-30.00577763471782	7.819933470376335	7.783132103463313
-30.422004489398645	7.0363622219886786	15.201808967191997
-27.939298997337804	10.764304276794974	7.245204638624571
-29.893221332081676	8.520832636248517	8.327965890156902
-30.086549888943022	10.380451640368788	3.2735277731183405
-28.02221407045118	2.6221264861495808	2.815257638009796
-27.089859149162752	6.30753382372489	12.008713335294606
-31.558769159318903	5.795764826325344	5.120020407147271
-30.251345723267203	7.2486684990030215	6.415983762039882
-28.360828658597168	10.060657103979146	2.076594994755853
-26.94602476504061	8.962111670690678	6.062457962597138
-31.786115583659107	13.907740895838895	7.952129179724993
-29.09995341675062	8.710589277402551	13.5203800805849
-28.278215526490044	7.207297451312652	4.876257593278698
-36.87333677843079	11.404598331061722	5.574075851321476
-28.97591970132037	5.1092700726830165	10.801686225233855
-26.943772888038765	3.6901122309116863	14.367789223391409
-30.93706423921541	7.73535023879961	10.20035638068877
-29.58938481867299	8.276336184366526	8.018995282569453
-30.90431330805079	5.943964653245186	4.876333495664159
-31.15048287228052	2.8029445574248664	1.541774932955585
-25.052875583811417	8.495073292303223	7.939464258012059
-30.66459801949762	9.054068418039774	8.311891688718957
-31.06201107651743	7.93823615178709	6.334206636489592
-30.38064320419017	8.235495412715174	8.558517377741104
-31.466356327507654	5.853889125646929	13.90986797201243
-28.623419403675335	8.070564457624563	8.508500003241632
-30.59504602722793	9.011330543193163	5.034734470572689
-32.67417767638734	11.282087246352642	10.280153963306423
-28.32845765293121	-0.4434066752164716	10.43406755966847
-30.534140716465608	7.882479110691635	11.839594462371107
-29.907734116064685	7.991982951031601	7.446603994846939
-27.409121511692433	7.836343837017899	9.931653748909426
-31.00870971452342	7.634658848182008	8.375891103123012
-28.854673204049863	8.171949633707378	-0.5435549438389469
-30.146819670413077	11.894642112058367	6.00553338444597
-25.494643385735426	4.561481071555738	7.443037103907707
-30.2637062777746	7.250789543851211	14.236369040789729
-31.323594798806962	7.056232109782661	9.204655376975204
-29.636232590041477	8.23863389597256	12.639443552671082
-30.53617325959026	7.645488014116831	8.917898103819343
-21.001166449632272	8.060476035778228	8.852045134532814
-29.670104573870457	0.01825841249174953	11.041083863008925
-32.22986103986266	4.4307299514577085	7.53359231933062
-27.709943606421486	1.3457082461093144	7.358843040486328
-29.826781118370572	7.4309416008732025	7.640331616011218
-30.393390092453746	6.691644354905642	5.13829838987116
-28.472468162896245	7.959316229635775	7.979210488478148
-29.79295432940796	8.610224957383359	3.824460427260084
-30.89009968921165	6.77187873595893	6.645911341622079
-28.09218899350747	11.589906710208899	6.918121315483412
-33.75919550073169	14.287557928566516	4.834334945363191
-29.575929348259276	8.293294376271762	8.27114072797755
-28.93133820520539	7.79122377527716	-1.0861239294044225
-29.954392052158443	7.804295038344708	7.886464322918775
-27.129516954314347	8.764630021530689	8.136745567683844
-29.42454291612108	8.105099247345805	1.8997208859234558
-28.879705010496696	9.871962656380742	12.211738386111254
-28.954306050190482	3.7039134820499156	14.797263839616392
-29.75176924017917	7.966183245513218	9.032581057234609
-29.854085041314978	7.80015659097806	7.962857395197708
-30.89490348514497	7.976332111771173	7.212752389776266
-29.91468417794747	7.339729623265986	7.652267479755
-27.823104329452768	5.782503355892883	13.153774580818776
-26.879057134153832	10.789849912770585	0.0023187344984991753
-30.637689156171096	9.752626465130513	6.394559148384409
-33.08098274903065	6.202010012200338	5.067027675535424
-31.02521875206786	10.41414356018169	5.437751845932903
-29.984309619670586	7.916486312193967	7.66557132812414
-34.99062292545364	9.49727063907225	11.464083885756029
-28.433468540762263	10.676017993709548	6.734743072560946
-29.28793502653577	6.704145595130275	5.797987551922368
-26.63116584824588	6.574341834402488	14.871310349426894
-36.482556793897324	7.168638630165468	6.578544954517252
-29.0476742230457	6.1752640757200865	7.7045817890056565
-21.94350104188363	9.024556781822362	6.1638958110125746
-31.316424370370083	6.664045422056763	8.545264335731952
-31.668490170124187	5.327146030570203	10.539632090719856
-31.335588505791865	11.631177292867115	7.217565858120383
-31.70859243493906	7.406961032193352	4.323723516099266
-26.94455072494038	6.9883704791280685	8.350636905705455
-28.903793603393073	6.026021947944745	11.599063836298958
-30.769952228795887	8.282713237893802	8.896295056372404
-25.2443156612975	12.681060400557012	2.6703910385511715
-33.64210588647566	2.9023515456644846	8.566527745008761
-30.472891668091897	7.546975270878397	7.695050568659877
-22.81782624838081	7.319981174749365	4.131711789502188
-31.63834211112183	8.502122431285368	4.256626513570969
-29.734424555323347	7.9608030925890905	8.347579983916138
-35.16436923443516	14.446456483905227	9.462202045799788
-32.88056844158664	9.62582121153042	6.138183978453241
-21.343216918868066	8.138255446257194	8.192774097707183
-32.82791733397982	10.214257019147219	2.7845661405848574
-30.254829906877344	7.605921535026375	7.781096996659449
-27.636161281928775	7.542789576668581	8.967715138572926
-32.27753154596708	9.73548964747859	9.107997094154548
-27.54939443686169	4.471745559213339	7.612625618339192
-31.038761119267207	7.824805176696175	5.316277320364874
-29.47444353222394	5.713377159789133	8.22134133742886
-30.127518249461744	7.767526339208264	11.023506299440578
-30.436352688341923	7.024531972116569	15.295086804673135
-29.572109484669074	8.118273943900121	5.436574579327692
-31.150886291993906	7.095424941403008	10.80815827974213
-31.649371024903132	8.907253212811172	16.41479063517731
-29.243685978823578	5.852170885090088	2.8430708692410818
-32.64174728663444	11.665541150745051	8.250292062561094
-29.969231167539405	7.604381398922838	7.424374781313418
-30.62209135208562	7.319929847186215	7.320336164581413
-32.93880455243729	1.3467391026977698	9.475584555491078
-29.4928630297862	8.192646795247292	7.521719851860484
-30.114183925792847	6.53808776688311	7.738539442115659
-30.038569296778245	4.30133908510562	14.043166936392431
-31.334284131919116	4.6356508925851605	3.773911470641039
-32.13715726143029	10.386794350840997	6.61340845996458
-28.740960363895216	7.776067112074886	8.892620210465726
-28.34792495891171	8.029990761245479	8.969000412999396
-31.486280108069867	7.35234996959609	7.8280115693095516
-31.257056089367907	8.810715793780433	8.238021765980438
-34.858417299623724	7.392062068570979	3.018842950828849
-28.671891211295193	7.672150366929021	14.016577300417664
-29.033770638252765	9.315044647332144	6.470104654426253
-29.099293462542654	10.30892743393693	7.7256796571038535
-30.553398174337918	7.8791032937394005	10.403398834713819
-29.508304107924783	7.32752522326441	7.910322462859559
-30.66982654977815	10.103851163729633	3.8577557965833598
-23.195427076402503	9.684452243977567	11.808869682602634
-36.493923387716976	7.44897651077313	7.358604818909351
-32.721461667890594	7.022998803021764	0.9169338581109256
-29.305894523886593	8.042886946251128	14.37381510047874
-33.119547490605186	1.4217742016107504	2.31584926061963
-24.45716125203223	11.059565570352833	11.263879672692402
-28.43522389628866	7.706391408049496	8.009455836707545
-30.725097113581953	7.803818345341921	2.319109093170341
-29.811152741773014	6.9450896818570325	8.359789405006337
-27.889361200237808	2.844095002179671	9.281452604619727
-29.554471153927352	0.6644723028466082	7.3613042233062576
-29.881951009569242	7.727999914610877	9.688878409268149
-30.59717925376	11.381153449206355	15.937457282146685
-31.13182805276463	7.00823557341245	13.940269590409237
-28.979896814093646	6.92369311454402	4.750793042357502
-29.34647656309246	8.243865953082713	9.116580958624153
-34.20252859906011	4.57652129070758	1.7147225754762436
-29.100116721238898	10.045977507526718	6.269768246491236
-29.093210515187703	8.010177142602393	2.2689166042599656
-30.635653341940575	9.86471197853633	9.409921815759718
-33.13203754643323	11.097691238869388	8.720068844474756
-31.415139758989433	9.028272313675917	10.035816314484471
-30.531281375851023	8.299306644915406	14.116208106109005
-29.22551221335093	1.3615292047537064	13.34614067322163
-29.911500866880306	7.653880187996774	1.3368355947937074
-29.939707527417767	11.418180155514618	8.46677481479081
-33.126493906581146	10.277718787630615	0.4882820144251694
-29.72341615456747	7.382559461488744	4.219376602619983
-31.755709579388565	8.66253513202375	5.912124360533364
-32.13436191743101	13.176469948961662	8.382337840215293
-30.863134750997997	10.62918175064745	12.628793366651639
-29.805065672307567	8.783276292151408	4.149963025517099
-31.47874116324392	7.353691910138689	6.946732958510034
-29.886970757274888	8.264899186318646	4.707266669316402
-34.87399849573305	9.334448953194212	7.066098847773449
-28.502916947672823	0.7278747807104189	7.730988937204047
-29.98234735820932	8.062059686371478	3.4548192584134627
-32.18649908381697	5.869761489607079	9.232446879121659
-26.030247462288735	4.8895382078161	6.043884739952643
-31.960800203928134	9.685308534626481	6.190234499434588
-33.64663625963987	8.195379595578563	7.557874483360702
-30.024174389164546	7.745642287980437	6.878468794319622
-30.040018140285834	7.6542198585641	9.13879215763149
-33.62804470042203	3.8794636397462567	4.839930718879007
-26.987571869371916	5.657705986950882	11.115950950912907
-31.83912217414433	13.123029717743496	4.267976272873009
-29.951772096713714	7.795464375278807	7.74522624268375
-28.354175418844697	8.532953698944421	10.007137943612003
-30.46795496136287	7.740494982122469	11.255905474656727
-29.268476549560244	8.286070328487202	1.2224890575813108
-31.093734883013035	6.507236729288724	12.199504153700047
-29.419976987188036	7.117601255022899	13.274429669398467
-36.8923731265795	6.251866941726506	9.214684460522479
-28.611765178796063	8.640931806121042	0.6337226857693521
-33.77228225537475	11.334944748200455	7.435586572784594
-28.69577896851019	7.283764912014617	4.787951794818502
-28.104715075839124	7.742936973743399	2.6593119556077083
-27.904019615826027	8.991948891617719	11.927298918264121
-29.979286318598575	8.112540919566932	8.048493973270737
-33.76479486298672	2.73579158489392	12.636049633364994
-29.52681917990492	6.864536412297916	11.896694858607948
-30.523812500054305	7.732025389730139	6.468452962988124
-29.724537227562553	7.748074540324354	1.2755633327548672
-32.68338617903582	8.432151506147695	9.949282059447688
-28.56721170642558	2.9041586144421068	2.5884277049686633
-27.52506982344177	8.964109643719775	3.139141436692282
-29.92245449730723	7.808853729859863	7.781578309763731
-35.04179650270182	5.591698278532736	11.009260125430325
-29.815582491966165	7.984267972719569	8.261486172389034
-33.500229703682756	9.359775652184622	13.588996606846521
-30.315417167955008	6.720847459098972	8.437646385588708
-31.874787281021256	4.65481637779952	9.578080289000068
-29.95737233770743	7.731151906409967	12.540619689910326
-26.769939603187687	6.405709959538861	9.161562750581828
-30.716573850093503	5.066191281528667	5.096942953656798
-32.37747062555617	8.826744637799552	7.195405525548973
-29.142477249429586	8.557624430245848	10.246805770504961
-31.875401595654008	7.504305847191249	11.857877594203172
-26.62121875323259	6.4730665453318785	5.455603892869273
-24.26734721015585	6.916651059412873	5.451509451964705
-30.950886800559203	8.739254889493218	14.236551254045107
-33.12838302740616	0.03668874939292088	5.1950277361184405
-27.964959833100274	9.401802411713431	13.568712274759022
-28.642623142506487	6.153292362554122	9.34405481189657
-29.129909925873292	7.52216526472361	0.18039985977781647
-26.90889220532011	2.394859917432325	5.044193155051122
-29.55528573856541	7.717253394870041	8.78167567404987
-32.64793911837752	8.27795799391156	1.4694893777685207
-27.676999071691622	8.411837151939562	10.448478121437306
-27.671169953641545	3.778655120423207	9.288641425731875
-31.32805390997819	8.916845467700737	3.6040372281148656
-27.911240963581808	10.52782868813372	8.58079589476835
-28.845000663033307	7.585854699205879	10.597801595214987
-29.856999000781922	7.930989623967229	8.128512191533167
-29.33261079690069	9.2526076743845	3.8438740081176968
-29.934355077427117	7.777576783115782	6.825482674714238
-26.3338664978055	7.6730272887074324	9.620700558867144
-25.06083813785211	7.151268038032972	14.11942539935604
-23.874364699945755	12.721440118342844	8.147053848101203
-31.353740980417545	5.179217237439231	5.49228389408804
-30.61380483662837	5.799879916633325	11.370383968053872
-33.06920483238916	5.091260846573553	0.8406765398201568
-30.319557374931687	4.386422045188992	1.9589593450226142
-29.81165301111872	7.4337141776161015	8.262414227191753
-29.135048147091098	7.4545437801166266	15.596218991481432
-26.689157990183176	0.9565388937394523	6.915572068649488
-29.640781200945977	6.1941309483672145	7.093486027256864
-31.40942905979623	10.10674936429667	3.7044167391104184
-26.97820825915211	6.2684231803693855	16.147489167329844
-31.12089752299886	6.092077230908053	8.44548797606165
-31.816443803305592	9.374812597930188	7.466845962116983
-23.919933747439764	6.335590458838898	13.817606528912176
-29.704447100290988	7.346462542173672	8.11276562710259
-29.931370204484786	7.05753805537629	8.567432795047932
-27.87955570867139	7.426532765950096	2.7650118559153096
-30.81156006646596	10.74034843968409	14.566736496832739
-31.10118160349866	1.9727996132693528	9.426200232336125
-27.393307188424806	5.411121151578414	5.6109135984727345
-32.31825615706924	8.078418104282589	10.618148492054779
-29.554739301922933	5.482893824397195	7.921269190033541
-28.615935820360924	10.278010291525955	11.112016484805128
-33.84684274014028	12.118619511881871	7.578755952320964
-28.0013512715991	7.03248485276543	5.7758779514387335
-29.655105403752803	8.46311407672953	7.701708536077383
-28.376999943267265	12.637923826328691	0.3959147802373906
-29.66415461510125	7.667145390436337	9.51211606846956
-32.5219543029575	4.968611218241939	6.794024539470528
-36.983876250847196	9.011824567917836	10.558263210371237
-31.46493182977715	5.533176349060715	9.36916871136282
-30.284661613089224	8.203469981087576	6.997745275725415
-32.11316478514966	6.065458747699974	1.4891648492927168
-25.28370233371136	12.305269509414192	11.086955062106632
-30.591304645758488	10.431786675495873	12.133335021474899
-35.12359376116387	2.6690669118973203	8.622202275955264
-31.108118258752985	6.848151617746506	7.241937398606554
-30.058807892011792	7.415843370927284	8.315943847428843
-31.509516065844714	1.4407253256054844	10.502221290044925
-33.55172853945244	8.322004307308116	2.9461559832311535
-24.202367457264685	13.32873797365029	7.174852951871903
-32.331708751568115	5.471568277086222	1.9605116993677756
-30.00985081093153	7.861742139610573	7.784124352836793
-30.707709655160798	6.837133094951131	8.117134391457244
-25.47283687639538	9.289170105549086	14.957090844766274
-22.263522033481493	11.10030870824583	10.097237253876344
-33.47249460318877	5.845550965264261	3.9034232277854013
-31.930934260989098	9.656530358092672	10.202478536767254
-32.95655739916824	8.045969704218306	11.13123575521466
-28.487937251246212	10.680655247205317	7.093729872811581
-28.225691825676236	12.702953152532537	4.049256266577632
-30.79920205491344	10.730134577780595	11.972497837922653
-31.511079263673455	5.727507307082121	3.5773152107723236
-29.355619805304812	7.149319854503187	5.897548109480493
-37.1559404427559	6.400204335383654	7.312508769266728
-29.655776560236465	7.430313546634247	7.806936100680979
-28.398996521226263	9.887199773626271	9.290467951456082
-29.692578383862763	6.717345301407622	8.76865247396527
-29.42520077973194	8.020446532661357	7.05759848980218
-29.769144611113152	7.7726186301708236	6.129901198308969
-30.013666261806137	2.8165081101460983	13.917754487845867
-29.69550113069913	7.9233225863059875	6.024790154405448
-30.19695702087641	7.9279294461392125	12.027150686344779
-28.35629160825941	8.52877078359061	13.598563924043976
-26.919441695176086	1.2084189525001143	3.284428465280455
-30.01835906164923	8.1063334212053	14.09548287017314
-36.55807244865869	5.829533376113178	10.778304183189663
-29.65512607809085	-0.20362880119714521	10.29089713771989
-29.095018593683868	7.552885739327407	6.403062196145003
-29.795690921333723	9.172629289040724	8.379580445333556
-31.16869736118044	10.86782820763929	2.2135377949821784
-29.081551743223137	8.045529514087974	8.016593539180986
-28.910524025569732	7.8208592149424545	10.93734557792889
-29.936770177543035	7.709846645411391	16.41461532291615
-36.392674710569906	6.009543499991702	11.121489496662893
-30.594082758603072	5.663958849513829	16.2430320334971
-30.23630309350103	10.119606377920777	9.440208476657274
-29.925929308504184	7.791602992339291	7.821381724910202
-29.848342342049392	8.045285851280477	6.8568539725843
-27.948971507126036	4.44707364009344	13.310913479121695
-27.310011512909615	14.696590088778379	3.099983090690669
-29.95579682015986	7.902830983854192	8.083086454076126
-33.289578764057545	5.8462624945391015	7.434369680831081
-31.843288398850742	5.939233690288566	9.86544972482757
-31.840281050658408	4.065474788445236	6.384194599244325
-31.919243609558137	7.104607702550051	6.938280144184061
-30.29486180344704	8.933446551065135	10.941179827653052
-34.21490483974857	10.288629974748519	0.8952862750941257
-31.336002297537622	11.181874641670912	8.107020316458172
-26.347622029912507	6.563719382292534	6.811711318327706
-31.10120356392629	13.24972339062522	9.213283276495531
-27.376596918846676	10.709846135432617	1.2876626112960379
-27.008693647442946	8.048243436244428	10.091330371255642
-30.819473656919246	9.17180179443253	8.524724726244989
-27.916583353823185	9.543154863281105	-0.12690262347808545
-28.97607121926157	10.632395887161874	1.5111696007852045
-29.202942755130977	8.222391518668836	7.504267896693447
-30.48817770887757	4.724125156404969	2.749356364383593
-29.985265821749483	6.182624484138754	5.931625272429369
-29.32228666117315	9.314253747776657	11.778151681430614
-28.855553626159537	8.449076881374424	11.455580832446794
-30.70777864580909	6.103198244657456	10.466584577510536
-29.36733474667305	9.643551626298635	4.880309473725713
-30.01812423429881	8.073359457900223	4.736152932419053
-26.073037572034806	7.158598850842131	3.9541680411019495
-33.611224730572516	9.103248677755907	9.39754694434726
-31.491819741531216	7.3509499135608625	0.8368848093170813
-29.649498948578966	7.672063616076273	3.2937775210962625
-29.365684265182495	7.293413526517423	8.164401323705576
-29.714153658155546	9.399554448264531	7.217353228993708
-29.983801384714493	8.510584273909263	7.862934208203269
-29.904185833150727	7.325591894941288	10.34929379400585
-25.535138976397118	3.5479558704743193	7.9783225056127
-29.796862183873678	12.75927506359635	2.0826926580726726
-28.643202924889845	0.5930438589676958	4.898688610502549
-28.160991980130355	6.071188423747451	5.822875581318235
-28.92122848716551	6.280254495183984	8.54533428063359
-30.295748266916277	7.210175994884016	10.499499643755472
-32.376143379161796	8.063447656621886	11.884083582138572
-28.326085378308306	7.0528094460686805	1.8776818204472177
-23.968155914327223	11.44788423982926	8.146003520920216
-27.661328524055392	8.022191897972446	8.672982252816471
-30.639332621740603	13.833643843895283	7.326866595308345
-28.203551952276857	7.728267492979785	4.304375474092498
-25.983825282633536	8.446025739841263	5.87111298317529
-29.469577152737976	8.571376709624111	7.0728533375872855
-30.215006451784113	8.1794613271058	6.9364343158634885
-29.537406152020687	8.065248584229897	15.878904137221092
-33.980585315320006	8.208310597156931	11.75055545863627
-30.01997545504778	7.826624954175179	9.353138750984588
-28.11956043245508	3.4994795542219057	5.74522633617507
-27.942966535407358	9.953098794208579	8.578674016776343
-29.114067431794723	8.038225706585433	8.286898034285983
-23.023463051961222	7.716077366795384	6.611641783293589
-31.645357513953755	12.638690296078732	6.497596236248398
-28.674363215082472	12.95086764086253	10.501382022409565
-31.161936447539425	7.332396301204877	8.097659359583433
-30.0690667541439	6.753130752916889	7.459075646858114
-29.511101499339947	7.748276738339845	7.528535917622315
-30.035970324686105	5.42452358085578	4.591558176103743
-30.026842625077332	7.368520760448456	7.391670944913321
-30.314710637178575	7.836393403902517	10.775209711987912
-30.095796581758435	7.811615902126351	9.697535147391726
-30.015608385911758	8.753239861294384	10.460700263702408
-34.243031181702946	2.2982917362724082	9.88407085709908
-31.15610088675719	2.0562279773913836	13.317992943559254
-30.09596728797822	8.188349387691717	7.869367696392205
-30.232002679126666	8.201703064464933	8.55372789582878
-28.75413220006246	9.114453926159552	3.618793091318138
-30.966130016870316	7.907773313040636	9.39059883561069
-30.561701326065407	6.0755379511735175	4.859373133636496
-25.246957833592802	10.335706518742548	5.077408629586294
-31.621170567257135	7.158557691661796	10.484408127110575
-31.861573663256383	8.127774693113128	8.288548416520054
-37.63800548424487	10.590352674064448	6.20974101126868
-28.960293250764927	6.954206606390113	7.535136727210757
-29.889941004117524	7.6877346619205085	8.173646128483174
-24.28970713313887	5.390345178078681	6.716476977703201
-30.00371129840527	7.54602769530886	4.28076372403026
-30.827887241914933	3.473792242177481	14.450631916477048
-28.11147380602699	6.188581534517013	6.7763749109107865
-27.659859481142444	2.862138793990842	4.570049720817236
-24.58651926434379	5.891556893535888	10.577335482687648
-32.43160334418117	10.09409481213594	9.216147530028955
-29.290514263205186	11.306864056463956	8.001878924328325
-28.13928752729704	6.640635466067923	6.029462940159135
-30.050715089076828	7.14009595819797	7.0581058958835525
-26.65373237700524	5.3739587297472955	6.910098298471191
-29.971585536899198	7.950255208150847	5.5438701020759495
-26.573951774212222	8.669690765656847	1.2307112326256515
-29.91989675471382	7.79203792949341	7.817187579890195
-31.54765992662812	3.202003093138944	1.8973178974815905
-24.830272595148642	4.709944849924405	1.570212619571822
-30.664588147417696	8.793765566350158	14.417000280392683
-27.472327107804553	7.047581322552656	6.346846692397545
-29.190909636752828	9.74486954661264	11.37647422770238
-26.907781365599163	9.985412052308408	12.130076599070824
-31.868238688391592	9.734373638539898	8.789738064112084
-29.874610304576322	7.632910800694763	-1.187011922862089
-26.013784658785134	10.522370159859449	2.506068228280707
-29.875083709864494	7.7709973256916856	7.871979011052391
-29.890117650643045	7.769539481637667	8.139567615419837
-30.977468699704335	7.360451029879324	10.175996137817744
-30.452459699007488	10.924977797414115	0.8544633794017322
-30.423135925594384	11.298004883755404	4.111322583643259
-31.198847638171912	9.95281616059443	3.7013985820303814
-29.62010746916506	8.28801572482001	8.02137556149651
-33.631447666959446	3.8193860422676935	3.640980911442621
-30.018654732758293	7.602741661000456	7.078481626161208
-29.300910079926336	13.173242118941143	12.595558907558548
-30.378449092437997	9.14132643161328	14.206423417456886
-31.238642088189856	7.498351412808194	10.109846124714338
-29.334793839942357	8.087362476001887	8.121474273110096
-31.670416412097737	7.1357419580570856	8.98660009439077
-29.93776548218801	7.903977791405408	7.3988165880932435
-28.966508184611005	0.7324434843237473	7.648610607091442
-24.149739803546012	8.258633517561059	7.787528977260048
-30.529623562311947	8.757732004903938	8.075192414033623
-31.17076425342314	10.12849014020897	6.122212728275164
-29.6585893165984	3.2717210940207666	7.311199007113589
-30.934832283857258	8.29784808881804	6.723543228293945
-25.762496810051154	11.897591576239384	7.349064626436882
-31.06566895028112	7.188495767084255	11.192731125041087
-31.13907635583365	5.476932342873428	11.915167694418326
-36.003225096731924	7.059324939314539	12.339579785758692
-30.256887668584053	7.6327245207711565	8.651677641464401
-30.859246829669363	4.150214694069179	11.553082186390306
-26.913107743183208	4.448003567971911	13.168745309555941
-32.71842664420247	4.6144944944720265	5.171671815283972
-30.2371416211944	7.780279292087389	5.199287977659961
-24.38130910645587	5.60556256952632	2.262905277211029
-29.962993519338212	7.7375610337579905	7.584764343092438
-29.233820235789363	7.759663388633042	12.878866140484408
-32.609019341534356	8.710141657689192	12.534684831806905
-30.004256708080167	7.622530497582997	7.56931743833521
-30.044607794070124	11.107880909424752	8.615993151714171
-29.62355357449993	2.4651880906482786	4.640349009178691
-30.87862219318067	8.04399871636202	10.867401305567991
-29.926445969879335	7.852376030711656	6.989301272266553
-24.652701236079135	4.756058704852778	8.430283549427918
-29.93705436324549	7.805908524178255	10.026835464745082
-29.17090924180992	6.814042105869667	5.934147052161041
-32.18699536806766	7.594245562326194	1.8939144132457937
-28.733724865220594	5.788122586822231	8.628797847560508
-31.15946699878638	11.781483214967642	7.854746513583592
-28.839009663604696	9.710615242644153	7.601350989031843
-29.928291012211847	7.843440972255749	9.385842105814797
-29.91860968334275	7.858978557147592	7.639212885854434
-29.61575045707159	7.5741365782468035	7.892364333687857
-27.972560436641018	7.727896514719729	1.0437992371013838
-33.60281885598983	9.271732119678896	4.4201675573883
-29.647888492546844	8.547758510906984	8.735884350599557
-21.824356506037876	7.916990732060892	4.159364760515265
-29.565575787226994	7.725303446347099	8.563407714433037
-29.96587302179916	13.925415285542385	6.928301200278867
-29.820648115260056	7.757533480242759	7.47154361420495
-30.325917814502585	8.58288614298357	3.752844391123234
-30.58236922712343	7.090761044929506	8.867199649560773
-27.307224377961173	-0.4069687066634442	9.099913131298168
-36.186141079994094	3.3232184749644524	4.018962879774957
-30.51409183421862	8.685544681010372	8.867006695665324
-29.7579185308228	6.948248880844926	6.151273022054887
-34.853658442077965	12.836258547227992	7.925792119376469
-36.39359446740292	6.227622280839102	10.027619683924222
-32.46517751503787	8.081900222829193	11.165045090382451
-29.8371223215756	7.452102739398739	12.306510572975856
-30.159103167507013	7.964391017489513	8.189768013974872
-27.84534063939548	10.464785054357133	7.910046475410898
-27.9637478502465	3.2930420425948386	7.0964593246404
-32.15711073075978	6.717769335493257	6.361017248363585
-27.98294473389044	8.14817272729948	8.732622609997449
-24.43711437744012	3.417661715068408	3.0936262948369144
-29.691933662930555	4.11874409454854	3.999997824592378
-31.392710281101454	9.457543525570088	5.188378137057742
-30.393366517498972	3.8714770862894916	2.7993555986508047
-35.74763487670296	12.418085011058418	12.157749176321296
-26.598260034442312	8.128148624001328	15.509393026612283
-26.319424295348213	12.916431717464611	6.007195761812379
-28.127272014269796	14.202865505034985	8.097563415799947
-29.862401303872385	6.320315955941057	9.412489346689311
-29.44267042741465	7.720696645251436	0.7237945054332888
-30.223405067471166	7.8877722855410735	0.03877007982112257
-29.87973976627737	8.228297593252673	7.3256820318441855
-29.934002263327404	7.797353460340308	7.645955169143756
-31.696222564236123	2.614330011805759	5.668490807231965
-29.65707988636772	8.482264103489069	8.385183865827091
-30.496273287561632	8.314886509762378	16.087648326618204
-29.997565036610105	7.446412942329395	4.558148844407918
-29.91872758326276	7.7684202596221255	7.962127270459273
-33.49613393405763	8.643676053918938	6.925272731771024
-29.96825197709787	7.813193626048612	7.642772406331721
-30.001568031856813	7.87614966800865	7.986724377854282
-30.994884041265664	8.589016616629143	6.133314379758337
-29.657371026180186	7.970275727482863	-0.8658816958217734
-36.98384323622198	7.472318731426595	4.975778732617838
-32.92159607555511	6.225147180448511	8.837882640425239
-33.10559601273661	7.460643313736744	11.79146173473557
-29.63960966522877	10.459768300367905	7.383094242072258
-27.383034379755454	8.775934553027273	-0.4128661311960595
-29.7360265933989	5.826137556735217	14.702436290609416
-36.36516663967277	6.0169056574451405	2.235271971537186
-34.36482905664069	6.260184672410323	2.8647701959786733
-28.628950919915013	8.491450924835867	6.608491493403479
-29.905541626296284	7.959163448309672	12.242723476541883
-30.015644958635242	6.834129750846885	2.9399154359045214
-30.509227265442703	7.475328620309751	5.862954760291544
-28.252686142523384	7.671563662492043	7.919365650209661
-29.755029015687512	7.692814136968371	2.959092418210588
-30.46864199905839	6.8466347177158084	7.16209296675697
-29.65265318038392	7.814116551843756	5.840326553955633
-29.285063076796405	12.72623236724271	1.7489853596711713
-29.683704345997693	8.239448024151816	9.110437844510383
-30.641937114387158	3.8407539311825962	9.727134493711109
-28.747332137302127	7.566261323665354	8.191881701088462
-25.663618749964513	9.59850671174857	5.307870781447119
-34.80381496201667	7.101936540836827	13.996639726749336
-25.16537242775917	6.383574292379201	5.309241164209485
-27.48206356532199	12.736959089698242	8.404481309908675
-27.19617951932047	14.269395126412714	6.331162238960855
-30.735039322697567	9.62673190153363	4.31033394102449
-30.979584879803493	5.762906137228477	3.373115790064883
-26.07574248267225	5.32407258367142	2.853461936397623
-30.23561486042817	6.505135878732981	2.6555607178541765
-29.289231673201265	6.00785541467219	9.217878659196836
-30.877824675936548	6.637598256168867	4.248531208108391
-31.286533865441914	8.37581671223534	0.5235129133098617
-29.985449935592612	9.289533873014081	11.243983299240297
-33.45243985490637	4.923384637931113	6.157402317500711
-29.886427546365187	7.784152093723649	11.189158946872446
-25.35458558782857	6.231522549614271	12.083213081305722
-28.930382046346807	7.468400559732267	7.254789428518418
-27.85746015399071	6.4288853601802005	13.35322907544886
-32.503890761976024	11.002667900334197	2.581479120787254
-26.60838816193826	6.7365609711619285	0.8222213215636298
-29.88881561972801	7.902774393124265	3.1279775429735013
-30.01922616549169	7.705454645495193	7.805223214980255
-31.43245095455803	1.6310136083888684	1.4687955991962154
-30.599659243533058	7.401360679808496	2.049137662130301
-29.875877916736183	7.797233219955582	7.804242140389665
-29.57317617447331	5.079417384649857	13.50614867992196
-33.435270090831025	6.141219563567287	10.030029427978787
-31.237390031059764	8.36234410207472	-0.8768228789697421
-29.50906930444861	8.137997618132603	15.851412828545586
-30.599668051484834	8.235440177730402	13.596994584707808
-32.983063126713425	10.432956386411345	7.63507341714916
-31.348456832653582	2.388367457332392	2.748420812745679
-32.70423486452432	12.924430748272174	14.371427348909062
-29.796539559263493	7.665467484649059	7.286512609101309
-32.32813377755433	12.55967976402183	6.380081771710183
-35.37845752179945	7.302441080028647	3.458312070175716
-29.687146032123714	8.528335142898184	7.543903237022405
-29.78344268088769	5.650422676455525	10.899849152166693
-29.838088592150875	7.89261302092686	8.274440503250394
-29.878345254264026	8.784398644290823	7.159694921870408
-28.26255626998701	5.909009630928923	11.589442863108948
-34.958430922755426	11.323456688643919	11.211093269062232
-28.345210909034797	8.281709491326302	10.983910894062937
-33.376442701365704	6.670461642951398	12.875970172069373
-30.088545774951577	7.932045143733622	0.9076992104465118
-32.55137331364892	8.545661403680961	2.49137511265015
-30.618910187574077	11.96749984290466	14.04876274519728
-27.66180544112308	11.817774979617209	6.731867762977332
-24.66266330688655	7.868776595781884	7.360192439482736
-28.93749957677854	7.7337217447879905	11.596306545585687
-31.20256334731377	9.1431015288055	0.38195521853644365
-29.53004971240773	7.208223027886819	6.090800714161758
-29.82199285914896	7.53709132516186	7.427127852484838
-29.952936802979075	7.831527557343683	7.34584180306182
-29.684310652650975	7.637590002838538	8.27325962256143
-28.575793606336774	5.934728170512801	10.90352831261785
-29.018593669365064	7.460637271645682	6.147318235519162
-33.706228792873	8.22843681394634	14.312654065772819
-29.896597681745707	7.963513320392814	8.781881059394896
-27.852366969020046	10.444809878805403	7.13002310685463
-29.5508010979693	7.25504609779421	6.6591522486126475
-30.566054914534696	7.704150030748273	5.6082297667383845
-31.566044152235907	6.327422715439755	8.948569937393433
-29.28833478609848	7.553170893683362	8.795370869253302
-29.928197279669636	7.803298926726969	7.801352132783636
-28.50199301681576	7.487020429383711	11.308169012314295
-29.93207461342342	7.795756702208266	0.816996163656607
-28.282871685551257	9.84965229618026	14.33834130954007
-34.014654915696674	5.948806648697324	8.76169409620299
-30.650063361030462	6.955109442440366	14.400832909666056
-28.774022130728703	2.901109762150134	5.138583117672148
-27.6111277813913	7.414080748429087	2.7344311945113233
-22.600012147005373	10.126438316872916	7.401429440718026
-31.479825097897074	7.630889071858867	7.181900251030863
-29.593127897289502	9.425286988558963	6.85991634134288
-30.226367264788863	2.3363699255150863	3.776040570084078
-28.012841551916175	9.158523949831753	7.489010078133996
-29.679640176830183	7.412064253277621	6.851162686103553
-30.09615470619177	8.559456577248136	3.6686757076173384
-26.21055437308769	8.378622157450918	0.7913586261014682
-28.198442950660645	8.250059055124238	16.50233631909582
-27.965453500642308	7.750260878636686	9.791828223997605
-28.825273352793808	9.009025904188157	6.38446645092669
-32.90736296521476	3.753045120989664	6.305426540201323
-26.096821478920685	8.845706082826723	6.888407291172324
-29.352266205690256	9.304614457208611	7.072043110614783
-29.929196884447354	7.784450663272806	7.486080251456219
-28.982619437251156	8.379897284500425	9.984738469481494
-28.678986291922964	5.009480378307121	7.798793104902095
-31.455914774561382	7.482945406531042	9.401574514678687
-29.62005170188193	7.659247806501474	1.8876963544449206
-29.635767592160256	7.789837030907953	5.713503462329323
-34.90606603251716	10.102135772128525	5.98531552670672
-27.170964039559777	1.747715919433733	8.973587149426093
-35.37806219923884	12.846678799486618	9.27650286845714
-31.649353696074193	6.0913612654394615	7.319817789005136
-31.629405867004582	14.250077692118436	4.884979668118028
-29.944188180445547	7.801339170793205	7.823872235643453
-35.18638061937941	7.729442578098437	14.086492978786534
-30.907595473689156	8.73279059297644	2.794230891767958
-29.896319220628634	7.821015432622863	3.9060735204988113
-27.599590039425276	8.522720728893589	16.15694253866189
-29.952045092784395	4.656804043790641	6.783820073178901
-35.27315840018609	6.566245460218037	13.58584826021178
-35.51484289305802	4.103069061541978	5.205032991007732
-29.539014727000865	7.159437693015853	9.95528419565545
-30.94803462780841	13.149271018137505	6.870664434683679
-29.846366404759024	6.280261648273674	7.632998020150051
-24.919226052736292	9.52827735539153	1.6775846116237565
-27.54668646086678	10.888920530137977	9.04057583904092
-26.96942871665594	5.4348989048369525	6.762897140589692
-31.734285043315897	7.083158109300337	8.66722383606464
-30.000135347708973	7.801721278626861	8.268135373447233
-24.349561115020222	8.00790047047013	8.185911310875872
-29.917776723213084	7.638680929861579	6.701822890004841
-31.149950105853133	13.05981377201024	11.84197826330217
-31.138110368563186	8.563492319647473	2.593146957250088
-27.919323226730512	8.605842899209778	10.590206885981807
-28.887633654992143	6.536336367811685	12.34191013692596
-32.055647629264364	11.71867850361473	15.51440606381242
-28.360116556100103	9.151061883672037	8.610430700776302
-32.2709591303806	8.414098889283009	9.70089477616786
-25.209549412184067	5.287605780724944	4.939270621401427
-26.50626001882459	8.988249772365329	9.188503596192392
-28.05842493756488	9.573584698597035	8.166506397309718
-31.455268581672733	10.318061233920448	15.618387367899928
-33.01219271070251	2.630563231158016	5.4631082042674795
-29.927336368337663	7.798682166644969	7.820538709772628
-30.571740067053838	6.95917952522396	8.118657532083109
-30.33674486855691	7.765647005798195	9.325872990939747
-29.522976748759213	8.050307142518143	6.770999336060503
-29.930722954177526	7.7894898539442625	7.85142145937347
-32.32750685408241	5.879955205526992	14.382129012468138
-34.16092074622711	11.031782164695047	14.542709309731995
-28.823861367860317	8.706210128893602	9.693157534965042
-27.34525014211566	4.911791648368752	13.07359892023342
-30.22506201156506	8.238883322858992	10.331714044966505
-36.09511126394517	10.212468908805187	5.627654962321964
-29.063229354375956	7.4177140137856625	5.136597048416313
-31.20778740797352	5.761297958558581	7.25048420061058
-29.8572300972337	7.843893781276222	8.184953685087399
-32.65862196794017	4.08536299173734	6.079980788238066
-30.20187330471878	9.207504030771585	1.2799888657682823
-29.94553502369864	7.802095704915805	7.761826164246671
-29.461643908520806	9.280390365115965	8.835827871736818
-30.5893755550758	5.3532715319269	11.400756394866825
-28.54001152040856	5.881399827647282	9.708937616651712
-30.866006452255608	11.63308682746241	6.73850574733651
-29.180789969690665	8.157893090110804	7.308941567896374
-31.019028317439727	8.833063207333774	5.578997393069571
-32.21165256471791	5.987253308225664	3.148160197258438
-29.361345344585406	7.935281573241814	5.058184546307464
-30.223806521297742	7.629334726169252	7.887552019313703
-29.274154170358308	7.888603757204313	10.634699165496624
-29.00514898443855	7.993785056133035	5.596833194586479
-29.931068483078036	7.616485378051164	8.140634631783522
-32.29980629356293	12.053760514658073	12.934412560249609
-30.663534394183035	7.575934027288164	5.593214026966523
-29.82110513076547	7.645165687565889	5.568701614512593
-30.340884488265274	8.886004297938767	8.25223964167778
-32.8115675802862	5.388035293555697	6.769018656860613
-28.496932270270968	5.636200345417963	9.763494145706673
-34.3938455869844	11.913472781822971	8.796870205150059
-36.87155967709415	10.452400441606493	12.85232590804118
-25.087558792109846	3.475006237495406	1.9091803618184304
-29.90896762070969	7.824993235901356	8.199419805966318
-30.0956021129043	8.36349623258551	8.472590243202271
-35.65211923283912	7.985106386363209	11.67733730676673
-28.0753402082452	8.383515579453569	12.976719385063614
-26.003164846182806	9.229672601249657	10.881272431378722
-30.375102159414038	10.09795457930918	5.0798044022046716
-25.983340215404215	13.142270180862791	4.097349592090337
-31.06236137670986	9.581396430852553	1.5066751497948268
-30.335115464005998	9.076585045481934	11.597144266395293
-30.185922260185098	9.3115310368069	10.882265588592254
-29.618234753342954	5.540797987900848	8.612870914783999
-30.50147131520588	7.972327473582135	0.24215922275184365
-29.945541183852193	7.761861231222386	5.9363330948700055
-29.744438889786597	7.80168085195178	13.763466072022208
-26.07822163867744	6.9984517848714205	3.869547240624057
-28.48829888751422	4.414086246482239	6.892956181643598
-30.32416013010688	10.550778381882841	4.943903981531427
-29.97672594472289	7.526649314594107	8.362295478906022
-35.77365237959411	9.880572995386647	5.589702308715218
-25.449467244408957	9.425306801048285	2.991646905510123
-31.72712761329959	2.367203653857217	9.219365258290159
-31.21209796396605	4.941776454381051	2.7897609444274964
-32.051517964618405	9.291332889495148	6.21218777842781
-30.09110504748591	7.585548920422243	5.854498510600752
-30.54759792387939	9.784973111255024	7.245725331604117
-32.238225794034314	9.99236441572403	5.346057959819377
-28.529123446280458	7.0270036617550815	3.8904125124761553
-30.479435785453912	6.161414529707573	12.869310201540326
-29.829197426847404	7.835845530065335	7.398855848543311
-29.502546935562382	8.072258332312016	8.719531365742386
-33.30871797976248	8.430315997184152	8.70384962971134
-26.46970069760163	13.258254105349677	2.58817964795404
-29.855813836025508	8.22122437377667	11.855927727374315
-30.238687737474006	7.819159285215078	7.882030498718422
-35.14895999316655	4.718883380566931	9.492416865570224
-30.442920699198517	6.436141179159589	6.719619808422472
-27.883109031260435	7.964498841912191	7.739490246524463
-30.0584235173852	7.520805104217063	15.948689626960885
-29.981673851070404	7.872428382547743	8.114000737219065
-30.004861834682497	8.267586913731108	4.855423556412838
-29.393022272929255	7.331793586732783	10.40817925653922
-30.762267022871075	11.93445193316478	5.1781276797467335
-29.940022288269315	7.799158406606103	7.8119899577383585
-32.3332750595691	9.423151723443084	15.059294773197566
-29.48049497859644	6.165583052310231	-0.9939457547813184
-31.977138292107064	9.224474450076386	5.325389780889918
-27.778268461118802	11.163726342019393	4.272721502550879
-31.134941088316943	5.599096798824703	8.341936015527436
-30.2903060334042	7.922912671327594	15.911992913920935
-31.201992673126057	15.360351009981404	4.131529725078576
-27.334977845007803	8.00540246768256	8.373885203567808
-30.81096373426325	9.612284374960902	6.6577874337866865
-27.040539992518568	11.997759946232971	5.197925318643435
-23.60796516009577	5.388217677226747	13.562148027312253
-32.649289946936804	3.61068273890361	8.52984452530243
-30.02231227133357	7.9123560040388226	11.369569111588733
-36.40155795293953	9.137643433892304	11.784510970175116
-27.081007962716473	9.143957223941754	7.316251303690396
-30.597700270932965	6.177899111057982	1.6635018074742307
-30.458334356851417	8.767976512284955	9.311895067219357
-34.56908421782999	1.8434809636731684	9.013534546319232
-26.29962441736353	3.5550542595376617	9.124279768476438
-32.86789802040009	6.724710248912882	11.435466032177759
-29.384340577708674	9.31675294603323	13.061689399214938
-32.56679222393445	7.41872794408756	7.105730070443637
-31.113012236744808	9.489033892130738	6.932425114415316
-29.808548817499872	7.516063493083415	9.38796360536406
-28.899781752444767	8.797338254360458	6.914944433554881
-27.54319537800395	8.975921242896625	6.341666587225064
-29.94992799376281	7.842058532053893	7.935590142240603
-27.655979588888933	6.2834175893175885	7.01588817361172
-29.582912624293932	8.905424452548312	-0.38319909618240544
-30.034038082315426	11.841821184222756	11.614576255889832
-30.459421995427228	6.15178307688339	13.09028204191797
-36.00199375361886	2.544840519962724	5.782952956839688
-35.98413865490882	10.571129495342907	2.9951539634334345
-29.555156000521205	8.511996701873716	8.13880283845179
-28.17793954953357	11.252877227769135	0.03709059786758662
-31.556909052487935	7.133327183614543	15.936838911303951
-27.56241828570792	8.557589881415222	7.51897064738212
-31.336564593542132	5.706517136005273	8.275061714257049
-28.149479671589216	11.081925400572452	8.86374022112386
-29.641051083506497	7.79444327013001	7.525415730724494
-31.681669108657147	11.855681123868397	6.489284474852703
-29.80899575236697	8.845319975029609	6.011696772043709
-28.12861673501961	13.993314383284794	8.377303689935308
-34.37441803399695	6.55773418726522	1.3058913195428765
-23.65968754775143	5.134242143643193	10.209117626747975
-29.400040707296707	8.837586367198602	5.4821077266649105
-30.05290517635691	7.521106651281387	12.590711969415919
-28.63932441370063	9.348620567155008	12.146229835338186
-27.709074360114656	9.956322236201466	7.832816638071729
-24.189670965375505	11.548152634820607	10.92733020268773
-33.243135380191376	4.978896207231539	7.918161225220503
-30.67788079181883	8.54429173845566	7.787613537416368
-27.401725349380172	7.761755447223372	7.372017243758805
-30.41651692134887	8.007792083294044	11.082298005659736
-30.52928069628462	7.41276586298197	1.3221708708777236
-26.484729930745804	5.781562411634118	5.924954830681596
-29.993031730309404	6.2980532127764715	5.136868222305746
-30.557245279452406	8.242622739425382	8.275961034522256
-31.816127812563266	12.047916625025227	12.567560500357974
-33.60933690675217	9.08913291933361	8.060975883536006
-30.128494811734708	6.524516854438571	5.003291807112887
-32.09693224381242	3.0345355385123325	11.479811504642964
-30.317575935116302	7.5600678219677295	8.247273851531897
-31.24439170179559	7.751904161161132	14.399374241068582
-33.9744647020849	13.413030399838608	8.889843021645545
-29.714538641811856	8.058271204113513	14.790305032698093
-21.875955728016315	10.13409546237735	10.345804852655009
-31.425088867504122	8.894980369125385	0.9597593506567961
-28.576985546679005	10.50238055546578	2.85644760032908
-29.783487375063046	7.869969851422588	14.980764688485884
-32.34479032881405	5.465462350916841	13.285935476279064
-24.740765003997815	6.426700744881349	7.47630225254285
-29.28123913739175	8.743789005243446	5.5020055345047245
-31.52996818159514	10.228052540783894	14.435343972070303
-30.26107950949112	8.240704101329541	5.620227348746415
-29.93865081202955	7.810994857716077	7.794058913768848
-33.18763414609188	8.331722606162387	13.5227833538082
-25.37583675288061	9.820319795459438	8.930328747193162
-29.320011291720522	8.980690964739967	7.573476422149559
-29.8666033219739	8.119681940733317	7.575120461812261
-28.62756336600642	11.609503496703688	5.86821977104157
-26.164325826465888	13.141382530566954	5.470943142484106
-30.4740024027661	7.603516753462614	7.495079181032368
-29.451496550782906	7.438062249597092	5.574455899137587
-30.778786982849127	10.111374694775062	2.4919500021781573
-33.994482236587366	6.034677871620624	12.650586048731643
-29.924220624933987	7.626024818988726	8.080872559012956
-29.92250521211639	7.918693953538439	8.10178143500944
-31.70821849677638	11.148247517694953	8.914438104799743
-30.066956449496313	9.663343386009403	7.816822397508572
-29.76588645574706	8.00562644078138	7.227461276755051
-30.667991814798874	9.403512419417392	10.409820116230872
-30.298827345217457	8.202454735601624	5.333445005641137
-28.285357918787515	7.628004688991222	7.359436167963322
-30.918882403130006	9.904924580527066	5.395410082057789
-28.417450395839726	7.995395686478418	6.687928061708593
-33.56242605785513	6.2208726028565025	13.642676854139685
-28.88057806756725	11.711885016203897	8.60337596223836
-30.928952675017655	5.688652578931993	3.6160296964293286
-31.280575329737438	7.881606004776176	5.5884477825256464
-28.179477180510727	7.137949543517022	9.014992213755605
-30.164218729488987	7.713952381972074	8.471093205094167
-29.363171484612078	7.254262764225847	7.930004692989577
-31.383101362928834	7.559313797143618	8.86120871391247
-26.317910022676944	7.295548727222617	1.9505214805796252
-34.587767399051856	9.925589769355762	6.650790504172555
-31.199227337186464	8.770450973286405	-0.13063395714892145
-29.93738197126707	7.808244029789484	7.095457479737735
-25.367236882205578	6.149907120601003	8.038036335783328
-30.40819960049648	8.10662191138042	8.833625161990533
-29.44036202552913	8.063448669099564	12.25548017237492
-28.77939603425618	8.10861426156311	7.087310415326632
-32.25252439436905	15.258668835351633	9.72554396341219
-24.94857421556304	5.723920186139575	12.96911844517393
-29.20736477907478	7.916128919954075	5.099084204853016
-30.093304347320412	9.545988141910438	1.5258376730188683
-31.08010738724537	10.517198829142794	11.711672950063711
-28.985669719223537	4.5843213007310695	5.53009313456585
-29.225203975683936	11.353120061650388	13.177146871779861
-30.375906845485726	10.205730427350149	13.485100217715361
-29.95623220545325	7.84328064222118	8.134885930782488
-33.30139054241058	3.574753039718095	2.6021835231044292
-30.112335954170568	8.099242647354943	6.954734859761151
-30.263038154824887	8.998450702370246	6.642285774276676
-32.47820218740228	5.716654948172005	6.482376857570067
-32.04056352715547	9.71363652770108	10.453458376045194
-33.541932238234054	3.795159193230486	9.256885327159525
-28.286922515891746	8.981342409909807	9.957374279931251
-30.44513750169117	4.604011507997461	15.226293497054018
-30.748940651225997	11.607911444048584	10.725611754763744
-30.58910348617075	7.877829273659478	14.123559977875857
-31.509100515564896	8.278141677355512	7.5798192970688465
-30.848109491770558	8.586436776333363	3.7842662255500548
-28.476209384089856	5.586321281267793	11.883990861578656
-30.02822190088944	7.985434510877131	-1.1294230141851713
-27.791809598541224	8.575367678867284	8.800881866327769
-28.85321119250974	6.53837015670536	14.597362450853366
-32.846587491122555	5.048060378790256	5.021064010835014
-30.98058753078707	10.743828525796491	3.606723177446689
-36.41614708934218	7.8040345234950035	7.230140391521916
-29.42846373355099	8.261615961010715	9.781370833794805
-27.79856277613593	9.04114381965569	7.741205091516263
-28.293480102934875	5.089342242779875	9.818881214774866
-22.51252476445283	7.556255382460803	10.031329021197802
-25.778997669308932	6.260725258297452	0.8207390675628057
-27.846633778648552	12.71565856946819	11.222817349401629
-29.218112684961397	10.718511981868247	6.276467391215508
-32.44477209572318	3.9909243285806406	11.663453735970439
-31.868579787769875	6.745596646177614	5.144962725395832
-34.44835819763356	13.468117510779617	2.8299638521336297
-29.9328391724158	7.7964806265088	7.797644060443458
-28.87517366319627	6.850401093962648	4.553560553585676
-31.498963919491473	8.382401405949556	15.08808524036353
-29.847575247027027	7.523356374727633	7.955508561380343
-32.65722359887173	2.1299904189459467	10.523516744863475
-32.34124738954112	9.693505886683322	7.35083094901147
-32.52367364392975	6.318525533477963	6.914811879089833
-35.117195233865395	7.5136901439764125	5.306623610982949
-34.21128175785073	6.365688076427404	10.095250530072532
-31.935332072232164	8.091555906479678	8.102697756290244
-28.635753496204433	7.861243586953471	5.0253119690072925
-30.923098612788205	10.50898371978073	3.008552341389964
-23.025079661971276	6.678192496286325	3.259221936920871
-30.170803246342466	7.535873200581891	7.342622776566878
-27.758816929577115	10.175321819744822	5.573907465125689
-28.52234185450701	11.574654838148883	10.446635030774914
-32.06505916561153	6.691352216289466	7.920501971059678
-29.790200793381572	7.409289815560487	6.952463079130286
-30.048096339717357	10.32869979663518	10.614860123890159
-31.147160037930277	-0.5081784104127047	10.18763774564945
-30.86810222508388	6.115877459837245	6.057948728719815
-29.755773896194235	10.986873954578718	9.42005487474362
-28.39681960203994	8.50706621099543	5.211373603542823
-30.46174197231204	8.240389856769468	5.653318589416587
-29.96917147202139	7.753182489453602	8.781370454638589
-27.87498770001389	4.1600610629898345	4.562824181184569
-24.61520885757069	3.1768095847383533	5.640226502123241
-34.21360852891763	9.307424641284298	0.6885518402067303
-23.23502304586725	6.620094557187503	9.47213481815121
-35.7160753722553	13.17998579714278	5.227008785894933
-32.14586105428398	7.582241109896464	6.212973283519485
-30.564314386685876	8.316464418368655	0.7284569588923997
-31.52343499658548	6.455573653207638	8.17489673724137
-29.941702872897274	7.8096125011013	7.975436938517959
-31.167594728824547	8.122321765622434	8.558082211292747
-29.01060794075282	8.764036080473948	6.57529152591598
-27.331928063698612	11.361459936484927	6.8081776167647075
-29.644193599312004	7.412689191246263	8.209878995380233
-29.472136675958506	6.39101949666317	15.736419157409278
-23.01565873150351	5.399303932981315	3.7391236187264383
-31.420247561194795	5.814396237476992	8.048651198230838
-31.04177539938913	7.994440950422317	10.668423501501671
-32.52159348187327	10.438889530261498	13.64727864908176
-32.37148027163595	4.0860688779851255	2.588580725872087
-30.7063692612843	11.141768472384983	6.819503396597622
-34.13045909525037	8.840422709810957	2.966101829963935
-25.12561688546721	12.473129031563127	4.586389554733342
-29.502203844221775	8.145041137272202	6.938730599495805
-34.815718091014155	5.356638273179827	14.953287608782635
-28.711879459265035	8.929554253345456	7.209562831281698
-26.363394057323788	2.1271563825348725	12.409765360738154
-37.38721568930615	8.938231731653572	6.294608548805749
-26.727004177397383	7.916387713815265	11.401200340889602
-29.703830239638034	7.156126275541039	11.062668403272706
-30.506387270960417	10.810692027727576	8.797600418257998
-28.352048884332458	8.814804741699188	4.544714193075528
-29.132197463115066	8.754135585466225	8.574758543468258
-27.47822107139219	8.225949886849756	7.508856273737951
-31.941920429661664	7.735662706375086	7.096299247161314
-29.185768537534212	7.503163517632565	13.327221873156141
-33.59147053190626	6.761520385513967	4.134032063190546
-28.873288105202544	5.250325921923162	2.354980866268849
-27.88135140937713	6.371533570956737	11.70541010305346
-30.545429356421145	8.368716098466383	8.983216076872184
-29.79712334566939	7.77513479442953	7.8738987607159565
-33.00423290162629	6.514180457980122	7.744898859277837
-27.877890734910306	10.563656788111462	7.646985478455732
-30.476984663610796	1.927535309147376	6.279086494379877
-30.45018967687376	7.10647841972039	5.1376724824470825
-30.54968780016261	5.134518065263825	9.181623677441017
-30.37235287818564	8.659991381794462	0.850801919930916
-31.277263383912114	9.75296317515883	11.93728866981919
-29.39794288301643	7.08807292722119	6.034182994749442
-30.422277001896486	8.69439603712127	6.483135498345418
-27.528939324594443	7.142954526663326	8.517089305769392
-29.877939914602134	7.801260179619494	1.7094174493727037
-30.914773121780648	5.191732822122688	8.9783847748277
-36.71100090079846	12.988805838209492	8.1638645917419
-28.894661951415497	8.062131106762273	10.502304109224433
-27.810538754359452	11.009594334000166	-0.19751676447848077
-29.203564315240918	8.60108833960181	8.565024598738264
-32.507241321286635	6.269144738169542	9.767357838557384
-30.483527776290714	8.153307569558866	10.49177253535876
-37.047920657413435	11.163160654223477	6.572854958593294
-29.834599787262682	7.692403691217107	15.107826872092838
-29.999417522963185	9.748085699630959	7.277719436746001
-30.41894610038911	6.3791639729593355	15.353650563086408
-29.893832206866584	7.7853224493382545	6.066101414274353
-29.923983968362137	7.796230554990016	7.812785426970872
-24.17797736857279	3.6003918217353146	5.047822724725792
-24.939347303575044	8.203990919681495	5.124397553700428
-32.61163698036633	9.297289772543344	7.524401236848637
-28.09686581266976	7.709105654493465	8.707295272542959
-25.625203348447425	2.4395850078553654	10.838735513247135
-32.62334384052903	7.160753110071511	1.026394271880358
-31.65955597352914	5.894664908368936	9.715710694869777
-30.29689629412742	7.39452833469339	8.71625014720257
-29.138679269062923	9.183913537660843	6.980523674876391
-24.91047984106014	7.7445378418911455	11.941228226607546
-31.390786192450715	4.665614895981777	5.533096439756571
-29.882972057701625	7.701512532933105	1.445621840687294
-29.92039177437427	7.779544174218604	7.761172828152512
-31.31513895887283	6.625670774942688	8.077749992445597
-23.326551886489195	7.469063749511498	5.938524127422755
-29.928286499678283	8.482248323779553	14.104084261286363
-28.747240807901974	12.521764205738483	11.734068458652573
-28.382169291739494	8.851759071770449	4.931043645887993
-29.39567967894971	15.32648540505718	12.224463410407225
-30.842116455720593	5.536248262710369	10.72988307871611
-24.742291656448145	10.399289680402582	1.8475555057466373
-27.989061438072163	8.544874651488922	6.238077647662723
-33.63235356606473	9.492462627792198	7.243933708415062
-26.75874195380554	6.270547906836121	10.721361826578228
-32.580338268657265	7.8407668822552745	0.4865223389701159
-30.002488543395028	7.743360020820201	15.253593373270398
-29.373188967882072	7.574392568507552	8.997174041523468
-34.149420426147316	1.574448864290079	12.398973968692637
-27.47784860848995	11.846005598286572	7.24391534576459
-32.34275614213216	3.402306421881617	13.329420327047028
-28.61735717943513	8.780026311247129	8.189877342572602
-31.574779212839374	2.100011421913546	5.5661135890276086
-27.30154622660992	9.554008234137367	8.100842606083422
-24.399303858243773	6.866771878446765	6.638530911510871
-31.427376472451378	7.148945114967251	8.632471387768279
-27.213452393629932	10.759988326096202	7.278257036624875
-29.111819967327172	6.212604023993699	11.580445703724601
-29.670805971438384	5.666249361948385	3.9764256317606987
-32.31816616259067	9.74850864407887	2.7703430085570906
-30.483468779960287	4.05578213984746	13.590717893981807
-31.354529219550077	7.537486421798314	11.804978247289988
-32.19732446025072	5.406597062836447	5.5487109069165985
-30.611255116774164	12.713097393239504	6.41713439496664
-30.104612078443846	9.206261249435203	10.487351433180066
-26.81202212523974	5.8276100963648405	7.1869137135926024
-33.11377321871183	7.79273560794388	0.36912156282964403
-29.624273134514983	5.139566141523871	7.510249333345348
-26.554037473996075	4.805658750469101	2.032148313029869
-27.413059162760824	4.821237110277568	7.192221446394402
-28.49602740835057	3.8172590506803235	9.28560624428468
-26.376405997345405	4.618970793887019	6.499149861039666
-27.754146592383776	7.549855071401479	9.136492999004144
-28.96736471721779	4.460679303795638	14.954537085409985
-27.68178712770474	7.710779341489438	11.884721049101767
-35.80396231697273	9.747318680680744	2.8510576540017
-29.922584884652643	7.7568135270237715	9.336620134776457
-29.79956321379695	3.9997416869088838	9.576402731456808
-30.910679197506234	6.838787264445568	7.170468167472508
-30.28875318184607	7.385502110202401	8.782282971296196
-31.600229825414296	6.272751595439083	13.380547432202404
-29.37565266665216	8.325566940393825	8.666116664847747
-29.919806810492123	6.881293991852548	5.769311905465533
-29.00147481778892	8.301095432009964	6.5621274131110665
-33.238823831823616	5.691184162979321	2.189932123832672
-30.737041130999124	6.546393137238638	8.712519203332798
-32.33010066049048	8.444454422950416	14.647786839443743
-25.952625901826494	5.704364797353673	2.5181361984090724
-31.916074321288043	7.485275450913947	3.9401889867175504
-29.682235523838344	7.306627320417046	11.855759471875611
-33.028160086377596	7.615872255639543	8.725374676000493
-29.921680219255112	7.914508002808317	11.200040418588799
-29.16737351828781	8.243688235396915	8.384620545921262
-29.43301229120299	9.341725257602116	7.242068898392043
-30.20251423891121	8.215352322094274	8.80362290036061
-28.321575030813506	8.870684021794514	6.717935566614678
-29.114080426285877	8.123394167908833	7.668781310098853
-25.71208742461909	1.6120598488080544	10.806678845694217
-36.69244476836603	6.071754835832232	6.785488351150471
-30.85661304285912	7.952288513506623	12.530726979371476
-30.038286385183298	7.602374285684089	5.181051424279351
-26.924692320121068	6.65287931303607	13.04320324992973
-30.101395037206945	7.835447448170546	10.216476033366645
-29.442391356439003	5.8386562085675155	7.857193041698466
-31.26015194007351	8.605323234432877	3.332985756018312
-28.934200806377806	6.915149186647186	11.430578752590314
-29.876278111840758	8.10728145881132	1.0220436341921992
-27.68174550839565	6.947217342762166	5.6652738905129185
-30.349694163131254	8.91451570194209	11.124113315033446
-32.08189752363743	4.512179878320133	10.713492927196132
-24.751119328183766	11.360410041233262	11.253172978195817
-30.323286506504882	6.822627156177813	3.621600516088516
-28.778499801904857	13.62420883045952	1.280898436839263
-30.41428452401468	9.022536638249473	3.0759387126601148
-29.936657265529224	7.934807347394965	7.8850706429971185
-30.511350691997958	8.45426388661928	7.392901510940922
-27.538077598949748	15.354262650913682	10.268583870636888
-30.644703466098143	5.255542831103058	10.641408260368346
-32.99690462254056	15.842929282659572	5.783414991864328
-29.893246091898405	7.797041778483936	7.4712210024074865
-29.71570200201876	7.63564481303623	7.241038407088162
-32.39025858584781	8.93902250106807	0.21287183845863566
-32.84818437348924	10.979585746409594	0.2432224073810776
-37.26803031554981	12.364558894776733	7.185268330410858
-32.043941490301975	6.467666950683493	4.462401046229708
-30.005325397451767	10.629537247484166	3.2404279478957525
-30.220782826430213	6.973165949109642	12.22298132537883
-29.24229202708948	8.66796311890731	5.3177482587187495
-29.378659524270187	9.86948759997264	8.869431267969546
-29.547523947567303	7.158547308492421	9.448648172558133
-24.46962228009133	2.4707637428016618	10.013406240376364
-29.610392950380984	7.966821324314703	7.4953252614120345
-29.94759405897144	7.776381551264503	7.738194562081421
-29.98141880872188	7.824941999051656	8.577450728018182
-24.04358707803402	13.235251678997036	11.473508117985222
-30.10599577665109	8.318518754730054	7.401419503271728
-27.443659427975636	5.510198376373845	8.599719169890772
-29.964786806854427	8.460140992151496	7.668872750841606
-29.55196480875489	8.011603041097752	8.523477858573436
-35.04812376476418	2.9670360010566803	7.682150714425316
-30.584598653739857	4.211219770401754	6.958562644003793
-29.3238281608256	8.637023773772132	7.305343975805132
-29.436123058597047	9.110786803373147	-0.4603340341080475
-32.574167999248644	5.9326135970314136	10.053899904361831
-26.911919678604452	9.229392681042937	8.508598625068853
-31.12936365609444	4.1296698977450195	8.331584231381264
-31.55399666061465	5.954663082686885	9.026137595240412
-29.919891762630627	11.202958500620671	9.239472330352536
-30.023851271795326	8.039320656819415	7.798534544768585
-24.581146159839715	4.845947955773113	7.251101474859075
-29.89697977832493	7.795370083713655	7.663264367673603
-32.843016947757576	7.007110845747994	6.5392228717280165
-28.64665435062065	8.864905690711646	8.071651823467857
-29.349344398097447	8.250546736111659	7.868954398816626
-26.52289836812467	3.3645340130781687	9.354779653134631
-35.18732694641735	4.52229062110945	4.05877888370573
-30.90011290093547	8.171378770697054	5.2734011865253585
-29.845720467418012	8.01711409188848	10.93059296746744
-29.60303195076919	8.781933786223473	11.857977032061662
-27.04298272229728	11.013436939833802	4.55783480243621
-22.65330095412598	3.5680984134365854	8.637975826195959
-33.414730743930406	10.55976634638574	5.028584248998332
-27.42091999419874	4.147919519588864	5.055123308871247
-29.60447762264055	7.516702603092114	1.6466252995943425
-30.70130675685947	9.779994083988754	6.027988801375848
-28.650397752542354	8.542226893728591	5.864154959112089
-29.84875990891711	7.878366829364897	7.920326212510792
-28.190019247602688	3.2380849264024505	7.963187800682076
-30.206975266063363	7.3745256892945665	7.4889608100714655
-27.860872309202403	7.789014115417383	3.2665806015194514
-28.541786449682682	8.617969625889296	2.455280975256988
-25.500744061331467	1.1768435791237684	11.413896121679043
-27.911588857830502	12.094243176133013	7.565945676361599
-29.41497025243826	6.357578043109684	12.666105144180413
-29.826428696833197	7.799223255403962	10.717428608757293
-29.906399260798164	9.638177048101962	13.811032479587237
-26.380668757275163	6.81832224915913	4.2747314854263045
-22.95703004056383	4.9851159828860325	11.789729690476241
-27.19849226382138	7.580853922993941	6.240621962497963
-30.130001036790745	7.885420327332152	8.616341252673585
-30.725501259900273	9.116076314929836	7.1921837365556
-30.400307774789628	7.827182460521401	7.84184459262342
-34.865318330636356	10.69589184276616	12.509611635919445
-30.43762233639391	7.520163749861295	5.336168068973555
-30.062939951806086	7.836921263763976	8.974654365994137
-30.13309283150144	7.723619087325642	7.003128860551955
-34.00315490070273	14.184757172897573	3.2126752968034316
-29.23518301838548	8.12590778835572	9.268062378116802
-29.550321701166872	6.528399247588228	6.055714385744783
-28.575979784427986	12.79626434866831	11.228038871803301
-29.282835916022716	7.081880329640385	14.66747296969513
-25.443045728047736	0.8885763859065676	6.517112420414285
-29.377883173802157	1.0935699335512643	1.962640783288891
-30.689265249133975	1.7450929161295674	10.142352779348421
-29.7117499634871	6.684709027686052	2.570968186988707
-28.4704409559264	8.081429087640942	10.764866869220855
-30.186025607944174	7.720255009900008	13.951377995555461
-29.978777666315956	7.876283134930233	9.897402224197542
-30.443973312101235	6.847081673584333	-0.8690745267611888
-32.95064403654284	7.888630824757392	-0.17638753744347202
-27.544722544697628	8.041626198156454	3.75473116638359
-24.996230646598697	3.0682608816390804	4.1616000283096914
-30.90774669558306	6.397058558570336	1.1072053003004303
-28.728791252474217	7.5498810270314545	4.331066400775949
-32.49865001532922	3.669147956442157	2.920434218162561
-30.07060376539329	8.00916950840415	7.731239047183295
-29.900510478181225	7.954463077422661	7.71679637868814
-23.955877642932627	2.108779309917069	6.126287138852229
-25.9140608945531	2.4765179790872054	6.508682475176388
-28.332703520203786	4.961024811234481	6.0078669726485705
-26.54356851767097	11.062542159847409	9.256385641752594
-29.850987178263246	7.8322149513078685	5.5137162807584446
-32.10237881633716	2.9073711366257102	3.667775761505969
-29.472481342929033	8.698208205550083	8.120620324286461
-27.23674460563334	6.584459836552117	0.55884342163254
-29.574322454201162	8.00292256963044	7.268445078491457
-31.413144065875702	7.902999992651552	8.286270183994427
-35.76802440996093	1.4232727130185188	9.59241946594731
-28.459124761700494	9.027787256098941	7.716933160735389
-30.386776875690973	7.411880659089081	9.636395314118438
-27.817568387929754	6.244689491001932	2.769424994880006
-31.030861194040256	10.702599474424506	10.269418357146838
-30.21388546433305	7.320413402085931	-0.794549441940319
-35.080647838668646	9.139043605632446	2.151149665887739
-31.90509995217257	10.07062058329285	12.335374321547766
-28.90357244803564	10.0538604349882	5.739335188500313
-30.798701888478753	6.335855630146078	13.794437977081031
-27.19892039109628	9.402459419750507	8.650433885516449
-31.11751492957398	7.539044716793346	7.578349153794384
-31.653682028609094	3.6867211696079263	1.2940749358759973
-30.297446163974598	7.481965479845042	8.760481863738972
-29.93616725377274	7.8020240510389085	7.800175266357046
-30.00864748963267	7.83881455174344	8.520742510435273
-30.05892904333379	7.9003783604917945	10.739057614691788
-28.588942240074903	8.02134383291902	8.315072794408925
-36.50170352337792	5.263608866339355	9.910148115860501
-30.53642590784959	8.136764305458618	10.219371372729935
-36.572487158627894	11.884487402805266	8.982390825861165
-28.50608339840358	9.711913497994246	8.189145533939657
-29.557395417238677	9.383454382112022	10.750676598183198
-33.05587293294146	11.265148152944992	8.13371633058869
-28.466330192161955	7.424121921713337	15.998263078223918
-29.85829409921204	7.72579113645647	11.41289188650028
-30.03970660173957	6.146391452158442	8.093349461900324
-31.71636293600277	7.559710959304709	9.195198343629793
-29.886963395374107	7.754198430047648	11.607596323076883
-30.005719039205236	7.6857054901762485	7.356289010088322
-31.30738594635842	6.359373613675789	7.540280130766794
-29.224892088390362	9.32100058030876	2.43016299280049
-28.847197355749447	8.570517473883829	8.203568582347701
-29.93099727629985	7.804865535332924	8.601632080754776
-28.311050344652735	9.493611654217206	15.821049919097595
-29.91624402999739	7.803885641651598	7.82889352992521
-30.65873534797498	9.072323921426165	6.407829291525292
-29.37804716439885	7.990837529444444	9.475974765908687
-25.870433137148606	7.635672082105501	15.229208421271384
-30.771989768096084	8.39930369229415	7.841147227068017
-29.941146556797108	7.802016631022953	7.967153188077813
-33.337744028086256	4.3545114727544805	8.486119401462457
-29.843312115856225	8.299963096922367	7.71522497225884
-33.28431942256129	9.429935645547095	1.0650191365861819
-35.95531326502175	11.643432262299406	5.334097716881109
-29.873848878369067	7.642388746644802	8.008370694493433
-31.442277366174963	5.139155735072166	4.82314003019816
-30.070084102886803	7.606061517540997	11.753334958020472
-28.32256869502327	14.200613293719915	6.576187819760511
-29.47474047755456	6.737624840177493	5.9384270713420175
-26.5337162230782	9.331597129649664	7.127058829155139
-28.997794727881736	4.267051479692039	9.735294394087333
-26.334785240621358	3.3187174874755208	3.034765154436389
-37.39891652752686	5.04563868262518	9.746809755141449
-35.93008368259592	5.277470900640712	6.396671206191574
-30.24899112644554	8.41007315663356	9.49593243342578
-38.653664287721455	7.167851859946899	7.733299410115084
-33.714270306451226	9.07662007736991	9.217411095431201
-32.82058956639947	5.094271574715009	12.690053417994427
-35.63401040183177	9.634412732129405	7.672588816358046
-27.669041760031686	4.059124123304122	7.135556687548024
-25.056707359151083	13.547723287100373	11.500933132679004
-28.339025270032366	6.419325949882438	7.329848306199956
-26.09681184141858	4.733084443323086	6.515260171569631
-31.927245918866518	8.36731903118249	7.963184308414057
-34.88436533448783	3.521011039545816	1.9995910621066226
-29.791432691756746	8.477343338206218	8.120122364820892
-31.368699313423104	12.669601870970205	3.0757231281628608
-29.924729198473	4.7164345754426344	8.148177505876317
-33.401579526287875	2.168256465708417	12.979324270903392
-29.804444350326158	4.654963215105102	9.793529276258456
-28.93964631822829	7.973539821224686	8.787149634068035
-23.259075091727986	6.14448093946587	2.5200295021962056
-28.102436382551524	8.483921454537887	1.5102311007494382
-28.510104550959234	8.70237049442086	-0.24740706639275523
-36.11506603983105	5.0468860989295115	12.467205571864742
-29.844876752482772	7.253257804721791	6.654816181964197
-31.29067645038247	7.4934997558718806	13.379055815079798
-26.183611011824784	7.269933335443902	8.316278726148395
-33.0301906671907	9.415324584775963	12.058807933204516
-29.909189179292465	7.731079873129609	7.820136922236216
-29.974266025645353	8.358779262546719	6.484858269824656
-32.5299538418309	14.914211018569555	11.875080276539553
-25.88043060008583	8.456077541776255	9.998491242070934
-32.46917686724249	8.290835475383936	5.8896299537214425
-25.947379730261975	1.182911359914593	11.930095169275969
-27.427740846161434	8.538888798463473	6.5337314658460475
-29.934631246198567	7.793183405426301	7.779450963831502
-30.566551242331606	9.959370255327514	5.02765659243769
-27.694896917464956	8.34881313602953	7.955584424118872
-29.803806191936484	7.867695551776674	8.095309090187087
-28.041334806447995	8.885188390250072	8.492413913412141
-29.927960116282208	7.782508839620838	13.35618927659762
-29.6784508061132	7.668215516966991	5.802680997795035
-32.42960642870113	2.695095058961991	9.365494266615618
-35.43960147685717	10.718529442026387	7.381051122069699
-28.32313344938526	10.134117575926224	12.184267319745185
-29.175253550034263	11.715234780368693	6.224280921070467
-29.099348357911683	8.231288572278835	9.943638255323958
-27.236029167670935	12.539041247489495	10.971263612702982
-31.13905047126504	7.467985211364657	11.415679446113801
-31.75981795828431	12.175520501435162	13.780456385754569
-31.896716631028024	7.36658252537632	16.331868451665372
-30.678093410278283	4.95161691241556	-0.36139235433914507
-32.27854374945602	2.1752722283211847	11.483710302152357
-22.146450086021673	7.533590633327254	9.633182387901204
-29.355800525423227	8.326341961099198	7.046968181316361
-32.318451930480286	9.94638937750399	8.732205382000268
-27.885815643226664	10.779508567878883	11.573093399855257
-28.787499174329632	8.256412057031845	0.17369966177982743
-29.613813689400157	7.370292794377992	3.3124019185300027
-32.24837549049383	7.353654239039147	5.052352468611523
-30.309886701913598	7.135914193920824	10.335575396065378
-36.281011336609275	9.73498371149488	1.9721873395394587
-29.305184558946124	8.004680622747221	4.87944938285465
-30.26825439289629	6.925055202707266	6.52627814811018
-29.026133337694795	7.122208498732949	7.785879445273855
-30.11984006282821	7.749378686068622	6.5774049810979145
-26.691866101899826	13.179784443332832	3.695779968065156
-28.929442714857938	15.848893119415447	9.637958054358187
-27.42249181791474	6.19359829396109	3.1937026400201116
-22.876699835544375	9.084877137414407	7.482769566795763
-29.974698134388383	10.255199416289893	4.562929126843398
-30.641707457516887	9.29540707336732	16.200062009216737
-30.528916489563702	5.905935346488457	11.851400681751871
-38.8078911717933	7.336029945178948	6.904925440125749
-28.66340888348469	8.385416225773273	14.093610678547385
-30.615386747001022	6.8856714250195425	7.508801874889723
-31.35086987200035	7.837687844992755	8.375506008078917
-32.0500270752872	7.0726711978320465	11.137871659354019
-30.18037650638203	-0.3706620866341188	11.02545508671458
-29.25153740930403	13.71325229345924	3.0965383730699045
-34.136516503617244	7.386266512643113	15.729266482617287
-30.202289653149485	8.293529451259893	6.848864633905929
-29.35241699219825	6.288561514941314	13.21447546253628
-25.17412580529835	7.77944326184958	7.514460220314124
-29.01537915096613	4.809917028515642	5.801738654279289
-34.766600872067876	8.907062032670316	7.946760709254256
-33.80310695224831	6.939389699468836	2.0452106658198996
-29.512620199351648	7.907436110685668	5.300545206130777
-32.64537349481033	7.742490385637172	6.805584155961199
-30.58090120519945	10.487407255255874	8.311781041724586
-31.08147623902688	8.179679136201036	15.632567705311153
-28.75890915847303	6.850412913177187	2.150999496894271
-29.270888388605954	7.505073401457132	2.0795947466683913
-29.93707280755684	7.768987878292631	8.137544356751363
-29.49027378730537	2.579717922082974	14.984812287827541
-32.679177800963814	8.587626914782657	5.2213791797762585
-32.624669700977115	8.139182143167135	6.440205702508226
-27.770162088973965	6.55535890797137	7.166685788054615
-30.173790634008693	8.048644168678573	7.665752928902025
-30.73636073660869	8.13768518377804	13.502625353397544
-31.93794236785348	2.841254580311505	14.232592665586584
-26.630883006406386	7.67457440095642	7.716012156513219
-29.86240630623799	7.98857921903613	11.086812507752084
-25.07661866189313	8.462550954986945	8.868816334830791
-29.457531943475033	7.2996119144301685	0.07148564537736046
-29.57206262605616	5.199768973690469	3.9013883964008134
-32.161675075256014	5.9403913960844665	15.294226474392246
-32.54952640221262	12.862812823887314	12.982193492302558
-29.836015011972844	7.647044985863142	-0.7750867721112336
-25.21124713894956	6.295830620829751	6.995908252492415
-30.675572763510203	8.21413262134929	5.153852967267719
-29.855517631865062	7.484840586542971	9.660154455448863
-32.613900075951136	9.903227862719179	6.64319931171061
-30.434180943209743	6.30773017603301	6.960105161861214
-33.328275413331475	10.360450849067766	7.865727283087625
-30.78898436759346	5.627841151198683	14.163264892880875
-31.70942592664487	8.907119500848701	9.690352978277518
-30.19481483587647	12.227034978363832	4.1596554828231165
-30.705528981221892	10.63286540177715	7.467707805634186
-31.39755098234367	6.778713367746499	14.714165568355643
-29.93346483388687	7.800609905941487	7.9400280102546645
-33.108599490049954	7.316997232153474	11.737694208889097
-32.18120746532294	8.699218608465506	9.602013887952046
-32.68161063741077	4.1416870192177395	7.474837727110885
-28.53592392555864	8.145742719900255	13.91891294032531
-27.12343107317629	12.190391299276438	10.796146547009775
-31.3959460037563	12.265614106235065	6.959240809695204
-30.27401897779782	7.805032452813771	8.891311993073796
-30.108548913362256	7.903276318781685	6.588562358581558
-30.206062192315976	7.213610608638088	6.01778204910866
-31.810840125243455	16.354000303511626	7.190932797786873
-32.4107139738415	12.24940726353202	5.835250260358325
-30.113612019959106	7.44005564500906	6.0210659716500246
-29.292642680585775	7.591814582635394	0.913622233238657
-33.25839569421244	7.441214112488366	11.502259450753845
-30.48896351856045	7.355488214423336	10.200725143346146
-31.761251228293947	6.607204312488529	9.733947835918674
-30.86108566252222	7.25893062389644	7.788477854608063
-22.60093786844717	6.47721874458745	11.812796889948551
-29.76933758155388	7.742782868217444	16.155074408881102
-29.94140815668445	7.804953675794011	5.157200431676963
-30.767622039992755	7.015041070580003	8.28371202192287
-27.497199078363806	7.21990207986311	3.967408077690865
-33.47744028005792	0.22692411390604939	4.5314823345856805
-29.086431298214656	8.581396146684153	10.566470197304017
-26.682339943924497	6.766760249198677	5.662075373284015
-30.794284933057707	7.92900950899584	12.485947356603171
-34.68186852148932	4.765134821263324	1.824116981512546
-22.986737726829322	7.280039985553875	6.740018475733587
-23.344463736159888	11.100814646561886	9.92779714796204
-29.405308089286745	3.1446066510137163	14.344258621651079
-30.017298201702015	7.741327213673163	6.871776070775384
-29.199055431739893	10.609779827313975	13.560748783277795
-30.508635143302012	8.018019196907629	3.472972607845712
-29.8728820287202	6.969452004472869	8.942821953222875
-31.417689678060448	6.981135693058825	6.547606587076151
-29.28719457886938	6.420730519596257	8.549648256312178
-30.61499131168325	8.791030317917148	5.219441090638522
-25.659586585183852	9.187848333788217	8.743817438763699
-30.47579223777526	7.869380616334843	8.572152354833904
-30.877200816950257	5.85854430196814	12.988649752448389
-30.764762279904186	7.394490421850626	9.749201973212465
-27.810735086297928	9.484006180443382	7.962450484634881
-28.674888793788828	8.030485675916351	6.836023950942422
-31.65908794126761	7.150297941317091	12.565368820765151
-28.503430620435797	11.267609715420498	6.341794307451062
-30.923053815650082	11.643867568555237	5.1926323879983345
-29.916897205723096	7.8028786685373985	15.80698975543202
-28.441914874101005	11.623025453696838	8.791218535349053
-29.52036890218193	8.441412139095917	4.864832081211354
-27.643754306446322	6.449785697210794	5.816111717957287
-31.968861563030764	-0.21420255356908324	6.263025355162249
-30.86237479654232	7.147665431186998	7.1632523568707045
-26.367997433394056	5.589428239127028	5.306654503781926
-32.20450134400985	6.569481342076885	13.03330693362041
-29.99424001757748	11.425478812565649	12.51007720540775
-29.941557771881048	7.848495839470321	7.817603413870908
-35.96641128043472	3.7670089461734104	12.512047172643666
-24.605695635285	8.933739032136916	1.9501945762878528
-24.28424632472953	7.375960401482096	7.101553452967932
-33.047725230397695	5.090043227165494	4.768039998358917
-28.699969591091477	9.891363495227337	5.821162671880385
-30.281124759687373	12.686540332614328	3.1131553719041474
-31.161040587691897	8.265862095902898	7.642007536025551
-35.41687007906628	1.825589862870996	3.952058413119449
-35.43998109563714	8.87661656028934	13.634308579980543
-29.844908193186605	9.144362135091779	9.802024905261087
-30.68996007467457	7.757326420845304	7.028152790749894
-24.445595868401288	8.633228557988195	10.907730384425639
-24.3055439499853	12.788709371918141	11.007917315044157
-34.318643150230685	6.312444097460698	3.2001284397565133
-26.473607970826464	14.860756506993805	4.237370521295539
-30.250156621032517	8.318320183502873	5.755940974009523
-36.28315493420806	7.752886852238464	3.473848637187353
-31.38206322762477	3.3844437260594846	11.015322530611158
-29.89570463682589	8.98445714229844	6.198860078419111
-33.031721126704724	2.5589832939088	8.445215271987728
-33.6077496885938	13.31451127422341	2.730143083042887
-31.893389820732338	5.27904939372296	2.1502103575706117
-32.562034118191676	11.012804680958915	5.883443391614347
-26.29738407836298	5.967696243877402	6.564707754659873
-29.95410427145262	7.762057786236767	7.873248573120317
-27.866969275244646	13.786593955751634	3.9967848349247364
-29.93833056112194	7.794368182266645	7.787996428029766
-27.846053963534185	8.308608779555634	3.884802231264963
-30.00325182578182	7.687261741744709	0.8669267221582064
-28.307237853282277	9.00392090110381	1.9121784448284567
-27.79740215103609	6.728231716179275	1.311348076308147
-30.29267065948344	8.985244791850002	6.119543706845862
-33.58358755309534	9.590621873054413	10.57884625588582
-27.604016504946387	9.756148464178276	0.8368897404374094
-29.790915164314832	8.537304740512871	11.991142243654632
-25.47629722181443	3.7440790983251233	6.098723450251886
-31.02475350839522	6.982782869425362	16.45475491370237
-30.26825772879084	6.171817293212274	5.850678783964904
-29.220789319382536	5.7263211851266265	7.920224434752831
-30.236821998403276	7.30127959712178	13.85581108728309
-28.524296513562753	6.500579410821105	10.365002675061314
-30.136134916895635	7.421791850344984	7.03641367171552
-29.916237753796874	7.172840280299967	6.733888600884463
-29.87422669395962	7.859293997719783	15.303630527427142
-29.62788374304349	7.850188257407292	8.508897093454111
-30.91667702531597	11.207341222242668	8.398489962727968
-28.255198834365885	10.427129710770735	14.567958941162404
-28.162814720938435	14.67938544145855	7.8315318762161565
-36.749499640364576	3.7207224400147387	6.463272922814177
-26.686722121707138	8.337556467593528	11.985169555870753
-31.083883445864426	7.903096326206937	4.40654758406064
-28.95650608542272	4.859335095316599	2.788653306394762
-31.024817810165	8.771871527777973	9.118596632294416
-30.36033006411558	8.443258207149086	13.989395577953982
-29.376345409667792	7.666418576364412	1.906177091774384
-30.408874089861474	8.284724298954899	8.22538203617052
-29.327148382678025	2.7954109134179372	10.924713154907588
-32.76716594030286	7.466557006240022	-0.45394073515379496
-28.452566788788904	7.8962299680217285	7.1349511370808285
-29.888237788156744	7.8006348416723705	5.136214731090622
-30.173051799315555	8.749564049427144	4.597747484517576
-29.771939097217544	7.61596421002381	7.60813830358294
-30.394948909473452	7.187795508552458	5.642353381165666
-29.885671650813904	7.733317247717888	7.042529398366221
-31.497627947823386	7.8737988268933385	6.812114456391945
-29.50443955608039	8.172717753532783	4.377534186884296
-31.285684827380482	6.833321718193099	7.807492445457425
-31.03251808020035	8.558322257123963	8.524184718007568
-29.780473893063927	10.473056139489499	4.7573092430564365
-29.62475656070429	7.035367926640388	7.862652082991143
-27.216480709606834	8.19408882575965	5.4418627065952005
-36.16388633334579	9.36286552255741	6.831134270972341
-30.45734962528391	8.97650718453514	3.8909171509478258
-28.079878267159373	6.025085554444547	9.74269977369343
-30.242604162558	7.669860520880308	-0.7403505475395971
-32.56113934813869	13.177395216712725	13.850917715005702
-31.16004753948912	6.345147908270449	4.150448408588114
-30.921308985908677	7.966420076638561	11.904937982282231
-29.919405775130706	7.818487365608241	7.692766427428131
-37.08059547453009	3.947975200300367	5.296053808227136
-30.009914529033594	7.487958505626227	8.301645450432638
-29.18852227394126	5.636328972392892	8.779282790106063
-24.713567349188676	6.100004736237166	9.43364947459719
-29.722963695965746	7.947303274795884	12.447980294252863
-30.31297092676835	8.763243114506794	8.37691250471979
-29.297556429520395	8.848086100747762	8.64381914302735
-30.36751795929345	1.811992300797316	1.443920066759528
-27.74076102234147	7.333113022755018	7.666738520214108
-28.717989805910673	10.336912215908184	7.223650638870383
-29.718811581359535	2.837752570452051	10.292786742820223
-31.424575209105704	8.990109361690733	0.03482149104468224
-27.827602043912563	6.063398588864899	6.194094111426075
-29.617026185812225	7.466366920902547	-1.0742483895339152
-32.44727779808515	8.260672268391486	14.64828364490249
-33.27055273508911	8.279045571951547	10.859476962888355
-29.34204457010145	5.458285003644597	6.215831655755599
-28.66297843149246	7.160674687455955	9.785290759995917
-29.920454981549394	7.266029977359196	7.6988421990830815
-30.2965118190045	7.685225152318688	7.752654608043928
-30.754048001065144	8.650625284155934	5.075673092445687
-32.8841851495815	11.914620264976033	7.784684160803738
-36.88917767994151	5.888872397157257	4.809906385630811
-26.32442736677656	6.78139917489936	11.691574464798764
-24.999054798445897	10.016965151909414	10.396371046968548
-29.884500152097587	7.565078620444237	12.605733126712892
-29.430279334787244	7.174127406214224	6.811430827801612
-25.652353491451105	9.719405400781358	6.108818791692338
-33.89979667439878	7.202065454757361	9.40652774218478
-29.792787954995276	8.20119292577038	8.382112106370014
-32.82505722878557	11.60571271743244	14.599957989242942
-27.659822083023798	5.837252358389906	12.708290110943278
-25.71777066554747	2.9389116379803006	5.455569158745838
-27.420937243406044	9.667036165955299	13.933989942658226
-29.86807231157497	7.68981752268754	6.44170470620795
-23.419254735403797	9.23390123886094	6.7882669682289905
-27.008377447802076	6.686841415750147	10.026603784207763
-28.057629653960866	6.916957618926622	0.3283174579574766
-29.602191477097772	6.707062366988702	13.071420720973954
-29.817992722300662	5.347975491845475	9.969974211704447
-29.861781213404594	8.140877099977219	7.933347288786141
-34.624802386145475	9.05982890343356	13.585963564446569
-30.66440505952493	9.78129564764145	3.865378363284318
-27.325421746828198	14.835957593474934	11.200282320594745
-33.21165658035771	9.845854403468481	11.142304235071453
-30.743968774541973	7.569630825802492	7.8838947840515905
-30.823002377003142	4.950688509746723	1.4218295796141769
-38.019492924321334	4.2112435692337264	9.409218366681664
-30.46657162692104	13.176004531734108	3.8877784771481236
-27.711345871311696	6.773929255746977	6.236718138564473
-29.93405813448491	7.805431905230342	7.849777752253655
-37.05011273890606	11.237496368826903	9.216419085740787
-28.9329131480926	12.531287916435357	6.355335337757006
-35.14948231795282	9.941430505333358	12.687348221402583
-29.071685624343452	6.199352428504053	8.694391754245846
-29.73776090155582	7.52823207173393	11.239371918424368
-26.97411272242373	3.8550911792950227	5.536598160647085
-28.42211237054988	4.1974681887134215	11.587983016401507
-29.00939478065993	8.02371590974572	8.572020183845689
-29.452855620417253	8.555444742199944	8.12685546393434
-30.63028856743473	7.5598423087213344	6.836295591561802
-29.661179870276943	7.592628742852284	8.23636398029091
-29.573414717730657	7.63622245205649	5.441871627341742
-29.673373248212844	7.806587298070996	1.21377422565193
-27.76252570937045	12.331084552482444	4.218702407706543
-29.20866846294542	7.711558166462931	9.058440490983314
-29.924814915236688	7.785530448405156	7.803985527541922
-30.853006825295207	9.038477223476377	9.532008896050224
-31.7124659701588	2.5125346427387134	12.364387290484064
-25.920807761169385	5.790896077317255	2.2643605296236844
-26.81353164741914	10.115596456994632	6.215514020670878
-33.265345214354774	13.544141913631297	5.875303420311451
-31.472281015876952	7.256431258450942	1.2852912219426118
-36.14239526934541	5.7131317579201095	9.674604724324258
-29.127647853646675	7.728377609773054	15.666248624157166
-27.713252580731776	6.773361985697784	3.070152741471829
-27.56044624320344	5.484213284990008	12.590852184243328
-31.513287660475978	7.692517239674877	11.342118677344697
-28.138327861469794	15.147204765844839	6.298568234840243
-30.20967448980972	7.781074825075306	7.4278293067884364
-30.02338023301585	8.889129584941461	10.464657363583916
-30.211901413152894	7.901140581184622	6.620062845925083
-26.660963100289706	7.97987118461352	5.968866225418788
-24.400856674307956	3.7372018584318045	2.677905907566238
-35.30960187654639	5.651944995113822	12.687471731195135
-29.781277831715794	7.837834863997446	9.505178471059116
-29.676754436787956	5.962814378266796	7.317536625802734
-33.80353502913353	10.768918359391938	14.929647354449841
-30.094439235125634	7.627665840199251	7.610190407937621
-30.3707180747087	11.558092491455298	14.498272176396323
-28.1203019547175	3.792528815504486	6.578947707158012
-29.762698675742683	7.771754647611922	6.268800339958531
-27.347028881683777	10.57672082283597	12.44361212146983
-29.267334947160595	10.067945784581754	9.466855189019283
-27.324036048881553	10.958073967417404	10.374145058594081
-30.058005884286132	7.671706061154606	4.979211846245758
-29.34651724983481	13.175288223327108	6.825962734538104
-29.274951743443573	7.750048816338113	9.625845195025695
-29.713193463334992	7.515017507938133	7.013313362555897
-30.389908619947178	7.950052014343891	7.400015937777958
-30.21389700329066	7.995395534987021	8.530003172112176
-30.911761656364888	11.249597844556984	6.310115712781537
-27.56961494866141	9.832505948287888	0.5762982275188913
-34.20454215362033	5.2183391869097715	9.820136605889862
-33.08710832131923	7.856365132304163	10.710705245264064
-29.869239278562826	7.695604227184798	7.822337194526567
-28.769443801123103	4.337291137657092	4.736888861418088
-31.073465108795666	7.9881573993393635	16.683903098577325
-29.502089893623626	7.873228300205239	8.29455688461414
-32.710396990667576	8.44336212109814	11.166542296376782
-30.026018869639092	7.792285836378645	14.626554097834667
-28.649107423401016	8.325841846146506	1.67010169094792
-29.478155241594187	7.583948882891813	8.2271098622933
-30.75931935412604	11.501531412064658	7.16467452383314
-30.571233149060713	3.6456466296278833	1.4381548029775786
-24.977320854716677	5.751601660627593	6.47838631346872
-29.86958687771216	4.894102273614163	7.59751695806755
-25.520397518876734	8.521051081938399	9.354824397988715
-31.531044060877154	6.278105429317426	12.399489082116908
-29.55801013763677	7.231151064845386	8.485110208314678
-36.44481988694259	4.586812694840216	11.829810861373106
-28.644052768758907	3.6359983436468744	6.8688210960689355
-30.038039107101866	7.95667260562764	7.9792803863939765
-33.377682613430935	6.809487356290337	7.0885350290175015
-29.48628310790231	5.8092628949716065	9.149024985980107
-25.98860872145151	11.31537603171942	5.062524540282611
-31.562471598080823	9.480554934901654	14.854231641377599
-31.50397668378022	8.07965892955204	8.799915293343915
-29.51295781112685	6.895909595846336	6.6816273818009115
-33.09194931579432	11.288518740499311	10.831156179398489
-29.24299239541286	8.832688724419272	9.455191287592214
-27.990151434608006	7.831385642342815	1.7208227071465139
-29.358521747374084	7.327721726705558	10.170312433864739
-29.953266748631382	5.9791476818641875	8.614298235592514
-31.63155721614296	5.225670423796073	8.782539855086746
-29.836309805271426	8.031690815067272	0.18390356492852966
-28.606109847830844	10.699875533392293	2.3784641915843077
-25.363278832005847	9.800426958991405	10.966051507999014
-28.95294655787773	8.050621078668238	12.064906586620971
-28.70371523816536	9.25996919128859	9.466717252032748
-34.13014967311119	12.809577568720515	11.12788812357276
-28.662654228494663	10.380441361367232	4.1372428484366015
-34.08494613976385	8.421874471019272	14.74038896367518
-28.94091153715674	5.5788544747006945	8.718654657114326
-27.06692021663304	5.736491523959788	10.539917801987658
-27.963504804383117	8.156483869910051	9.266640157177948
-28.04621952576493	14.720192396227663	4.165146441284424
-31.4717338031602	7.401399632364437	7.283538785014673
-29.326628201990697	7.607202512907142	7.0150149837419535
-24.408565000466815	9.20484693671022	5.718184438567049
-29.814402496933628	8.016327984550482	1.7328123932169825
-29.20864039035013	6.808296243850976	4.548200267474782
-29.444173587565302	9.41413383841916	8.391898647800417
-28.47980061576631	8.667083847692338	4.6569296251347705
-29.38814298214751	7.163390112919131	8.312119617149857
-32.83950439341916	7.526971542559564	9.506849921113774
-24.207100368834446	14.502101312333117	8.039087108884232
-29.754090131300043	8.05907144365606	7.613210958270695
-32.44745944076936	7.025346011624888	8.027610236396697
-36.24442471048704	7.251187625008292	9.76331985922291
-35.63205029618047	5.488131945527855	6.116584232599006
-35.924563373346416	4.822838381991646	2.1245154216599813
-29.22491300384174	8.230500229329012	8.626329698280228
-30.475845888212568	2.5976019973436664	9.660053508890007
-29.372774992018595	7.678781238690732	7.56145946371549
-32.90802294600059	9.568388957563847	10.938536076286082
-29.863154111705988	7.526474092108908	8.203015205629487
-28.453148910799378	8.083101351507526	6.827331766320266
-28.62682693249712	10.851130958631796	3.9291436784032574
-29.124181965278	4.9367492562239	6.208895704106361
-29.875416227547678	7.944676795276426	0.36094999144701134
-32.774714205165466	5.454167509744255	11.158045910154584
-30.270152993884157	7.838581851737628	7.610263260145961
-27.608996942663463	14.055947713462533	8.400809030955557
-32.17204709394569	7.124738499088318	7.2536986363028815
-31.953221029730702	7.70129024390836	9.798296866064614
-30.835000097833692	12.097040667194044	5.7464701905156
-27.293777285283838	4.010728438969401	9.55210207122889
-29.375362446774695	7.396859811046331	7.955321826576375
-30.50266085323251	7.168732631137265	-0.12017160315538256
-28.099942655712802	6.989273224107099	10.696712322934143
-29.23729707065765	7.7849818790422365	1.2258369222450716
-30.12757635734677	7.228715428567183	6.46830870119781
-30.306141888627746	6.173067303708082	7.6502108757276
-32.04573847861569	10.992591739448962	7.197050351192577
-29.347590137332293	6.738484329817659	2.001122013968751
-31.271719637206296	7.549814736506084	7.533093830152125
-26.05517203051882	6.188307810472321	6.9709080282543985
-30.031625619364743	8.069477172793821	-0.42521447375047394
-29.38521468318907	5.916427306316695	-0.6920259736754701
-28.365839775883675	0.751471653542402	4.680549200731697
-33.864391443838215	9.473327065416656	5.856501309682795
-29.267708519298274	0.9322102438775	11.818197289696943
-35.789622394181	7.6913151632326615	9.911470964346183
-28.09172161323436	2.221043315780724	8.108459866955183
-29.545604608308942	5.186278597924069	2.4306077217328452
-32.81331518944404	10.355649111630658	0.46228312794162374
-29.04907097314987	6.131259475536661	11.284876895350255
-29.860814948812326	8.570932367632665	2.912125700205168
-30.191048992066385	7.9312431626871245	7.99163319986406
-27.51083079285961	6.756631485887749	10.101762869014696
-30.053904413665038	5.649608947875915	3.765213515465833
-30.808408147746903	9.291703053132776	8.08704547583593
-28.818193930309047	8.202486789371846	7.412045555748705
-30.723207065327745	9.240165676198126	4.090394874267768
-24.57916866338215	7.637258041825986	14.188626916434009
-28.753301906835194	8.343842849133079	10.947476072210993
-29.04131331168965	9.537238548875555	5.6615025178149425
-30.162639517930796	7.818112224700381	2.2109048319826874
-29.345017786165098	4.559029965904869	11.999218495828831
-31.17492242879516	7.095483094765908	9.329944332312117
-28.2072396438398	4.275513378515081	9.032203669965076
-29.049749590302177	6.744611489202828	9.572648121471701
-29.341587318903475	6.503613440081583	6.264268169245344
-29.98243079556946	8.170680927852377	8.827073457485202
-25.72996864679579	3.500439660505169	4.629295219929174
-29.899805124382024	7.702990133363572	7.855287071434706
-29.1354397840375	3.5861232133838907	2.2337398671112387
-28.70229501107644	7.567460104704684	7.986906741453486
-30.049183487154483	7.831795742410019	8.030046838334558
-26.734816439225792	5.072075321685535	5.25316723353313
-32.60993957493365	12.98425138506494	10.037123819688768
-29.64170793451318	5.656117064339366	15.458366177378075
-32.857279092790904	3.827152630770121	10.97101628106956
-30.1732410884151	7.909234635687496	7.480099534008787
-29.16316566891336	5.375186811136681	1.9707731565786908
-29.93209117633471	7.786382404374271	7.836078848696154
-27.24129659792871	7.748565404411253	11.411460972602995
-30.270853910217514	7.692559981726039	8.138488999609196
-30.758467515968277	6.1258193409804	7.795555421008423
-30.404071628506642	7.715252783583056	8.094169239918676
-25.003330252995617	13.588093890843226	6.358157067354415
-32.18723699052587	7.7982759049897235	8.204233238523159
-31.567136340146774	8.6471828061048	8.163714486151617
-23.256861307300486	5.2071793876293775	12.581046884440998
-29.675632755286447	7.375868110581621	6.3503565409227285
-30.461935771962537	7.76362887515127	8.428210112660198
-29.524023801217	9.137398751471158	5.53892323157786
-23.406007179679296	4.632690356520696	12.189468963540286
-30.773472889304017	12.584198781418664	9.66488151690314
-33.808589750408366	6.287409677243124	2.339294713992577
-27.131158277377118	11.339142974954315	12.643908358595855
-28.47919192983919	13.46129641484513	1.9954637119798475
-23.014000861954138	5.121989474460596	7.249428533369658
-28.9475553241255	7.53676838233742	8.596736253868974
-31.751683858430663	5.092309274133699	8.81880536573254
-28.138971901601455	6.092770308597048	8.703577308611946
-28.94674090814279	7.207859566692846	6.651245381624957
-31.510061498616928	1.265914491640629	6.32039161651933
-30.041443941216833	8.225995818347814	11.488171975881098
-30.151990916913164	4.611401749066101	5.669561149105518
-29.2188775169027	7.004988094789992	7.812891858407607
-28.051575141658454	9.5855228037755	6.182000741074764
-31.97979329444081	8.570177889961274	11.962198612834559
-30.019492187106973	5.574556844490317	0.5845329677348721
-29.178937258232835	11.975239427166894	9.907312373000778
-28.813741136328506	11.870962083961517	4.892270009145976
-30.29682141315046	8.081875836704057	14.06232165783975
-30.48568309175712	7.549667239528217	8.451467431771055
-29.873620124922226	6.4086751610227655	10.746199264924119
-34.26175761330302	5.263318865504582	2.554139408446546
-32.060822582394316	10.14744815629302	14.934691449329929
-29.43027492225288	11.25866368872223	3.296688514006804
-29.39304432043315	8.840787459811759	8.297922246950431
-30.30853906671083	1.8871037710612892	14.00099940474641
-30.954358252092323	9.350033273174207	1.0039887791676314
-30.29515101674141	1.1386652923896738	7.525758252049192
-30.219512423465478	8.39519157183914	7.908202663261821
-30.851772926142285	8.323940534975542	6.564761507446737
-28.693092639675093	6.469046312708545	14.707834398389721
-30.81304808052841	7.547828626731287	0.5471496945632097
-34.40305736514886	11.074846545452466	1.1310562742299703
-31.306375588454927	10.573115489754596	10.61227897922649
-30.188775932658196	0.7528651293647908	7.633245058234848
-30.61787467216782	8.142485793655558	13.310407246408092
-28.148010704897843	7.837767227025709	4.904607611449885
-32.81411715195641	8.609702902589204	1.8324358853682226
-31.07541251296363	7.7364337488219865	6.278399867770723
-29.93891457551707	7.780740960262983	6.778784737861125
-28.55475809514818	0.22501357876983796	4.47683497761477
-29.059257184900897	3.970921809381645	13.77808694553011
-30.837152128750862	8.233753225547405	7.335302796180988
-29.3996555789329	9.565336063255558	0.11636308114792904
-32.30601883874297	11.130852226784086	12.975473748675514
-30.69984251882026	8.199805700377404	6.917340331150351
-30.608299333069727	7.516743750651749	6.831836172956866
-29.30254585982177	8.723503143466726	6.636257557959693
-29.713282266171753	16.474194647222255	9.6383837352422
-28.750948821666405	9.905636097140063	6.6405775504903755
-30.439468455599364	7.435729652584201	11.51831861741641
-29.149751966486825	7.239900755096377	4.633204597158604
-34.49063707412456	7.628162610708462	9.897488480535607
-37.82669614062326	6.774454976860815	7.49915575174307
-36.293574373812895	13.404797477451304	8.072545506220932
-31.871663379890126	7.724718119141344	15.412793964656275
-32.89148971559927	7.562610290189322	9.9839254319217
-29.942012515955135	7.998432978698845	8.049425284671491
-27.177595333909522	11.076758610246532	11.66386031139933
-29.37528720711149	7.146004876435002	7.024533361932615
-30.17513654768008	8.481601855747902	7.391308279938017
-30.779100851724152	5.710384389243911	10.866319279698397
-33.68902937537682	8.673517639953463	4.980321751116797
-31.822623281940654	10.016061820441035	9.085542075771087
-30.93852365584594	5.249987539390446	3.0991087701938156
-29.4256668798105	7.496960532114986	9.060264112880734
-29.903731231149198	7.6938840810361775	7.593457890434538
-30.71986490306268	7.7499379379703335	2.3379924953033635
-31.60377594988436	5.5880405593994595	7.155489365978155
-36.10620640244819	12.266237432033002	3.9366364156670857
-29.897163734627444	7.969057070780358	6.816149017880369
-35.29070450039435	6.381883165399732	6.473885191398376
-30.17957350135065	8.613884202716099	8.62862645666741
-29.062131856528353	7.710771593218939	9.185536812829914
-34.45105960027829	7.967633784512723	1.1785593584072354
-27.93611555526806	8.086076512378169	3.3390953670232895
-32.77860486659562	12.976751552367954	7.441488131442967
-31.39768471846532	1.3719593507759509	12.455556201486788
-27.359880391499566	10.537378646915066	3.275732626416408
-29.97475214881779	8.572882979598768	2.6602887458403464
-23.417325461436786	6.778763177852155	13.122412458467714
-31.443177068877233	10.200703375759108	8.520817939855313
-32.50625451022178	10.157398129816716	12.440400414464673
-34.713305127511774	12.127420371929997	4.1903376048467535
-30.56940063313083	8.774661743626357	14.758235362776048
-29.921786706543305	5.92182609706162	8.278140972368416
-31.377924667480684	7.077918129366793	8.072973671197225
-30.0772209263325	12.83973736141678	5.484422700986018
-29.931877846913462	7.826343167158841	7.7039588394287195
-26.80781136143731	9.125836226197126	1.290416918514942
-29.24669161465241	9.214128921620159	0.3388024219521961
-32.07511133827511	13.893636403688856	5.0769747942621635
-32.24403433585626	6.323713790829069	4.68744542772854
-24.542371091703856	6.433598247025292	12.551434495873494
-31.906451491465084	5.349765740899054	11.446493890176598
-35.410314304485304	10.143481622582026	11.104736952378712
-31.514497118020195	4.67345783069037	4.248183116469015
-28.577242754449273	6.830131100960091	12.807743449268116
-29.870740624044856	9.267275410159906	4.420596122548686
-28.899284815291107	8.610749870618427	-0.20278475808241048
-27.729656855290568	13.547967850658438	9.066463500133079
-30.153809265485997	7.984238610366839	2.417800079250502
-25.575498400378763	3.048350356528487	11.721103007092799
-29.932323319883533	7.2799973006404795	6.8898624260822485
-29.815234222089565	4.643767153456098	4.122390718565533
-29.779661273505234	8.04062864129123	9.923357423406255
-32.42049718644843	11.205880448165818	6.325684981609512
-29.953530538866474	8.104230579427925	2.905135372173535
-30.090171257927636	7.987231759912545	7.577008747387587
-30.06966841908282	7.650113478366531	7.868715113664128
-30.81803062059994	8.614282598589048	4.394696861509
-36.7268187533606	11.294256297340517	8.479826876600239
-29.045961453598053	9.122505410738817	4.91930507348698
-29.525524437237554	7.054206780344945	8.16107067488887
-28.801016391146316	12.043970748303348	7.325627445370952
-31.206498299761364	9.069551995916786	7.389091291713453
-28.676854986540828	7.852059824074303	8.660035918370344
-29.48211240053995	10.115709008933159	8.201183291587522
-29.983412881450842	2.4672015850355447	9.39460779961075
-28.975306416271163	6.798050130173393	6.374119290021605
-33.50908340125297	13.335786446121446	9.876400462005408
-37.13257901043507	12.410138850129858	8.542745454296757
-29.719185867738318	4.983464767435704	10.529961201289938
-29.817586186612516	7.459300917343541	8.073386070855733
-32.7949328452702	12.36873771321083	5.124088860082548
-32.929878672890275	6.0277728954433805	6.119676581801887
-29.083239880421694	6.456426671971736	13.32917213008206
-30.515244802386857	7.384612483714789	16.299011997988618
-30.231631465292953	7.907929289048431	7.872819848257903
-31.607794977780035	6.014964598484325	8.83361711444063
-27.446227140800755	7.809877431456517	5.122349913967769
-29.48234680271136	7.498945291780926	8.324170838273467
-31.09903340849616	8.247638069279365	11.26372480453789
-30.177715674594378	7.435689013994721	7.198826681416228
-28.62282804175372	10.653606357109178	4.930506309839656
-29.186231026338064	6.712797060432363	6.156487599000508
-29.940161994248157	7.829267117269075	6.683677254059051
-29.42717318716697	7.981229152553672	5.33558979204463
-26.02904880836233	9.12904606624281	5.924096398728474
-29.899828133157936	7.83792806681762	12.81930313704077
-30.9219551324896	8.348209833700892	13.428367688493413
-28.917011729015684	7.427073834399066	7.364151101974461
-23.022616970123757	5.825397747493675	2.5701161823871113
-30.067367584408945	7.930911039783047	10.865762712573014
-35.383321457531366	7.200648328287358	1.7614983925072796
-26.928939526544884	10.809511296436122	13.627993552598028
-32.36689816918937	9.807794296312956	9.384100656428588
-32.37657888145428	4.946767230270279	8.107158328194574
-28.53960991408566	10.016763208568186	15.622405183995305
-33.31166347532623	11.136995441012658	5.192181134017954
-27.08257855462184	9.133598192609686	6.746689606804294
-29.929830241641433	7.747704720567309	14.375450967959981
-33.369717084590505	2.4868926513650127	1.9662233245473857
-27.196334833570425	9.094695622354601	10.852229370581199
-28.322316055300487	11.760031847938944	15.338758598309592
-32.58845904897628	8.326499213705576	11.61963977126743
-32.54127315631452	6.119130967222278	6.045032330361409
-28.21006544543255	9.527503728905312	2.812133091039019
-24.57702836260114	12.070524627466394	10.782355648549654
-29.611535376626602	7.164751388818614	8.726781076634522
-29.824781270943976	8.324301587923426	1.7012756108301117
-23.484358107366713	11.04884601282419	7.1149984932732595
-26.488394569991367	3.4397524449405354	9.397328875069055
-34.963248993543964	2.293631895176202	4.382673443855282
-28.83013634135711	9.736506995203014	4.1027602612168
-29.911537375623823	12.219658877636704	13.383402663607237
-29.12130368027385	7.767281858706235	15.61663987833512
-28.76269004249058	15.879637021054243	5.125972416418918
-35.283420760802514	13.960961836018942	10.175604460158215
-28.459570359169298	8.591723695773934	8.574904263988994
-24.319848837603185	13.624106385299873	9.747240278919376
-32.354270051308724	12.281251550502635	8.98459801718285
-30.01988671265416	8.257460989723517	8.848879249571977
-32.41251405011567	14.00031162764153	5.755001193958923
-28.888703156485334	7.31381509298162	10.569459093681951
-21.922336081705243	7.235245825487925	11.387955055228739
-33.23030228692012	7.454763866834282	10.11040284787618
-29.920982529722178	7.804608277678602	7.988905150830176
-28.06541921869353	10.128194702524999	7.786387935257031
-27.17492582231361	12.195655903687914	5.5759201553910245
-30.22125747785373	7.921173137929388	6.3929977348633855
-28.67159106859192	11.736011462926925	3.186715857052876
-29.895411815012878	6.450663739335305	12.750125360538792
-23.824737375439184	6.887649081388509	9.276162361598352
-26.93895262879425	4.686603333235359	13.798494550998004
-28.779395345272523	8.703074700741048	5.005056919622021
-29.932029486999145	7.802246627072799	5.720545355871904
-32.31581994196518	7.690488186096484	13.13502936368409
-29.43133509389409	5.619451047581172	4.31231561167016
-29.286842285357935	8.557761640204404	8.075534717296604
-30.36309813423649	7.831568944398187	7.2405910333195935
-30.02682724459171	7.745182882024697	2.5882567624724233
-33.85486044358467	5.266362342551391	8.68654065412973
-29.907688501094903	7.792842585650469	13.988188749330334
-32.56884439704349	6.906923600794763	14.478350261880722
-28.76660753999222	6.726946085934431	8.322371108489772
-32.063960784641075	7.7507448950062985	10.481185255256916
-23.95925336318061	13.61451757058953	5.2266159246943005
-22.74687614191083	10.590006539145278	10.922243943070209
-25.837800927076042	4.868412979978148	7.424148008807344
-26.74610235078735	9.77392410993435	12.487542744577521
-31.925419910047836	12.937281958180764	3.9676989952023014
-29.906814738958513	7.762571335136369	7.981502841506749
-30.047696864337098	8.527845594164358	9.710743260869922
-27.349295240956458	3.4613747592265014	7.641082926749778
-33.9831857769949	9.410249650233464	0.5654384563186774
-26.66224733924659	6.695335844513144	12.225971751141676
-30.060877424103094	9.068392532362365	8.651149870353704
-29.72942997353182	9.30251261698092	9.334173250843616
-35.21466757797803	10.262972889024496	1.6511784673254883
-31.260108798252393	7.472523649144217	1.5732462587646756
-30.516958033406407	15.51554915649563	3.6834185227618503
-22.280729439479597	11.682530729967844	10.466688345781176
-30.079399822944747	7.968126720280186	3.756423961904142
-29.9711038367068	7.928068445677202	8.178415446368602
-25.886109726519813	5.505231077321277	7.242553812591241
-27.43494248108371	9.64175915795002	9.113123308729106
-31.93342089190343	4.3488567232456035	10.757997726136608
-27.00974627092147	7.954666151054419	5.752930552557734
-30.555992994461924	5.53268535705501	8.162384351552575
-33.475792148144336	3.301083306311872	6.615004315763964
-29.856577788635033	7.759692020830253	3.3441209846695763
-33.48629828981746	8.665977554697752	15.393443091402599
-24.535946974350697	7.930914453984069	14.008819166258558
-24.29543075172386	10.008771129288137	5.149779129583564
-25.972167379055534	10.185199753439143	4.554185591575434
-33.769477802601564	4.711139282132555	8.760506058767074
-30.113357669687936	4.232913360472261	12.907510002421324
-25.816136253527528	2.1037837857849784	2.506983099168444
-31.498251019352526	7.921573764700265	7.476952898474032
-31.781857522280998	9.156332630865869	6.586142034653105
-29.885277728606123	7.768181597164032	7.359311286207949
-29.892403666199204	6.905385149344523	6.643018726580907
-33.1747639581923	7.871627627168952	10.92587654840159
-33.174428391526575	13.453564464771532	5.18809040958527
-30.39184535532487	7.168281669631839	7.740241706820623
-32.214282404289555	11.098120695552765	0.7526890829615391
-35.56926445451283	7.53710384029712	10.016213432542449
-29.462771673147746	8.238317812393593	8.08129656555978
-28.16110451080162	4.499172999537042	5.341124489102773
-28.979399526538703	7.744991393774926	9.273086632083631
-26.97610537918633	5.848020089622953	3.500052158445511
-29.716711315398356	12.731461071107685	6.7511054359388645
-31.720296882018356	5.458245894700721	11.332099535929887
-29.711187611788482	7.660279855808314	7.062175531772918
-29.73520547964411	8.003404719575753	11.07243046344636
-30.93771859329648	1.3190318647580588	6.685528865984983
-30.414876049379647	7.235927175003374	7.552501375648266
-30.296471553808107	9.979804511572807	12.75590331142937
-24.61378018623749	7.383265829610652	8.868972010795376
-29.7957869475228	7.735670840855517	8.123319285888073
-27.738699292556344	11.059115306242884	3.2599515572777555
-29.561012341246304	8.2100569879139	3.82997719048575
-24.74121793036319	6.998388243293624	13.131968847487922
-38.08088294820492	7.8443059676956315	5.214604630157467
-32.38737888350281	1.6348018877857342	5.67324024461654
-25.972383377920153	0.3937064529369376	9.997338726736437
-31.474029218582057	7.512604633695191	16.448758421437653
-30.86775739068925	7.803074202246887	9.030833056678048
-31.70017964900821	1.5179262934425308	12.357773998570579
-29.682745241696256	8.688124487243343	4.754363201724312
-29.6890956652501	7.8273141994036415	0.8303602739228788
-30.40796544365237	5.205021140713807	7.082900776252566
-38.39455887302695	7.869054687213338	10.485298989927855
-31.632417383053294	1.3763172898707046	5.145476981274686
-30.235259260415493	7.8252268658207536	7.092765962632143
-30.28685198572252	7.288041485987041	8.067007569561692
-26.477209182620726	5.709620523497522	10.292571546830603
-29.90999198883289	7.766193005928189	0.3505098444211985
-32.223378424600966	14.710422104755516	2.7268941310824015
-24.614015208966634	4.7117329331435815	7.247742113348213
-28.755795708089696	7.443448785917461	4.941858936281134
-30.15153493380984	9.618243826074448	7.895872150544936
-29.89695847598565	7.803189954665483	7.823669643102222
-27.392102075561382	8.116685927226115	14.765820714381299
-25.616395764522974	13.734829626180918	9.23143821000767
-27.632097321132107	7.86454080876859	11.508427518153967
-31.43344418527852	9.961811999400549	12.864933233541233
-26.89071987508111	8.709560064096257	7.99940082917369
-29.75058667979691	8.53111513915233	2.1543665018233433
-29.67021514926006	7.946426619969029	12.536663850895353
-29.71743912232479	8.639794702496705	6.683931841069854
-24.64468039663863	11.026360455569428	14.072877071704365
-29.313728656706992	7.927503517113499	2.172128652052449
-31.077704552263135	7.905267664768019	2.3974118040351566
-29.62069762057488	7.0926660786598665	7.8935290730378105
-29.726586999848838	6.810172153177417	7.997138955510934
-29.50972948463336	7.3962590603513245	11.380385830155802
-28.667446227846618	8.517992810430018	4.88548404709554
-29.51144934333355	7.80698391018573	9.11248233446022
-29.136829600824864	3.653528426001987	7.593968054987111
-28.229541064353995	7.485542207470681	8.09964220624478
-23.180189197211504	10.342381976275586	4.590402923066549
-28.070839236578948	8.362564234246218	11.11777578914215
-30.27784582638783	7.358346519830522	7.965578154414753
-29.56217169233906	-0.04427677513096917	11.839231301577055
-29.061012795607912	9.945590588142128	10.586546156366992
-26.170181720922727	7.849198280490115	6.998927508532311
-34.22865168948952	6.968045665824559	8.901280732447978
-29.469285829937068	7.7921804893645445	0.13564962789919832
-33.168298710015996	5.93343566859113	7.558183668757429
-31.269459405426772	5.196820463437416	10.277591123823253
-25.099923326882255	12.730012833946546	6.091180865898941
-31.531334521044997	5.819813283967051	11.88519164817928
-30.144360644547806	7.883337990502111	6.646177021314488
-27.900877110063604	8.141797928563188	10.59315642396129
-28.00676507610819	11.459493754358403	15.440930854116909
-22.61032793596332	12.77792376534615	7.504052798491323
-29.167445181285153	9.110275995888609	7.013826033703264
-29.20267614222592	3.576988773750603	7.6550170995880125
-29.31261062557867	7.6990035995660575	8.634210240519469
-29.93505096239564	7.1548501776586555	9.571464219733762
-30.145946538794803	8.065822413055322	7.478527790702827
-30.04838562540017	7.713587799589348	7.526965281319649
-31.369219202368985	7.42541883250763	7.886419948774345
-29.42268934084039	5.616785825630705	-0.7439125702420206
-32.81343860369851	5.90314034096486	5.9874520490153165
-29.79136032857879	7.860800108055854	8.176163363137858
-29.825248096782268	7.164153220286219	11.255645000292638
-28.86638281166171	7.944547127597737	7.421311555065538
-30.57603864933072	8.974212814017132	3.4182745391354565
-29.198714364288655	1.1814943120535597	10.192613453128676
-28.463138158548457	6.619934686953604	0.3648027328454173
-26.394951348408267	10.05990474466986	4.2238197562697515
-26.050116995917385	9.46188980664507	4.130339170354878
-32.91562476961017	2.203067756687134	10.404996427969301
-32.15851477218246	7.437610825758046	12.512577632399509
-26.535585977718384	8.418703641536993	8.059406553575826
-29.342775857211095	8.723122520763198	10.134197263487335
-29.424954971548868	8.104907629430041	9.204377389825988
-26.86433946686054	12.723903313718708	12.653207377512318
-30.036837330900802	7.7132381267837165	7.4317173456448495
-36.36364400241611	4.463757056139928	8.614434452692947
-29.155583656555084	7.170835629153411	2.027464232972976
-27.86238849025066	4.27579003744337	5.42438790555674
-30.275265602372777	7.168455796161579	10.311106233160329
-31.385047558257476	8.243237423435481	7.388467990949244
-26.50732087314047	9.338004098549238	7.19518563494867
-32.294349225800964	11.001262037782373	15.1525108132313
-30.379306117816558	5.018781365255782	11.56400919599969
-29.690467170081778	7.796420118581107	7.934289980492409
-27.048964694683466	1.4604864016765022	6.3375703381468345
-25.774859804532696	7.655209419919755	14.514462275935397
-28.29762025632713	6.945903053429571	12.582823309420656
-33.74394813431188	8.214012870551905	0.7258786918095179
-27.29082309158355	6.061391923829694	6.61732575231519
-28.857779724104592	5.34290038102028	14.186402928102744
-28.344386509825323	7.4840392953488335	10.320964017807563
-26.567439134845607	5.140479602906954	3.198625226800422
-33.1847988592152	10.648423290134126	1.2081484701082967
-31.62120375667053	8.003749960932465	5.224797153695288
-27.712476559948495	8.038669381857053	10.85104813781918
-27.972884676501028	7.480866508083034	9.859113704246168
-28.86716864202417	12.045344977787193	6.806231654689274
-31.6036553472601	2.9488988196083517	11.415985675237668
-24.623866397676657	6.301291796564628	0.6899536929678538
-27.194261612834115	12.119996508528388	11.417971677069417
-30.349999231966024	8.135038770861081	7.536626527376072
-34.578348844510025	7.436095091314772	1.8008905683718464
-28.201119719727465	15.994833244863024	6.554166317722997
-29.776323780988392	7.33192036313082	9.097881295833549
-30.00403707407316	11.507576285888602	0.054704728807287495
-33.322865514461185	12.834652908041363	10.463916414826127
-32.18882997609557	10.910735247778033	13.256632139885493
-30.24902196803803	7.62750514221317	-0.892804701284355
-27.818118011314915	10.124022751298188	3.113613585872243
-30.150222721388857	6.530797867711897	7.880148704335829
-31.91113445715589	8.619787822993754	8.202423375010875
-29.97711637579676	7.768427943132466	7.615240789716229
-31.252129860948706	9.194917745101826	8.643352538238682
-29.918890900863445	12.780381740873123	10.073397972128342
-26.078625360072905	8.033960371616297	8.320931661579083
-26.691933326760722	5.653373120151022	2.5519815099523395
-30.33801021096883	4.99624481926661	0.43988417913136324
-28.844976602990467	9.034181473032127	6.596068637879307
-28.190741388864627	9.638952871248451	7.225456748977384
-31.89248587388784	9.693807310673828	6.0444601580098345
-30.57216680025047	7.700141321548385	8.359837036723668
-35.07272451050653	1.4808939170590811	8.225258722695015
-24.626034254519265	9.882189687336218	6.904709912213026
-29.19119169580622	1.720597645866401	9.108471297506314
-30.081507640089026	6.971049856044134	11.40740846445796
-30.16345160610353	8.261472373774554	9.007762329262338
-30.633936359955953	9.924657366198911	6.035803492740583
-31.605427272664272	5.391874134567667	15.250755769382774
-30.45647251767089	2.552487094940605	5.4420229936326425
-30.669012410244736	7.130836087861606	8.610255260737702
-29.44775464644956	10.645110649795473	8.51409164274758
-32.931610654736744	6.875910184628368	7.030327510654829
-29.556228232000922	7.286444093780512	6.834832114279129
-29.925003722866258	7.79943214417254	7.822640714562038
-36.815141046026824	8.339412144975846	4.940497011506796
-24.994342016098177	14.09174337666081	8.611266610906089
-29.376762652532705	6.366143476017586	16.314275959725215
-31.92024680083176	12.077990601281652	7.957724183600893
-29.745618681571823	7.631386348502301	8.800064904800701
-31.36699885402978	2.117892018488736	11.931988797658567
-30.682146454884705	9.70736476600522	3.2868499448680852
-29.458877217503233	6.753791169854288	9.737929036419535
-31.20189295673324	5.232195369345827	11.067657859092566
-33.44480218571567	7.40418046559704	8.442362081416956
-33.41072414910527	5.99788305575786	3.6625977057205565
-29.884686776432492	8.218014514871959	7.165174235542423
-30.036608261508114	7.752100892629822	8.970560756291095
-29.114740971749672	5.078445625294355	6.921850100407254
-28.896316845081174	4.83027055907753	7.013205387363163
-31.68458686602045	8.549189580707885	7.479613110511083
-29.338615264230324	5.29714460927927	9.653060193826674
-29.914952141557706	7.793918694106117	7.733478026672343
-30.932088235481544	9.830881824383265	10.953568131854881
-31.36778671486755	9.856690440877701	2.1854328283784543
-29.589915552690833	6.963987878593579	6.4488798108119605
-32.904087803818754	11.67015372931286	15.020126961159797
-29.954563352262024	7.781981580503562	7.861615883645676
-29.64778726547212	7.839133051004959	7.61668799883847
-30.038518094459498	8.661030191183258	8.427882962033062
-30.750151600541137	4.420515577864917	6.014799950243823
-30.929806722146676	7.478744352690267	12.095193640369907
-27.37557570409125	10.562895867265059	1.9348070592413968
-33.62060181809886	10.106472217381823	9.208244052596319
-34.389241056759715	11.586000355349702	3.8693127880496028
-30.189411522557037	-0.12072635967617451	8.210919414513008
-28.776391587336455	5.403056363328403	8.06974981982994
-34.02947879740173	0.6039565827937841	10.791963843502504
-28.429892577232458	7.403379995804862	9.199321500986748
-29.290277381671054	7.742474226280149	8.807520766543593
-30.208566627827597	7.731419628690203	8.19590179275994
-30.470808755590255	6.0620248067269245	5.02521672067098
-30.439631924056712	4.87031551211486	10.710397803020099
-30.009936766819116	9.671275318454871	0.43992398676033595
-33.43458443201228	15.047997601812265	11.086096978119905
-32.5082207882628	8.762996267712913	9.772503002987886
-34.66550132124023	5.05146670551979	6.965476524690585
-30.474861528369715	9.220812394188892	4.758305476162147
-30.24190169029726	6.539172739140426	3.03015868436116
-29.634253511118036	8.880423164818668	6.553507198863881
-30.237974571185617	4.249337281506764	6.979401356641047
-27.433778885164976	6.985479433511163	8.612244998325885
-30.9470569180245	3.828565379200481	14.516935054601092
-29.106899739332626	6.197904395122787	10.982424219611302
-29.05440315743287	8.971873552692731	7.21496502014001
-28.08557925051668	11.592930059437089	8.286923936332753
-31.391859596267278	8.659928106324974	5.812288190405212
-29.991296960051084	7.878733773112375	7.067029972796048
-30.04561039935181	7.946300662065949	8.619839395040694
-30.753350423239514	6.3592414677204605	7.643571999766822
-28.580580888862407	5.9008052686832	8.208432133436117
-30.001672708071435	8.034937562326029	5.906020571987818
-29.614926923287285	8.003025561639463	4.4828337321238365
-33.13008172071846	13.298770037577965	10.108022675697011
-27.963593004629274	9.556998871800515	11.477091166750041
-32.314257687973836	9.55513909357511	-0.6054335961860922
-27.734164199951884	15.788641691327394	10.235032860963642
-30.15698878832403	7.560309817325592	-0.3904723581528948
-37.73398701133617	6.049837397522692	4.768163740606238
-35.49106382512714	8.991570245158801	4.074418082517844
-29.73488174062151	7.949619877070882	8.051870801400021
-30.459170648962882	7.538089489853374	14.903435998159129
-29.724322883774853	7.867673132794705	9.09218184572852
-34.56560380232489	7.227552367882929	10.959044330675285
-28.414345470817807	7.719196150152668	8.853934198439488
-25.052709327308374	10.139115492528662	12.762035548256648
-29.20195082954257	9.800785386343787	7.2082441282784595
-30.499724836931073	3.061020502145479	14.860728948197803
-29.03539770267836	13.059412678927302	14.292531160474095
-30.345758175930044	4.854101153123103	9.691447036651653
-26.99594398524456	9.981406576398346	6.134153490020694
-38.36335440425103	9.516913293895952	8.550198311956485
-31.117670347502894	8.62364989616239	0.39684044009296837
-29.743794173970137	9.094771649521292	1.3313232142809017
-36.92201241624263	5.143130121508532	5.489820044055053
-31.768678453523258	5.993891106448881	14.918685343328614
-29.974886261242723	7.932042174109994	10.1208431658699
-29.912971954967123	7.855677984669035	5.049477672419114
-34.82200924396086	6.446870110920637	5.182032501829057
-34.29161959304508	9.20595527264767	3.123943163653304
-30.667331988219377	8.881836362169356	7.796844079312556
-27.522553104749235	8.764139955563373	13.243271770627299
-29.240816069786007	8.667819785438088	9.625875463012582
-32.005059915522196	8.353266555007634	2.8253840503713796
-36.23466650792431	5.973882135977363	8.651908559299937
-29.66666644177437	7.712297720797703	14.125454643075187
-35.76628389084635	7.8884608766928	9.641079625322881
-25.741698107141836	4.3550257376128565	3.3568022076265533
-29.832398688546437	7.774704033263507	7.376711135238845
-28.483841839045574	8.13192065254957	10.470575436940846
-32.211886634149515	6.603842852057507	1.3199818713935931
-37.05090494160829	2.5670253318485736	9.10743735555075
-32.4083906640657	4.931351920595404	7.420498569215724
-30.242239697480215	5.757633366454646	9.236473320428871
-29.50298628472723	11.232684268664736	9.522496150834069
-31.329575089601928	4.100142675571668	8.851826304162337
-26.37198141751044	12.79679897081736	11.571275073964626
-33.82296157050062	12.299683055634809	10.552973283802316
-30.246432339900984	16.19242301461956	9.417848445219756
-29.934267606742196	7.719233188531523	6.945635643688071
-30.373479877826384	10.115573421364346	8.261035888377334
-30.375325768909295	8.978126026517756	7.9205843427659985
-31.164968873256043	10.443775209333218	9.200012364949446
-29.670117127253995	7.563545027809467	11.201951505652266
-30.011407887356842	11.756933602318032	1.7215015122585449
-34.85293192148105	10.303820398859756	11.915017587003502
-32.7346626690972	8.19041216231981	6.631202317211482
-29.638291184774392	8.964283559781435	10.680222893941872
-30.30035177569836	8.354060644739157	8.198707333893486
-28.975219096102663	8.76675971486929	14.498953763652917
-27.774152722220837	9.742760552794664	9.016376866696287
-28.44312815100752	8.090611506523311	-0.6420982147017273
-29.25229530700872	6.122990482247399	14.252817879020395
-27.836133645737068	6.264189136374085	10.134422250445347
-31.71045370936907	5.955827575002873	5.318710861998101
-33.68333732386778	5.214016194056443	2.748688374219544
-33.5588918129999	10.753350259463062	9.719184984929413
-29.68928265266563	7.104790657872583	14.896042600300596
-29.099938405602636	2.1406297333014255	6.92224101987847
-27.500014346547886	6.627729033285098	1.9314524455241635
-30.56288042637115	2.7395774156736277	12.904802538186306
-30.043835533207957	7.94868465954751	8.363898073455951
-32.1392804713047	8.954848178429177	7.91303672634366
-30.57600609584137	7.800026935480305	11.125849113027126
-28.68882154265721	8.055082048120058	6.538396082440558
-25.588327710864657	12.287395378767584	6.974107918879531
-37.282768843025174	10.88363591176817	4.862824143591348
-30.869017133843478	6.017575881669432	8.532981276620342
-29.894119370745724	7.802281519331862	12.897042020558686
-29.52662562353409	7.318824942379967	6.770277575179644
-30.017459524251723	8.064663541210725	7.605364880401213
-32.161018396181355	8.207621547881617	12.705281500273202
-29.67677885299449	6.954933071960562	11.97443850611587
-30.16791703662481	7.67698258763769	7.7233927202493255
-29.041903893666856	7.788687222998552	9.831625599804017
-31.46457815757121	6.579774957973351	14.278091516480275
-29.8650617769381	8.200933067870414	1.0911643981093393
-30.192178712475076	7.652178359562557	6.961995989915083
-29.805937553251876	7.777321433788906	7.689074424143441
-31.510853623507508	11.973221980790926	8.170880754468062
-36.26888461370655	8.000684101553594	9.111398481431667
-30.93595652579776	9.886205517007781	2.025446741497742
-25.872207795423293	12.429671319481388	3.6992173352084707
-29.93383111584469	7.79981141970719	9.788565727918261
-29.88794924144771	7.805409845296835	7.919917946686387
-32.34046763201335	5.56522976065687	10.931332142325775
-31.29249069835633	9.083602602555807	5.0471580429675935
-29.7932814554248	7.2910684750385855	7.630152853562177
-28.34700021158213	9.835970505721054	3.5646568153433718
-30.258213722139487	7.610115281892198	9.713643282145494
-30.270156191208834	8.326364257761236	12.795924661919539
-26.343013845956065	10.118959376255853	14.21755602159225
-30.001687437888506	7.352740724111225	13.715113223598006
-28.426072744021262	3.288616644368254	2.2181340050190874
-29.42277664612763	7.959984481083469	4.386413327323968
-29.681907847059733	7.593529599756247	8.247141982045514
-33.649961014330614	6.526788263502923	8.471212196404183
-29.004399528940297	7.52426946262861	7.519738638632447
-31.84571157098342	7.897051219104209	6.801982241565155
-25.771352163355548	8.386846107903438	13.560135037495986
-30.081801419014546	7.575856120001528	7.685748511935982
-29.68058184991961	7.640890939307175	7.814629715550934
-29.416950834997962	5.25127626078341	12.026371532387092
-29.89820498768412	7.670507988645575	7.739898533003162
-33.365332698946354	6.53669173491932	6.740978720033709
-29.763286618668253	8.44546139832651	7.912897881763916
-35.75536085341242	4.495977084982288	5.579791827523951
-29.149134151280098	7.647489222645383	4.564344597640968
-28.8861048388922	12.96339422572953	6.95400515657748
-29.113267185355223	9.222371331701718	7.665526752694366
-29.578207717142817	8.390711401779022	6.908660141614422
-30.64384650983374	6.913816879191035	11.742610236367696
-29.931123295122564	7.798323139224842	7.798828944106303
-21.6937264675951	6.755936253120524	10.05133471060459
-33.5862804196167	7.66560643571778	5.755065512933727
-31.73589333545813	8.33104852496664	5.378901645309911
-33.51289145880033	6.968569849107313	11.10724437147783
-32.11218878433707	6.528439374952834	9.355633672367214
-28.91509239407675	6.448382544071758	-0.012295103703090504
-29.49889501759385	7.547268919258387	12.781844063346384
-28.795217243337543	3.881202344414095	4.212346512381159
-36.17348211761846	10.672033730241928	8.707184249635953
-30.782059104748487	7.406454065941441	12.550314703136426
-32.556023728629796	5.303172169267331	1.4764732231305224
-30.0523601356011	11.950786504684835	8.853085057480829
-30.545861817635124	2.2357581280753855	11.578070657626142
-29.129737120110057	11.811019200479006	4.902160642494151
-30.144565548174864	7.8406773679981	7.086162116259062
-30.159243849162216	7.855099472144877	9.788153380610586
-26.260332499938176	8.716977487726634	6.048163120863626
-27.92423808441078	13.842881365545578	7.891806745109459
-29.64136119539319	9.664572848052437	7.002245642631491
-27.74493451022624	5.570527406823401	10.442056114424357
-29.875662909855716	7.525047064933507	-0.10568773491259353
-30.01114857879273	6.465377833291592	12.817816831813042
-25.806764658661784	5.811134635589443	5.28142863002944
-32.191085402316446	5.282846913166052	10.515475367181633
-28.750545944216565	15.006214255493434	9.716539240517996
-34.888179219928745	5.824945156262522	4.572859311544702
-28.571597070126472	9.747171629943114	0.7014019616941116
-29.630010338421286	8.235557160269162	8.303730435471705
-32.26496272916685	11.811113613394589	8.165291644889665
-29.968481368368938	7.7375462068848675	8.403187658430166
-31.856085086345345	0.8517865114961749	11.348291700908437
-29.764598280687444	3.1896120445162985	3.399482006687669
-29.828150006109063	8.734733042184684	3.969302961429557
-29.59985079231427	7.941860313091	7.229140020998446
-31.783697800281814	5.887950249390965	8.821480975895158
-30.216180504701803	7.743989507196281	6.962550126516838
-33.29248023413919	5.331536432235216	14.998211064943783
-31.41563372794648	13.662644626921082	2.354568520252716
-27.16284834938737	8.52901688839958	3.6985098116319373
-29.852943943833168	7.737393699289776	7.929543015194893
-32.231036037052576	10.803451743405132	6.088972330829969
-31.9442692049709	8.362608400156274	2.4334563385457875
-29.55045226777213	6.198396775605637	10.837937865555162
-29.91898631148213	7.770816029716254	7.799552973013191
-29.303227898922877	-1.1216306716990792	7.545836839663233
-29.80236812356138	7.479954031233821	8.243289649297298
-29.93337807548355	7.792952152107308	8.854521897302975
-37.11366923899822	6.573606667545295	4.276526154232912
-26.687405340067343	9.531248999038926	2.0747174671398207
-28.88190629586522	7.0969506442779275	7.701844321764071
-30.791714559265532	12.65366632977345	9.863239443272427
-29.639976507004086	0.5007468152667975	4.5497767292042
-29.430771324699613	9.421808347533135	3.3012160482542576
-23.97172793825614	4.30363226308004	11.245391057734597
-29.858685558589194	6.9694253779922795	7.968411172197711
-29.93904441009476	7.79371484484141	11.23188155722645
-24.5522436458836	10.789084790307998	12.660825715087487
-31.373641221847368	13.553687359605881	5.833885842852512
-29.570631309991672	9.052768657283547	5.9480409949064414
-29.27942452524258	9.213704207537207	16.371461796356005
-29.00066381142188	6.8379432726021365	9.226934666565441
-28.63321221984608	8.322732010027552	3.3448191274292602
-25.540127545507453	9.07372427864399	8.808133600592903
-28.12338784804563	4.3676305283117465	11.352835332325679
-30.884726826477515	12.281145522452722	6.218959187795427
-29.25819435044907	7.502728634090909	10.299212445412
-28.482174216044488	2.3713079892671223	5.565181650131469
-29.173959300559858	8.739072143596516	-0.2658831118530909
-26.790690543919748	13.910803393307077	4.735450579468434
-33.47066833738676	4.779576370153572	6.814467141387002
-23.926927460053804	10.293870691929447	6.005949702963291
-29.328720572022796	6.744270649124658	5.969036584018772
-29.391702645272115	6.464715721141518	11.693647273666992
-34.06765997817274	8.593474155045579	2.5295992684323174
-30.61080064405233	8.773052000721318	10.261010605395061
-28.60599511112765	6.964862802886439	4.797538966245268
-30.888659139326858	6.570294558766291	13.683904752439094
-31.956231116936465	8.718412480137292	7.538226478044905
-27.873196329533172	3.150761521800148	2.9550241176014724
-30.70401910173586	6.586807362905158	11.30769349722246
-29.596664649607614	8.429270423627218	3.3789267814255073
-27.186037747015153	8.244849841411272	2.840725471106528
-31.50873569268105	7.562428139293194	7.408306061077969
-28.820423308748037	9.73109720137075	6.338705648178767
-29.547115767135608	11.000010718515254	3.9758776987125013
-32.43933568196949	3.2264109189806023	13.320270453489034
-32.903647955571486	6.471552365604771	5.9527097496771715
-28.803544524761605	7.382851431585337	13.08153333539439
-28.28302405979358	7.867917046169384	7.591965193323676
-29.617842608187285	5.29436073707925	6.33215778699095
-29.66983746952712	10.487873623114705	8.830741164935082
-25.17514444648404	6.636929407677956	4.874813271721434
-24.875667213322725	11.910032431338939	4.087312300163721
-29.08062025874912	8.311329028188819	6.843424880744874
-29.818159602013743	7.847736786500038	7.797139771368631
-32.371233346825356	4.5117525478079274	14.178768459933677
-33.66016325172289	6.063863180852945	8.381690238291872
-30.263362708157818	11.398650284893346	13.249281164297088
-28.732267386636117	12.596134947408892	5.757301817292437
-28.687130770232464	6.7551501551472395	1.2394977444402038
-26.90351403502725	6.922750708136343	12.764480488961729
-26.006930494401445	6.2720438358807575	12.916933108084015
-35.31639544980973	10.177586832048846	7.425201268789414
-30.052493939611235	7.860230510231628	9.231789468641141
-29.720680002191035	5.798922775761717	5.524469468679934
-30.674509909702643	7.095209712732683	12.150028800967103
-29.386149051139846	7.140236787646083	8.37310938255949
-30.64295963054128	0.27467647386496896	10.98774616592923
-27.882956310512654	10.283338067881855	9.40199424233014
-33.830146346957214	9.620661237171063	7.473509723150623
-29.87287685081327	7.926810478300801	1.8634465835561507
-25.709020652550073	7.672059725421276	11.583202628122148
-34.67495403150814	7.588589920358604	12.30997629883738
-32.16409590797223	8.744655974651307	10.189881425636239
-28.569040048897456	2.918801879452671	2.6025870404110165
-26.555403317403297	14.019978648115082	4.501185730287981
-31.37506589030597	10.039167940020718	8.599495811821521
-29.15344674122999	9.705827453593404	9.65446212000824
-24.27808256828129	7.294657987348616	3.1284857420649876
-30.53935109388796	9.741746053216163	11.908876718132651
-32.554990741411736	12.90261496853753	6.765325923184637
-29.93047005356511	7.9641328750069995	6.045519770557371
-33.09401581101101	5.659458513102411	8.86112399011775
-30.418814543504574	9.903250294925675	7.5891139614524175
-28.906231434372714	6.733127793631471	8.291493601507687
-36.6722836723876	10.660302579127968	7.757946605582814
-27.79901507962521	8.834826212641032	12.359623673928947
-29.877168850273687	7.505456843292771	4.75155833172699
-29.206675102156968	9.308365980665414	13.743341875202015
-28.055435927666927	9.908541688377788	6.779151071445767
-36.09616567773494	13.350925223143948	9.413597062803449
-30.06366504404407	6.914802432338726	8.487572097573077
-28.638957899234214	6.9519759973902655	7.462994601110523
-27.157472829415838	7.611362259122965	8.342757873402231
-36.898816026441395	9.691011566796268	8.54123272987713
-29.811198278267778	7.624502617194519	8.106261116985594
-24.150683451867884	11.696321119402056	7.264475683954232
-29.276180278505986	7.563067553513189	7.1519829168870634
-31.89879633881847	7.531553427388064	8.53467691355823
-35.34170202264156	9.026554417392449	14.655345955754864
-29.92985164346712	7.5254843745987205	7.8878892577526125
-34.95675315291952	10.186626568768506	5.3792095061110174
-28.749834867267325	8.556560906558138	9.205343671619506
-31.494513140069692	12.337485166438423	1.1962054406200657
-29.724224474059884	7.783602260334474	7.310347128001089
-28.53752481093271	5.397288742193039	5.97682946394384
-29.645438140535955	7.67919268148762	7.895724230922522
-29.913325074386115	7.743931443699711	2.254140050451306
-29.579396886638424	8.32720323603446	7.887981268447109
-29.142379991102043	7.10505465295057	5.1658597730225555
-30.756159065933954	7.319180448369548	7.54752834640862
-28.04030381429171	4.193674152432951	3.6045286973567654
-29.431405572597395	7.416295450782313	9.076643597051623
-37.672338956879194	7.22771491696839	12.15256234170044
-29.45804078538486	7.8937568352703815	5.153258618605443
-29.853226290231188	8.555544504534438	11.278944441905587
-34.29746414023215	12.557981679352892	5.495879878669537
-35.68090984687547	3.307341182560597	12.413956002902124
-31.575196189144123	3.721001339607617	11.121441595012627
-30.01195272601143	7.712361678676449	8.457254811598181
-24.069998249271663	10.849509070423384	10.051364626729029
-28.820257108582148	3.942449154149108	5.029622299969724
-32.47638442275785	13.613865507243556	9.024168179048184
-30.03106696992539	9.136021510841145	14.761840488665381
-32.98898709765886	6.596325170477492	8.098346365289212
-25.120441328425194	7.532437008796122	8.233483127769462
-32.14069124342528	6.707980932166743	6.545096220354284
-23.636347978261774	4.993958985905746	13.438853789888322
-32.88888569399282	8.849641745144588	1.9688953566120553
-29.113036943730318	8.5535083798042	10.774182783270742
-26.18520574406332	3.3103640267454626	5.15052496309537
-29.234125417478225	7.525694544642728	5.597817853582715
-29.769336641133062	7.328529770008772	3.7256659843374784
-31.249224049204695	7.9482654665691355	7.023446308798989
-29.01662736449288	10.825733726020777	2.50999377955371
-32.582033714766624	8.10852521983389	10.980606179406022
-29.309013131466624	9.047983864185897	5.40783061054863
-37.899283280928294	7.952738943761956	5.213970782633589
-29.559533662649635	8.12417974698511	10.296816695596583
-26.025750857559668	8.492302375490862	3.863855110065211
-30.43187547081243	8.12423594835693	3.9978738477831177
-26.42749747084647	5.22722789837974	8.055504473235294
-30.224398020156077	7.9738248161127165	4.78220183036
-30.753315976774488	10.735796617812479	-0.12780366177437852
-29.85383446967345	7.853300628243742	6.959388076525963
-29.977291033871968	3.0633999041477518	12.147581859378196
-30.508584838322058	6.4794985071186755	6.238430678023467
-29.962810648859936	7.8796944788936605	8.119298683150063
-30.117770887794048	7.796496021121486	7.305653428990076
-29.68018317464013	6.88200404031177	12.758291596156681
-30.59805809295502	9.354771382332899	12.536706674740097
-30.197879738393794	7.3423632347111845	6.438306038257106
-29.96401184763938	7.839918703145405	7.833706491962329
-30.482877013180193	8.68273512326537	9.822208081704213
-29.556354306063042	8.717632148881469	13.583402616336764
-34.00410277800452	4.36799710764355	5.815996938931221
-31.794285067759358	7.303167744099644	4.698226895710716
-29.957073031006953	7.768652592647466	13.905942387013793
-29.520799273901225	8.028523085188315	5.9027269843844286
-38.22575051501491	10.127583639357724	7.783267389470059
-25.56509478011912	8.610144096728638	8.329036815105356
-30.65223033842831	7.219512441665715	13.40780267822764
-33.98501147327291	9.238102842255472	9.479929359064156
-31.64905541859521	9.532511590339857	12.93638132856331
-26.521115767351485	11.65604443398757	5.463398442539031
-31.714865964280285	6.626209441061672	8.573728011737913
-29.769333193872374	7.68215065603341	9.099161572010788
-29.573102947887634	7.680796782268468	-0.0813345041793685
-23.753983817210365	6.465410894450121	12.812596611098755
-30.03923103843243	7.733598948683789	7.509609863595841
-26.608077030273083	11.123563554738837	1.6501216499265485
-30.47589668026571	14.006984678933518	7.841498364489392
-29.656310789596265	7.966816969985828	5.335230792208006
-26.490644044723147	8.85070726101821	8.033054045883668
-27.033490734766485	9.779629444164009	8.887014974309684
-30.81039377456149	4.150392782868572	12.843309315176908
-27.712126614212615	5.896683216601846	9.987259640690757
-29.441307005722855	5.618878361615267	5.182597049478035
-33.53793241707212	13.608261109179471	1.990313794991037
-28.796507979220955	7.311686709258717	9.301854466826398
-29.828579802759442	9.020052637627984	7.645340886699481
-28.964181954868014	7.480433191536524	7.321288971173393
-29.184940199183423	8.81492181993622	2.1436584043917897
-25.166522873671536	9.776475784170321	2.72198309272048
-32.21369714933932	11.339262404824265	10.11296849564405
-31.045390493625618	8.155046453549048	12.363109489760905
-29.203809649178066	12.056108665513072	3.485914664687508
-29.176984475189283	1.5534065051795958	7.320389640237664
-29.066044033858386	6.344427738052818	1.0333988881915133
-37.29793417696577	9.399528114586246	5.832598883498852
-29.80125209212231	8.003376850107044	7.417846303860088
-27.669741916420122	6.9942073668268385	15.248738928333673
-31.25802339813346	7.355914885175029	8.849783334280914
-30.151765099724564	8.356791048374541	6.231087039663545
-33.336058792705735	8.648427926230124	12.246019909488247
-34.678470104180654	7.577847951972236	10.049398738858654
-30.51717290764163	5.012065361393756	11.390617503358074
-30.141562501481832	7.788516790255212	10.399824146117798
-32.77649342593058	4.719331085322972	11.98811118887496
-28.115923118299964	9.63978857415176	14.20682210209369
-31.71860620134732	11.993828950820077	1.6032476604428796
-29.55793141974429	-0.4063254443474813	9.062642805157608
-31.194520794938565	14.199817387232432	8.063010861137098
-29.500515401410482	5.428065448877257	9.235165417658733
-30.703683312924454	9.243046670265473	3.5789143207108074
-29.976218301698914	7.731917018261048	9.218619103248965
-25.063988453071687	11.5044777113559	3.455083032303782
-27.156852444258497	1.2982450725163783	9.004182719316777
-30.125984707535892	9.12824875610301	3.7798631100983906
-28.8528801245997	8.718165752135336	5.153312394164914
-35.294082008671	11.907760207823955	3.917942886962072
-29.929854745915396	7.791208589343819	7.431458463186266
-29.312367608652806	7.777247806888117	8.1773063435531
-34.37340641775924	12.172172008760224	10.040752567030289
-28.600986756030245	8.876111024929035	10.369869490285975
-32.71504658686021	5.681002655746395	5.7967383872864895
-28.087190328805423	7.257785661760799	15.642073986626016
-37.07334601860255	9.804377777161191	9.310812483886012
-30.59847162591493	6.202612545479652	5.562441386394703
-31.28267565010751	6.805950246671474	5.702451319897966
-27.43301093672134	7.033403396029111	0.5186894539023763
-30.936630378821807	8.307481259982527	16.219744709685585
-30.366825161792132	8.990232375520923	11.586766516762715
-27.058201560727063	4.210521712582562	7.196480424703459
-25.50763048010901	11.904505077076944	5.448845064990159
-30.510271991325393	11.178386237633845	8.389519131010188
-28.170137104619307	8.584815960830706	4.41434988206119
-28.755475379879456	6.688868100196811	5.039462478010114
-29.59605241379511	7.672188420570599	7.689399243518025
-28.469292373020462	14.055639549865031	11.303844360984618
-30.332889100718536	1.4440911135222256	11.983255470706924
-28.704467423576887	0.07052897751863796	9.080273417486726
-28.811834358828868	7.443823278549869	8.510376097288432
-30.74107456005844	7.441637975911961	14.746509006279894
-34.45436479441459	4.193937285013517	10.774476217785097
-33.35179453739458	8.121429890046617	8.306618609997146
-29.782848584355076	8.186751917367925	7.953778293534589
-27.92404738200173	4.103586602726391	3.811601288253701
-35.071847059075424	9.955615715022905	6.2454255052106555
-30.496501347695986	7.350344331040822	7.404495946039279
-29.986236569613414	6.619758562131891	9.216150135384812
-29.26914778143643	7.083319669309861	4.488890799387903
-30.153569653965892	7.629811146874794	5.690948075782913
-30.4145126447445	7.613033653237121	8.186270632308625
-28.788821294220604	8.453222352814143	13.598354433483141
-31.92794689073828	4.392345131585667	0.970067908831477
-31.719158728681293	10.541242053352788	-0.3309950517576521
-32.218995477477364	8.636628347716465	1.7381412489140429
-29.261978834361734	11.538722083710562	11.251147001184966
-25.581103995861625	8.638022523229164	11.630240461032505
-32.74004383808558	9.182284227305821	13.543399140610749
-29.444420295495796	7.453916960034049	8.63257275904912
-28.173517794471273	5.149297519684412	4.7626175436110625
-28.217399282884177	8.649392440984968	7.012269985396335
-28.41103359769619	11.697826482644231	7.031884534760152
-30.591047944209624	5.294044057914908	15.088488602476481
-29.69553554180067	7.360289273022704	7.714042914440517
-26.364545793305105	11.849899318870655	2.7051154249817584
-33.26428846754288	2.8525773034163766	10.021859866564732
-31.941882942240984	6.163409569109438	5.505950517290183
-34.864075808232904	10.840009459331856	14.62616431067178
-27.176782468703696	8.221179704969398	4.828797223673432
-29.157401107134934	6.026418440865219	8.884336826698846
-31.342255263161373	7.9968380862050426	13.578062450585875
-30.703538292552107	7.765020996985931	11.609267767794734
-25.25538253089353	8.442574225316866	6.7810478186134056
-29.799197973465102	8.730936243971087	6.5191420087424365
-29.58560764842229	7.981862582559263	8.749453237086565
-27.943984994720918	10.606060989896642	8.474970805807006
-34.63192107913886	10.88108511670442	8.44254253972215
-29.036666238459926	6.59883540151835	7.2485236308364325
-29.290498305514085	11.480099491329714	11.356160001000884
-27.115739911922578	11.385832089347073	9.860295569565348
-32.79737465463681	4.468134681161116	11.190970423746942
-29.999716529814393	7.330159385615911	5.5465507570227786
-31.074648989226795	10.13300959942558	11.97969246866375
-24.239760890671462	10.096346168453845	5.951434967218396
-30.570287851640327	7.191740644587945	15.021989174366475
-29.90516532668787	7.3964471638171005	8.98627494136102
-31.271936960770375	10.79023942056651	7.218256779185761
-29.885233433626038	7.858131905599212	6.524345327800749
-29.934012558686046	7.780554031038352	6.821931408454684
-30.09680679508759	9.06118887062308	6.812300464191562
-30.70746602873947	7.941290471357686	8.816060661339977
-29.621392451447523	7.509951017979957	7.532786103849386
-32.97483515368767	6.191365472152913	11.376360461221932
-33.260280779893854	10.389637879250435	9.246276103413864
-29.818295283190007	8.007569399081884	3.7802181108619024
-29.404583333194573	7.053030268461629	7.623196792493018
-31.562260663446793	4.590480337863273	8.799312112846906
-28.27953160320112	7.717414968461646	6.559988632727947
-33.906010900012035	2.3314064204736153	10.005690890851152
-31.205903186054936	7.114365233689303	6.753141472565984
-25.162542698086995	6.179456958907527	9.606506859068501
-33.3326059912302	5.228966903462592	2.6812826627722686
-30.653900425922565	7.182012497426854	4.014086005774496
-28.263447392928086	5.911800167288456	5.6825798756511805
-30.034228987283196	6.3679006365367155	12.05788942470625
-28.338262286379127	8.545031432886553	8.609738632006271
-28.279079868042523	7.725532629036059	11.378193406317939
-35.336691747032404	8.538741244026678	7.241808759316204
-24.744217671466206	7.017751565392247	6.438442794091404
-30.149698018251712	7.480129656936685	9.922008134001867
-30.68184096992808	7.989561331926004	9.084310224375825
-29.67389452862794	7.808252462263396	14.68150344554583
-31.344221744969627	11.736824893272289	7.454213420804108
-29.485462695183287	7.582025777815526	12.251076544762343
-23.871074199024505	4.250807394110763	11.243596154415911
-33.66555683283676	7.638312092460872	14.292557376658719
-36.982680701109565	11.175611586217205	3.916852034130707
-29.0516458949935	12.945830507757213	9.463634487143
-22.664314438562425	8.279906294928805	8.898835770592962
-31.915709327216145	5.744706275561628	3.6836244596283816
-27.429554215165453	6.143248307707215	6.840748385473148
-29.91618758408831	7.100906776202313	8.263069446223616
-29.944353646040557	7.79832329464216	7.861476483761269
-30.429805473826626	5.95518285726574	5.054886596262056
-26.130337737999533	7.605451692128094	8.147235799078516
-24.126121128412667	6.1954595780469806	10.642388013152665
-30.404673356604967	8.772350307087832	8.122345585683451
-29.45430624819731	7.746384951425816	6.971660104146851
-30.20163487528605	7.6365588864266725	9.228266542099448
-30.444164082937633	3.054168327831433	0.7572028838176212
-29.84884811443757	7.740137516285812	10.798844546259476
-28.452699267236195	7.236425575909409	12.650120485005765
-29.92620474381311	6.666980599899391	7.541477242948492
-28.220696492189102	6.388110962878162	11.069186236286127
-30.18556283535687	8.086070993062739	8.064589773568425
-36.9144319455567	4.950883003377643	11.484439392883242
-29.657913413937635	8.01108392900283	8.32590876727622
-26.1185923791722	10.406660618592971	15.434328016656252
-29.736714376823723	7.738439586637981	8.425184075768332
-30.747179343731172	7.909731349116172	7.2293519738459935
-26.464516742737622	10.796480954511663	6.867352598760668
-29.161008468095716	7.789063007386822	7.653208762481819
-30.261251057095752	10.991832798701624	7.729209040896101
-30.54522440066107	3.1199622882616325	11.4477993506044
-29.240423246607474	4.633847335145713	1.9093583732289074
-33.03978053367396	8.215270416331192	10.80704011206891
-22.92837167109377	7.848144386092193	4.5995931552828075
-26.565298802888133	8.543775432388768	12.739330316959595
-27.19008605069598	3.8622749939616257	10.101475077575332
-31.039600356484197	8.286682243908208	1.672410723650712
-29.225853894503086	6.431997640282545	6.087108101711991
-33.40350929927892	5.4553434087196235	6.803150765085887
-28.851008430865345	7.242125900350395	13.10302666616008
-27.180097432115826	2.2438620765389636	12.656781651628199
-31.296645005924052	10.031254388439137	2.0747491006486642
-30.079870614450577	7.376599639681221	-0.31177071050001537
-23.207007403651936	7.410976971621006	12.871302092820699
-29.714942232388907	7.203107978194194	16.529630733925025
-29.91996169504302	7.8006674128424445	7.639063254177048
-31.22342416383525	9.598591894667436	-0.13709392121476238
-29.92032511514503	6.4823589247167686	3.5015935300903003
-28.52609498030883	7.6123935180431275	2.986232746645398
-25.36024019437226	9.143501779589462	8.870658318173929
-33.56087469986369	7.52838222593487	9.837701701150937
-29.887447237148496	7.4987645379554975	8.005552758457059
-30.008752016238986	3.784940772595113	8.209434272161133
-30.151042139122843	11.368992638995639	3.041382943221598
-25.699685006346147	4.549103946065299	13.724560034021756
-29.187652126983046	4.53076970409492	7.455674528209346
-28.820479421765764	7.239812925781547	11.04976442351019
-29.826438089977753	8.86204233667898	11.66454743186025
-31.09692923957399	7.806855070242154	4.590093897545308
-29.774398305379624	7.860202629718314	8.505158620612546
-32.19877423179117	2.8026761088276517	5.512174036495888
-35.706151028808264	5.948541451725821	4.67771605534371
-33.195963896806255	7.332696188911557	14.317002178175075
-30.216287177475145	9.24690522869688	8.034263669069944
-26.517866186808483	9.664906124680225	10.225479577072091
-32.92251807174905	5.889184256110973	5.427453459046781
-27.952487002838236	13.568766034950297	6.643031568743192
-31.07522054147549	7.938301394567444	9.766932332561064
-30.095560140753822	7.319312941883111	10.740690614239504
-33.58725313614962	9.187372880618602	2.737962149698258
-24.898398260924353	3.9936054870514144	2.068327752232447
-30.47689197415874	9.553382705042042	12.66998393830924
-28.309746981767688	6.4740863890378275	7.963161610767631
-29.66012346686286	6.801305258689847	7.926602932131212
-30.710662680158297	9.273922378060185	11.384639917706673
-25.902805688925604	7.400363917792822	6.8840380398681695
-30.436585149952606	6.749722950243237	4.038116725255955
-31.297140374691583	5.599179276572395	13.36927058021696
-33.57542538159264	9.023259460238501	7.597544194361161
-29.952589068264885	7.724984975960277	7.727094587681037
-30.67670968242049	8.256910333111634	10.267076262558513
-29.012215319869206	11.578274602014327	14.713147304687501
-35.59886502558442	5.946316704070643	14.377348082857875
-27.282470734141125	9.232752825014725	6.265356785126973
-30.241429337240994	7.875514323937309	7.204354786761573
-30.01608635849312	7.511829679166516	7.2414919236941895
-34.119774676124536	4.053013672951798	7.146686875661715
-33.35421452130462	8.90424545094633	11.895074631696199
-29.752908139729488	7.501892812475223	7.72157320636605
-33.82100744414652	1.539494415916237	7.672906919213817
-29.770062531571963	7.519598542034053	2.884140355876548
-32.15967258090889	10.0432847455542	6.192702202479817
-29.781447040348745	8.100716782425662	8.289217260002088
-31.678985641310632	7.678669739835964	9.236672939246418
-29.10488715923736	8.76072346607083	7.371078210493576
-30.313463621127656	7.719555178274302	9.700850616890799
-31.46635800551671	8.048816179920331	3.8378912859981447
-29.648447037815657	10.321540521964796	11.169576530984898
-28.385039181586105	11.036294454146407	10.133534778124206
-27.40505362283542	8.680110544572715	3.5907397606579856
-30.599671090556363	8.902949648790704	4.561115800425339
-28.48943023859864	9.754769369464052	4.866139773861623
-30.029519830665507	8.452135086507715	12.90793550987155
-29.60340871849586	7.692168361701997	7.55790414022537
-28.58838628836425	13.601900942337998	4.606702201542223
-28.68326865478502	8.22007470939337	4.0388871730990035
-30.371882871704077	8.649603945034718	13.112308133859958
-32.224969116806825	4.272222709831717	10.502924684852411
-33.130839872009446	8.941939142633128	14.613048782146317
-27.451430761500394	6.3047874465514795	1.7983891764978877
-34.25764457283996	11.01834467467917	12.977942073974791
-24.163447936984397	4.590512364719343	7.217442897681166
-32.950782571741634	6.526020438779504	12.488787116936237
-22.24571602589105	7.394300016801835	3.8622120743732817
-34.089523757804436	5.56253350735992	10.762726689961411
-30.3898321710291	6.242755682512613	1.6429463199354428
-30.866965648616638	7.175011177622794	9.477088833639778
-31.83225286165728	13.530298965468635	1.5954065291467456
-28.878635735336236	7.489636540737692	6.313501745114608
-33.88493405710292	4.521660677571099	11.017966660451334
-23.833501639996555	6.045210012423922	13.804207871191434
-31.708833866172494	14.399685561580366	11.262380003337665
-30.561080720894086	8.320994129984497	9.830244907061239
-27.76819621187056	11.537787798151676	9.993648458267039
-33.56772136311846	9.923165061502429	12.11233245615539
-29.553165253868585	10.756081269172398	6.949343226598214
-29.467722171179183	7.616657163988318	7.144373994032729
-32.080855952024905	15.64594183528914	4.087062927081783
-30.1692214053643	7.731936507694311	11.833763848228099
-29.85095882103737	7.7727048594829125	7.854091508255439
-26.84926208556329	14.715779733819605	7.990260047379742
-27.734845580664032	8.362313940322165	10.026804993107163
-31.385717149328112	11.632773477179775	3.4645202503588406
-30.341550277894676	9.050292024997725	9.131719432777885
-30.03716286568464	7.09321591260362	7.027010388213495
-30.055966616875583	9.16543752867707	7.8227879572224035
-30.149869300477153	7.426874615863321	2.257232805667493
-27.860241538935213	15.838992345194917	10.415394478635822
-31.60987951108163	8.117909522004934	10.991021114122113
-27.147835100783606	8.645004646912847	1.8470175513305147
-29.162305306012563	8.314932676544945	6.790889085422991
-29.062458832352167	7.669462965748364	10.733762727429525
-25.81410962440463	7.308417862709458	8.79747565608955
-29.405437203455786	7.6287782887907865	9.773748824913305
-37.342868081604465	7.084525625680194	3.2564300799648933
-28.994908648611673	7.880363839331696	10.744339606213641
-28.8614198703608	9.056209530223015	0.8213147909569205
-30.303616836044935	11.893398821280352	12.755570170579617
-31.61040626296731	4.956653020950349	7.131280357987976
-26.886600652401167	2.044732416080099	2.8021350134451817
-25.230401524507638	10.695350371086862	6.510883739553025
-29.952934631044673	7.814446634204803	7.759309059182004
-29.43101919301201	7.639256047580257	8.216553250670849
-23.6475848520169	5.615323220837308	7.931064506699502
-22.521461531920757	4.230018968990573	5.090126341685741
-31.459128456119366	6.090107663844069	13.970410779435333
-23.7253449425574	4.406645165028127	6.269311791252968
-24.37635379346853	1.2335640447985865	6.637722392775237
-28.950156105418678	8.820770242977808	8.819752690938712
-32.40703315360715	6.291201680026986	14.943136410807897
-29.991836584993923	7.79293123931392	7.78945765387284
-29.413423838103423	7.24478664886413	15.347480074072937
-29.074772420428047	12.431789857506814	6.836771732943464
-25.925402533997868	10.305913601879565	10.856181650914362
-26.625673311737984	0.6183441397996923	8.424309704009135
-26.80162532704649	3.7179547251537164	8.350171913612206
-30.124355066140765	7.73173160658507	6.226325534707203
-28.897240303985136	4.655488019174541	2.2968167849102343
-31.798946304788	11.59397280120436	13.532237319335232
-27.89295537371454	6.628792290578594	10.527949989096262
-28.51467993748224	4.153567267540029	9.477709880384925
-28.94578230612752	8.805465802904074	12.647914329858253
-30.174242017651	7.817281284448734	2.9292394208812667
-26.982323073917584	7.3893451629008435	11.472699789759682
-29.990713636356816	7.1428966469258866	-0.2500956321744816
-30.126451312488587	8.184430924880026	8.337331276491446
-29.640133525864883	9.970789752680277	6.980170618999879
-31.442922561970807	8.179549017782776	14.891252589739546
-24.8917437365582	6.513765373788466	9.017283437761542
-23.386404442427594	11.292831219541128	9.122452627077935
-26.92583798670902	6.68450904769683	7.442533188820917
-25.060943414899125	1.2381369616644156	4.177804647402766
-29.31801736672741	7.813146982541645	12.87274040736505
-30.122409588371916	7.67156161989868	9.689279882638338
-36.866297793576	5.732313124851597	4.452875978761837
-30.41720785464868	12.705588365247165	0.7779978356912158
-30.707896461488918	7.623484126817382	10.366990613100452
-25.78456267175426	9.299094598403352	7.0968909498311215
-29.563456997510634	7.497139709681802	15.293744065194826
-30.931902582739113	10.122315883949588	6.755754720466133
-29.715046312251957	6.580237659797002	-0.31426124923465615
-28.00422479082729	7.535566193890679	9.920595067906884
-29.7828786789991	7.699787280577506	9.814978871238308
-31.020716819544457	15.508917774310836	9.49962217127722
-31.21810641684293	6.712333550915324	7.941648753475326
-29.927717308550655	7.735218887508793	3.160727463217821
-29.975940424726375	8.03717854735184	12.76078879881183
-29.52956835928366	10.416484498333327	6.778004448531966
-26.04247303511763	4.795922930838463	13.930410319074197
-28.033953592775404	10.31178420234444	2.4228396902241913
-28.168082692484923	7.258869880711129	3.9760065150593844
-28.997815455811818	9.16682130917115	7.78427932533237
-36.18183710893743	3.916714562302878	12.441208454156389
-32.50757602139725	9.254777983054437	14.94682946795652
-30.837351148478284	8.686976476527338	6.489842099479953
-37.080603711674016	6.252848859963705	12.560071605342092
-29.56712809678831	7.773224092638164	6.470478066967797
-25.912605397778332	4.174487194639769	12.072518255348225
-29.643469728698854	7.554537303011866	12.815299101959784
-31.929052428451126	13.181036461075031	8.726656397615884
-30.56327623081053	6.4649814522933156	7.185897892676917
-29.844372468994685	8.182959642597945	5.887760097691802
-29.875826678466996	7.67836540509371	7.326237228176131
-30.158035024792284	7.516155442706627	9.023010592406015
-29.091300660395355	6.5096528264867795	-0.5387749219296669
-29.134009246216433	9.901447191590545	8.96052796568756
-34.66590502807164	8.763904792798316	10.541327793113084
-29.819287760129498	7.9871513921437325	13.762997297788688
-30.491963046393007	4.721351150178515	9.119413645417595
-32.777548813366394	5.348214661872017	14.57782145534601
-22.336280139324455	6.59601527563901	6.225044531026156
-30.029768796005804	9.510161063535566	5.637728364500624
-29.965875740427258	7.631370151073408	10.808901383764816
-27.293385954923377	4.995516603609884	8.502766718967525
-36.49483469106659	3.119475516186533	9.697808552470685
-26.33381357664358	5.0343107972072865	13.94165228898255
-25.25913329372663	10.904240301453038	9.123601796993617
-29.935305876242534	8.358898485847893	8.277949906249232
-35.64699362353688	9.638509906802835	3.433220096837693
-30.32362349637072	6.4440295758601955	2.560945024559248
-31.40963672117869	8.090488258282207	2.4509930632974584
-35.747868325298626	7.992350762291509	7.5840577565401
-29.95073812066534	7.948393633950986	1.809013171572186
-32.90612106277532	8.0546598047318	9.877095254179812
-28.819745816230064	7.920404753919022	6.219105803046522
-29.008902607451596	4.935214846447277	8.226317669497249
-29.60453745808739	7.458516963168228	6.3025847100634715
-30.394789693386663	8.18187738671861	6.22646834054475
-28.996627207450658	1.7456595497866791	7.500549126149028
-30.58875607167713	7.128230821266835	6.426371776070859
-27.673622397692636	8.048135608571252	7.297142045729508
-33.52219484572884	9.61804774810789	1.1941399589775425
-29.048233520551232	10.017238412964113	5.385427076410405
-29.947238556863894	7.740906588087482	7.973567564720269
-32.48787900851263	13.274765166105222	9.180092040031623
-29.72180263605789	7.711820112369417	8.454957887125143
-32.77866889228256	2.817751729178851	9.533515838286457
-34.05201059441864	6.135860396982643	7.850986068827452
-33.22238547584703	4.629767853859024	9.346200513664055
-32.43980430251659	8.406190488174481	3.52217694376223
-29.671844137798463	7.717917237541284	8.956238803526595
-29.889015920669408	7.290647241784493	10.287487779989785
-34.5563848292972	5.0388389653282815	14.994622953394718
-29.008086815776004	6.883236721136355	4.444775332398118
-28.251604341311925	8.732291143013828	6.737290324456724
-28.152213065902952	8.223335979919918	7.195835645131481
-27.054472193403388	8.966050643522857	6.029278514784397
-26.52973744941035	7.26327612484655	6.406719960521868
-28.711100510034868	5.03399852242638	4.925218154132604
-30.198946058571657	8.088809767212826	10.522970943200328
-29.925922681999428	7.799478474855031	2.7558161697072334
-29.82924744605473	7.802175933444005	8.092655370391995
-30.049774853914386	8.15227143136813	8.82122527271053
-30.21992868182426	7.654785000975078	7.134465451356289
-21.8293056662933	10.562266608252417	8.572258517534339
-31.455312584651026	10.657502355066983	13.903490449119424
-35.046846889329295	3.531895306164256	7.969485671508956
-27.101961958199706	6.411566323463433	9.831029944085445
-30.760146722316964	6.203619368764795	7.103252963979498
-29.879944046857066	7.648835965694	6.544895599729584
-31.72984453962016	4.135459860250365	11.174662429599147
-33.59809276507566	10.084812112235287	2.535729152542671
-25.19316797323748	10.933197263058574	4.914884159440612
-30.33108407689568	8.43466331104161	13.13179552819448
-33.68920830434877	11.624738887972185	10.75320651427305
-36.63146614964822	9.484379391153437	8.360461969273949
-30.497383885211434	8.328738451766242	0.2610921906988901
-25.677614249790942	5.364168519167968	6.069271419778633
-29.810299337594927	7.506272395820237	7.86469901701808
-29.50847893036678	11.351244790816391	8.562369061672467
-30.237484370845248	9.257157414437511	10.072990504486167
-33.14588907286813	15.63001534231642	7.750118447130442
-29.366738033506103	8.553116696420023	8.244621245273775
-24.742063143913878	11.214506228236417	10.881445588619943
-35.19106127282926	5.783811062858804	9.15708336032885
-29.851098311634193	8.081349422441122	8.639383079211074
-31.618606248020473	9.327575562246327	7.361893794580769
-26.42067273734469	5.50087989815383	5.459459049900017
-30.077466122935693	8.303397283538116	7.396752455916615
-31.594141610171597	5.473725621578485	4.451715672595241
-30.448192573572115	6.980921756569563	10.837895750382133
-28.891301681435007	10.69352492757351	4.488661013456351
-29.533559269414788	10.439427887708215	13.180534672862144
-27.370257802508974	5.648295019510869	6.971398564810068
-28.913040755105662	8.084750229762218	6.9133880786332735
-35.05489494307849	6.871797139398787	5.020364689979444
-31.261564034990684	6.143554821058568	9.811499802281487
-29.157303630056173	5.94317941999771	10.218735900866294
-25.292259395110687	10.140191079764067	6.486623703896684
-32.64207494053519	11.631388345695239	1.213413391740036
-33.771500559349086	7.009603608761496	10.640216867522195
-35.45669454011861	12.314095137965241	5.2898608828593865
-29.220538108470098	7.529113618512123	5.462616920242011
-32.85623908469846	8.74345588037322	6.737394681355289
-29.33976206679143	3.561517309340524	6.518168144953863
-30.118355151759328	7.694779940862838	9.110084859779667
-29.240729779269536	8.627555365847492	7.920261191786729
-30.072257143216248	7.638756042942114	7.482218248078944
-34.77745940291528	9.299873244988811	5.471649214547796
-25.165748632314195	6.277629549143601	1.1018839315840356
-30.366719655650922	6.817495982776633	5.624814245596318
-30.520034860884618	8.422231717109717	10.088372240510513
-36.84848146791451	12.024157953601346	11.592197975401298
-28.578322995543136	8.933184822834118	8.980702700909575
-34.35243529843684	6.129712759279633	12.593478916824978
-25.8339472231791	7.104270427892089	14.254062310808319
-26.42662141477293	14.091886050118141	8.669787144676478
-29.64165740915095	8.60142273762441	7.7090905402057155
-21.848028586385006	8.267050601648899	11.022946195661664
-33.04858041636729	6.013992103545617	9.074590186320572
-25.929049822477815	4.921656718818264	11.30500718987848
-27.025172815083426	12.594862420112221	5.67959952491999
-31.32076198977479	7.766729359875878	13.130226404199087
-29.706567724076184	11.010308293264442	10.01007435240857
-29.12055066426775	4.251390074531922	3.1388516216521642
-30.265180397476158	6.435057694694889	11.343976743223235
-28.0954357625986	8.388175270361934	11.697102473085243
-32.61173834821193	-0.40551022380862545	6.602235064410783
-29.902608233529534	7.7947576998913854	7.733248247410114
-30.969353854203955	9.392978844724365	7.489667338352487
-23.308132238311494	12.047323785350393	11.968252074691017
-32.5694026056961	2.3971364743945847	1.8390515743177556
-29.918320229396745	7.613929148140298	8.893806621410116
-26.578347617727626	12.749638527195131	8.801831607680832
-29.820351213744942	9.407480812476653	6.915134656610386
-34.8968835527995	4.255535467030247	7.021646059202229
-33.241144155653224	9.184901998752686	8.161806761469204
-31.6671162712707	5.245650769704131	10.073044784069685
-32.92887635131913	5.7139985178217945	2.0759698463404472
-30.365419055359432	10.70712731311962	13.264537639384793
-32.655780393392604	9.193834791428575	6.148841349490594
-30.437876558958397	9.634135961215502	10.340957749292906
-29.78876838910732	8.413937363179237	8.11205742837127
-29.69796333983503	9.825753421555358	5.726093432674459
-28.097337374216686	7.225689233129969	8.91285088817149
-28.421207482509995	6.602960248946864	12.601457966540991
-28.32357020274445	8.767460824547497	14.870945304096868
-27.68729772648129	12.481834806048305	13.008490898410411
-29.781730160899127	8.568364694694818	7.035550701931518
-32.876703159941776	1.6046028463575501	12.50629339769207
-30.48130359387639	7.257872222372534	14.766530149042257
-30.09201204386166	7.907716191359033	8.132220011987723
-28.304097145851117	7.00298005077379	13.506165986724742
-29.12915562635536	8.205170404972275	6.95994526901057
-29.547666722008838	8.07552251589728	4.907255940071556
-30.00717377692522	7.931847229661661	6.227389821707842
-34.379924334849264	9.741574753993591	11.832946580153184
-27.603141533594513	11.222536097730856	11.057391989592086
-31.781603897285756	7.502695743399248	4.770263065722269
-28.104660528084825	0.8002900911587041	12.043497196387175
-29.341251733256314	6.375493475685488	10.632302360719883
-36.41962552448572	4.474830926883005	12.98737435111411
-30.207395461735654	8.132634849463743	4.759100716181679
-29.676526795760875	7.818638489159481	14.46978943851666
-30.590179716501567	8.063306659540507	7.7150986931015
-29.137561303165526	10.257241440326537	12.631698256023498
-28.895079810085402	5.45983502511508	6.077333443968678
-25.056472368673425	1.659435445362524	7.446565018665309
-37.22961213159147	9.69269533055229	5.579234936679578
-28.275638573296956	8.157835323823527	6.592659440746601
-29.52763450320598	8.1265549977772	8.076043655403208
-32.37794193184088	6.17297781799957	10.424417850763229
-29.45564215953764	7.168995556612457	10.029188975490356
-34.74908659078452	3.662127967116067	4.607145904147437
-30.11895762264069	9.130609155445878	11.02645565978918
-29.934871265613506	8.415714364142929	16.247017997653348
-30.038457237313324	7.705901765018966	8.126398868758955
-31.65276698103655	7.8804519476817045	6.154228888241018
-29.58165179873994	3.854733027968478	2.959738002231873
-30.339856562336205	9.468791844894959	9.11156735525678
-28.968774659670842	4.6837913727390905	11.024319355845485
-31.183901011785647	9.590891846687123	11.594218786769584
-30.584172605007577	8.951089478167976	16.12873755960186
-35.50322423211691	8.880344293282356	1.8671327374393663
-31.101956716320107	7.480599729978819	9.113861526843216
-26.442418283523196	2.2773673790881173	7.419433318791412
-27.35393746345375	9.109478230128193	12.39072774464061
-21.596036626764338	5.8299127494054845	8.920287842907413
-30.666247200606712	8.023569051155789	7.167345750716275
-30.128722262829182	7.579646549128937	7.58536395519805
-30.203774270143082	7.808090709344232	8.827715446229831
-29.944495384982403	8.122071997850679	8.404883310399535
-31.003892309861538	8.312604094004197	8.75927873755431
-30.6973305915472	5.674166252534128	7.616272469312061
-24.10514754784663	9.578153911080998	1.658805787669345
-26.396927584099902	5.717432293498173	8.787298412047557
-29.663335760985326	3.940518405800479	14.984822164253602
-30.440732215784795	4.592044464516823	5.157191158755094
-32.757976748843184	2.9310281191608185	6.299516829377306
-31.85576208186173	10.807322109208911	4.087361602342692
-28.296916240845448	8.952200121933842	1.3438794062343051
-29.261941439513507	7.105885720476237	7.402614705441707
-21.677785216895046	6.30013181126871	9.452491907653666
-32.47924519275354	3.878292100210977	12.31529004216572
-28.448948898642175	7.485318818672904	7.212108420635227
-35.184621378348695	13.900754521107373	4.2618667595079245
-28.12671904870087	8.630806013875034	9.437872620786202
-32.355099803557295	3.4560738233016526	5.480766359381357
-32.43584481028811	7.746188930544682	9.22457185859524
-37.164861464627855	9.02613926225209	3.8132390591050247
-30.183232495116457	11.164439111961684	15.106126377176679
-29.088235761627764	5.69436386754612	11.457823046164368
-29.72403765749815	8.161112644007618	-0.3488439067127871
-29.963129152089486	7.820041882531749	8.4279974799133
-30.42015007843133	7.319614800446431	7.565322400723508
-29.201291349651708	5.720667390528295	8.761863182065014
-31.746998046062984	15.748095254016189	5.9024809607374955
-30.173878274191207	9.32880218317804	4.577533920699931
-24.085389764434378	9.223750998079655	13.743201606149452
-33.37802135846912	9.481349589893728	9.964970132380978
-27.226918981224568	10.871081549609825	15.272654913435185
-25.276275711299608	11.788845822069295	13.34622728862395
-29.483477079535355	13.987913887787197	7.259180307234262
-28.940052080337196	9.81870253838315	-0.7743713426036152
-31.495558491482463	7.304036556512256	15.533113038567766
-26.945774775431303	5.366103812446314	4.8008856005147535
-34.43401663973899	8.33493036374077	3.8414251380679776
-28.636468142168578	7.2499421975976714	6.282324342053321
-30.24943946827581	8.105601509617403	4.795294254145811
-30.22772444154672	8.541761898606572	6.736665205305501
-30.706859935674437	5.286631315547535	8.452118200851844
-26.80724609333543	12.538138354886014	13.309474060619934
-31.666552550108822	7.24505452826512	4.018754646885453
-29.089366944609175	6.606799991441765	9.931861363598939
-32.03085774968174	6.2447846461709995	8.832552937924252
-30.37155356897991	8.81631923129326	15.12236804098128
-33.51663997254035	11.514620938259194	11.217998130754923
-28.520481758948943	6.956419301433576	8.880290071088936
-29.693781642468746	7.756648051525612	8.120351465773398
-30.3176801655786	7.5966042016186455	7.748550362574631
-34.02356680769212	6.8019541527510885	4.794240175802147
-28.20857034979478	11.975432050741354	0.9021240365283854
-27.711600559305452	9.267033845278203	12.22764808980483
-30.683579443095024	8.832673999506252	4.355868996103007
-26.103873922992996	9.143698667948277	11.006222648205561
-27.175015460762992	12.912247522338525	13.446417422953502
-29.836203272069053	10.582785931242721	13.283393992340768
-29.93586508926614	7.790634975740482	7.7861438640751786
-30.11749214844344	7.587298843731343	4.894535311541649
-25.78069869693023	6.177586489864109	2.855524120110772
-25.04245001358605	1.6119504813092513	12.06629906868825
-29.9405567318192	7.808990612792052	8.22528160373226
-31.430437570358333	8.124275514471316	3.2707276540268273
-28.13744632676216	15.66332945563704	8.122639060498894
-32.60692728932107	8.580125028871336	14.959477392445947
-30.580150706470018	14.177723252355428	12.608927031359208
-34.27264196404178	10.782991272497254	11.718091772456368
-25.561574403784473	9.655431386805091	5.737923047443256
-27.482274708739723	7.108619057630335	1.172284578989764
-29.641721402583396	11.761848771331323	11.782997812007837
-35.709700805464124	5.096153236226709	9.445981237947997
-30.122795750297772	7.830266202726895	8.210617583128696
-31.773523712230787	13.485223938829847	7.157897702892932
-30.349651937975185	8.312260631249874	5.3255487009322735
-36.587784679709415	8.96615489103747	6.22065395457321
-32.03815350149141	12.782774921888077	5.774783573250257
-32.702852871202644	1.5059535716780381	12.342949958050617
-31.72918816204472	7.8822607721476805	16.007931010977032
-31.133203094880987	4.845259377824068	6.434367271088687
-27.4864304072699	15.907488069444444	10.183433361108435
-30.78449340496537	7.8493535673362835	9.27087679182944
-30.642913569889224	9.058425836797445	5.629472084592916
-29.920344203079104	7.9270579519642785	13.721273639612328
-26.717204532593062	9.42219493381406	7.972518683114776
-32.212944830992974	12.609877466134776	2.6046880983090315
-29.41435318266193	15.159058585010614	9.800465639729923
-29.93969658026408	7.585714188432204	7.674310989543643
-30.21952823334807	8.251482382720345	6.862524238530366
-30.788402902479312	7.8110853872034225	5.558487742388431
-29.93594055803552	7.8070048363387565	8.104728400865016
-32.768447284703676	8.372081492933116	7.180482289867728
-30.121244031060986	7.745945985699378	8.84573741268906
-27.02368623442735	4.039721321915794	15.156070503791755
-28.859596655022333	7.8056731065554965	5.265141676897083
-30.339248782728696	7.8533649741459195	8.68231476025788
-31.029994421012017	9.173335683271066	2.7934951908530588
-24.924279669545626	4.309611784468576	4.693425500510405
-31.312661954704406	8.795699080458107	3.1457630441723943
-29.33431992010771	7.807629193869583	10.85449616718033
-30.304713858061454	10.049442393054601	11.30254638543865
-29.102976809864735	8.80367400502856	4.260466795422472
-31.09482459963296	5.126431037542478	7.191066290298017
-32.104369828399406	8.076684553092086	2.945484549605755
-27.415432554301752	8.260376035765029	11.530511560108899
-28.753806774246403	3.6077696884683093	8.980766492809911
-33.86258170880287	5.751959132944517	2.2581294614460896
-30.29883773840903	8.018969738007446	4.343352892333422
-29.638788211462195	-0.6181096167589297	5.2928797927805435
-31.662497042049203	4.591441753845776	5.926174473528281
-29.48789976442607	7.934547027572239	4.139305562218041
-31.146077524266257	6.851913061979935	14.92620390417283
-29.395431510883785	11.446131984413903	0.12466617862232443
-30.200073644561314	9.713656401020765	3.0224061266911386
-27.33508480461659	5.226846914093242	9.327302783859743
-36.819240085747616	8.775395337416828	2.3608387225949157
-34.711521600783115	10.559736071766231	5.423040067062113
-24.66819975799824	5.0630869415788995	6.546257135716928
-28.441441142832133	15.752019750437258	5.872390350646693
-29.864330660241517	7.519902447770099	4.429231546071968
-31.249988720222117	6.339739843982884	5.354601040438023
-29.787893992690194	7.500635646758165	9.123285910313339
-28.64470885928634	7.204744296427416	2.6013160496198493
-26.682506181848762	4.9475106123979895	12.856339413532659
-26.451757316744605	7.632507598638919	6.421963136118995
-28.687711466196088	8.945796118283287	6.441103592607953
-30.43872145859937	9.435831790787816	7.7520142837892925
-30.239380459849468	8.125117899851857	-0.9330885885024038
-30.3280154975383	11.207020434144194	13.5728019530851
-31.001100564258532	2.592357565356153	0.6238365778395343
-31.872316769105733	7.131384980656372	13.881896802157357
-29.972932945899124	6.646498239209812	7.945757457631358
-30.093516627237733	7.7197109626824965	7.728723815828689
-32.11251697321824	12.848291887309344	5.201945951440309
-27.212566168511824	5.755376352455192	8.921581350927903
-28.412960286901264	6.017250640752374	3.9553464764111728
-32.083993551893066	9.605577887562774	7.719823494033694
-31.266997145475006	7.259868968973123	6.92259568784063
-30.539102397287465	12.564243685350421	10.506221992059682
-26.91735225499191	4.0901722625887205	11.099289494076451
-29.733591924101543	7.864805345501406	7.92162338058899
-28.493887279464776	5.641903582883977	6.8083041451401405
-33.657827621340516	8.459984291283444	15.669475278587061
-29.581517722902937	7.576199335635665	8.231635027144296
-30.43776134097347	4.493218194359881	6.314818969456394
-28.185237707942605	7.051662161091911	9.478074427978846
-32.34654519284668	2.760510657901131	10.24378392922933
-24.14530508487892	8.233912709719235	10.515031755632778
-30.586448750527936	5.525347779566783	13.554853061387876
-31.114990308549416	8.922545079374668	7.455313700588413
-31.475289206849986	8.24876496954908	2.208127348204295
-31.334515988720923	8.747105710619893	4.863891280177489
-27.234105444610844	9.95925219828148	13.269618529646504
-27.84943747696497	7.139818255651148	4.4504710363469435
-26.194381804107763	9.88153273314301	8.408677922771215
-31.279010678393956	14.524334775814598	3.5964382183469903
-31.655612133265205	9.184040801897265	1.585862295264529
-30.998756278550122	10.501299572980285	6.146919098966636
-30.59357618080218	9.519751947299792	8.772883142263359
-30.169288938005433	7.724292452969966	8.154891939187335
-29.40175980981525	8.442922652112095	6.195640266928423
-29.63309946814856	7.713764246092351	8.614113795176136
-29.217856805044043	8.2683299999117	10.168295312895742
-30.46724973726233	7.691195003956737	9.892051035963695
-32.31399029477339	11.66590293251838	8.70550674019608
-29.766196419017326	7.454038056716348	7.578468236095252
-30.577682018373864	8.343331367270638	15.063851643409286
-28.258671235925263	8.825746082024338	8.927208331176272
-27.55998043123585	11.092908604289534	2.187157119039478
-28.77600509540512	8.271968306280732	7.322580736311281
-26.919639325304278	4.990132579555351	9.463738649087052
-25.708290801325614	9.791830338217606	3.716007548959735
-33.034111820944226	10.706259441421736	10.455736387289058
-31.84351731470806	6.988504609642468	10.352517044138684
-29.899949474336427	6.984197944368561	6.859081162740613
-30.781128861285584	9.326636363207545	3.885300599323547
-30.622591926125136	7.141928381280113	1.0121777322217316
-29.372259412239455	8.010375295317454	2.3980792817601637
-31.85708143489227	8.571549821855633	9.060645732377322
-30.071785270667643	7.984190047487322	8.159355718675057
-31.905254350032703	3.0041288698924626	14.2246283451386
-25.404307605232948	12.637076824275837	2.7282220320048793
-30.73862690188955	3.379214843312293	1.0000323204176507
-25.323339729898922	6.471273690669809	10.177542069656832
-29.46599711470564	10.753371825250404	5.457910282685356
-31.751276430709527	9.236707146844097	8.859219269228149
-29.929536496828764	7.793348913043426	7.895579451909774
-25.763412929061673	1.9692500605192027	8.170607519706213
-27.715663475655134	12.833061741805524	8.035060510580106
-30.417918835827845	3.3388929118997552	8.77279672775209
-30.586788477639434	8.961406894163838	8.998606755009364
-29.65784109854761	7.663128958210302	16.007784129297164
-31.58466786615825	8.139970948978743	11.200365840937673
-30.80801671520314	7.932076597150333	10.758255603267582
-28.165328281107264	7.989891127518648	8.639330597769
-31.469192452926425	9.326012957769205	16.445770520666976
-29.94807853300207	7.790465373301899	7.811193585339941
-28.696807359677848	7.8669607808990945	7.339454012608727
-28.093198194927602	7.188010902875436	6.0723933984702185
-29.815871290664624	7.756561265589652	13.61387652320456
-27.95795602762447	9.489186046280805	1.081963320248314
-28.466120132108966	6.251160675039676	14.618686061235941
-33.196717366928944	5.440599241715422	6.787144351082745
-29.459912926549567	12.126034265765107	10.305499016116581
-29.55099885014426	7.602318855667603	11.150211521546307
-30.06660268664193	12.958523788841767	3.9578551402051136
-36.26460914020558	8.84730896974133	5.3104326176205
-24.21419634663653	9.753788074646772	11.73993948460153
-34.718073400148576	11.633480603088248	6.704157623738898
-26.296381585934245	12.599488736004565	6.348712039081784
-30.006627515122794	8.202436201294612	-0.16562069665918955
-31.889499822475777	5.845453790701822	9.09881618868302
-29.962617376404957	7.852625911662169	9.015872022226443
-24.060407655834226	7.4191925431262975	11.428682508026146
-29.814102213126265	7.75534809880763	8.911814166488153
-29.978094043171932	8.17946967181209	10.169795267466112
-30.61953093721763	3.255092052244506	9.95181374153056
-25.3400607593141	7.073017649441457	0.175454219909982
-28.523758955250855	7.9205296854196385	7.15413728643373
-29.945699966371436	8.037810911938626	8.02388750239546
-26.156499218857526	10.920457513645651	6.279131896918004
-29.272641864189655	12.00623944561732	3.197634862358388
-26.707145333319087	6.8866730373714535	10.100065425006653
-28.369916456952026	5.935528932540233	7.497107768205974
-31.02140052204939	8.88812483607978	12.305284839897752
-29.670893135587338	7.347226308047447	7.951791310414969
-27.421275769111574	13.626462324880459	11.19728836702781
-31.86100995004056	10.800751101515406	11.430701764616654
-28.99602028236015	7.754602298370286	8.316677469418911
-27.665966877835498	13.041036743529968	9.780600152246341
-35.20269911519096	14.126939405215468	6.9031885168188545
-29.244445131259102	8.834931202835834	9.311015878837841
-27.948992034243854	5.075939941078806	10.505339446781417
-29.776969478890376	7.510413694356505	7.073272343665687
-30.220200677013832	6.997514175032492	5.716547043391593
-28.38869259930952	14.298265135010448	7.997505741131441
-25.940686311233037	6.538158730087942	4.201424954209503
-30.33520031026993	8.028257622068445	6.883391817392934
-30.29728157983633	8.64009791269147	7.36898171005913
-28.489298121951478	10.955683347481894	7.658733519982578
-30.23312231316012	6.702327006046325	1.9583131768591207
-30.67264290795383	8.762276321436863	11.247033390000327
-26.618468693905275	8.93133572514568	9.746039494125945
-30.729660193224415	9.266666982626317	12.948253573967882
-30.02065947348339	7.89072258716808	7.358612377706522
-29.84388236653295	7.723664192512956	5.591625775325296
-34.61831515640202	7.139688012859185	4.394409225061581
-33.55413448577069	15.665998297059541	7.149536500791001
-23.538115759820254	10.792159081407378	5.059501782335653
-28.355872234140435	8.033972551669809	-0.799230092537023
-24.469277952639388	13.204082875288428	12.352188444683698
-31.99174161145813	10.937611363787905	2.4549462958303288
-29.915271199796237	9.58984505566013	6.802021361908672
-30.9829061277896	5.542928922936819	12.121483147145934
-26.733366624743397	6.320261387552032	2.125948665379619
-30.08753033187471	8.200937921936845	8.241292510765344
-29.486081969462163	13.554040199248035	9.541655228455884
-23.774087750900613	3.799904278711079	2.9279161987382727
-30.03154778343697	7.9416465704614545	8.386843756062905
-29.085937469935203	9.581607552716669	0.9205805696109772
-29.503977575249486	7.847188401536792	6.986772472129144
-25.03776686009942	1.187741920875916	8.320954797472773
-35.24411871710275	4.162077307845082	6.645108099975422
-37.19484250019108	6.62673569618959	11.33704420312978
-29.399906270140555	8.083317212999532	14.792249142845453
-29.83692783674067	7.778981524244016	7.7480036588846986
-28.70149290586859	10.47144704648289	0.2103856803231796
-29.074428379577583	8.096406221132169	5.222259021485103
-31.186243905913145	6.858665127971839	16.570244589045345
-29.66575281106187	8.315842601881938	-0.4080470401645968
-33.18252359709915	4.319040924600564	6.7125684185691625
-30.379509156423467	2.572287217911523	6.655412450914423
-24.282490812781212	12.902298896351116	6.083783488601464
-30.49199815741061	8.162734126273323	13.422745966592458
-31.70843125612646	9.095773626208791	5.420783229156795
-30.075290466540437	7.75663238623813	6.5384770529369165
-32.40784012860009	2.962843916784397	12.264482712693741
-28.881119313038987	8.65587780240607	9.473228797874771
-27.905423711767394	9.137553057795548	7.727286457866123
-31.27171011392956	4.962196367161036	3.6305266216776797
-36.79044449089887	9.620521600589687	9.879882069742974
-28.937380749923353	6.362263400104614	6.883839892911056
-32.47413998017555	6.00688110304818	-0.379378365502248
-29.950926399292104	7.797794733151523	7.759642311930469
-29.000781738622976	8.996100905996625	6.577685216206454
-29.366712174674685	6.0474481713961135	2.0982490243769947
-29.80992320909921	7.786864183267544	7.470061768268176
-29.311485230616483	8.459907275484227	8.102627693646498
-29.838543394462846	5.95115087486557	3.084439248189395
-32.35196871697657	9.186051107652398	-0.3781864993641104
-33.529774232664906	9.85544148331375	13.62049558884267
-31.024771368185334	6.058960996426765	4.891418322439675
-29.02073147638771	8.371517540146588	8.198677395674139
-29.769192402011377	7.967631060198701	3.678525258915184
-29.970945277384548	7.94421154653607	8.489943850819271
-30.54976482444497	1.4915042029779642	9.873572486970383
-29.31203410418936	7.572920391841175	6.694436095672118
-27.892311921504792	9.700771664726908	5.586855572913856
-29.360059831558974	6.250314743306144	12.51028672731357
-32.09753011236551	7.406846440571817	0.9648736289267106
-30.018446657181386	7.453796007518418	6.151240410764537
-24.862495944805442	5.136338081392589	1.7210706935414155
-23.514003151616382	9.729499131005042	12.626229098099236
-30.303453617004212	9.443133611316254	3.1083593468389648
-28.92491979249947	7.868918667350351	6.172251940019606
-26.822575941516003	8.08795801530588	11.242006427850423
-28.71970097682539	9.403803231937479	5.737237151449554
-32.08317554704642	11.819376187657141	3.35721011456231
-25.861843882578484	5.879692773638703	1.4214068083759397
-27.484864646927438	9.025874099708954	10.729943404828735
-30.243243250145245	9.956003496201635	5.951041342131901
-30.71901998864104	11.499818845340501	4.566280720415843
-31.470640601406743	8.622476214323497	4.525204009122989
-31.098653413882726	7.047347785657329	7.307913543166687
-30.851715671002655	10.286787539447415	13.186934711486924
-29.98858314824034	7.552060263314004	7.810203130405106
-29.802162081235814	8.616316029390264	7.456282716702051
-32.084679924532125	12.679903656765177	3.3649359263630334
-28.057077393100872	10.479104779318863	6.42648307817496
-28.459135523291938	6.773274615649536	5.419066299102789
-30.069892546654362	7.892980061960503	8.54221604337081
-30.641640035525626	9.426812383357145	7.485589665621624
-30.097448384870887	7.891443465607538	8.812239714144244
-30.56304528575817	7.975657480329456	8.062534630758423
-30.785979018952034	7.786412430184893	-1.0780249465169192
-28.216750495219195	10.679577374576311	13.003944014947002
-32.73787516097409	12.611728888097472	3.2168097565336238
-31.030183013422782	3.302860034725615	5.314594936993544
-29.29810825918402	6.697574937349152	12.113917404684226
-29.86813279758283	7.8782328457469095	1.885618431061463
-30.482764784649312	8.08322178966098	7.849986544286419
-36.22806637961643	4.27762157142511	9.631604756609528
-33.84231330309503	7.327574290896569	4.493124974100955
-31.144413342038213	4.6397941508592435	11.364970231757642
-27.866302815203095	10.322307647987584	14.11557930211777
-35.40255767925595	4.410707792079308	7.072098634638298
-31.566521478885132	10.153552183500496	11.237991993272571
-29.94019774247957	8.0634664239205	-0.7009440086407803
-30.61184515250249	8.419246952430223	8.102867162517452
-29.881523873936388	7.8120223601781555	6.593198878235431
-29.84952035207675	7.531246666889619	8.8455431873867
-28.61376811317386	10.324903596576704	10.827544740334432
-30.563750489448648	7.523582763498425	7.540295336335487
-32.57709268319861	0.7314700805334722	5.821874335861295
-29.64711830975895	8.24970473208706	6.847926968563312
-28.986987943986282	6.937938895417056	3.772764847874072
-30.266589810907806	7.459427267065165	8.683351839187008
-29.665663493331106	7.125069470845564	7.495830549999758
-31.718359443424085	10.624194974187064	5.395435275458114
-29.323411676038837	10.402327977555235	2.263272557718918
-28.987325027866596	11.307905463201985	14.39916538401036
-31.07875939919482	7.703654569756985	8.707142656986893
-25.1753697668536	15.206763505225815	7.871038335145343
-30.0205685672787	7.014740703186915	12.445409327851054
-30.03938457951161	7.5697155804707315	7.332036938574472
-29.847467126378728	5.0100811199230915	8.665861960180344
-30.31738735108523	7.979340133889218	5.951758658640421
-26.967066794183864	6.505866540397479	6.3075376465899025
-30.126577349680886	7.68994680333121	7.683066201481161
-28.097879429387696	3.7290518342971026	5.9767545001608795
-28.405491960226293	8.043628994030655	7.470369297205291
-31.35141108872118	8.266496080788428	2.676952317436891
-30.71505458025629	2.8166906049820435	1.8940130178370076
-37.369393522510926	9.941137610666148	8.892005348719556
-29.251734898480883	15.489615003855032	11.878470088141441
-30.994897213350605	8.010372404664935	3.5978740579170516
-36.829343907758556	4.6756933729317485	11.378736456790303
-30.344964407137144	8.396356574247509	5.26829569888668
-28.415712019124776	6.106146235877006	11.004890825451938
-30.02798320315696	8.03035370251121	1.5395765975742837
-21.821979460200684	10.762787275047994	7.8499111827229555
-31.088565305318497	11.372425692645571	7.569243403560927
-30.17885684347226	7.647374033190125	8.60407135801105
-31.287098252923073	6.378741647757122	6.0461642052257405
-30.574243786346383	6.972394847134786	5.602358787150944
-36.236093106802215	3.663528386533841	11.54637185532399
-29.642435272512476	11.39417549298863	9.839885422927022
-29.33322756942496	6.638164592522605	8.380392674496091
-27.188726661841244	3.8252943118262697	13.360435465752222
-29.93495302854661	7.765074261370875	7.785903972185223
-31.053153041792545	7.3281300775318785	1.7750124788476462
-31.418801818440755	10.997711246586803	15.464627293242767
-29.537345450870678	10.166240356873516	4.69372844487141
-27.85571546246764	7.101051479593138	3.3182239048610818
-30.924114712318204	7.447768773419499	0.4063849738324201
-30.346163312132305	6.722642833602602	8.865896317740713
-29.828813576255172	7.619856674015469	8.724911552262
-30.798198228070035	11.962139045397194	10.413191522001947
-29.387932390220033	7.054622949840448	11.93687033588724
-28.160458155198818	15.725061447194747	11.448160591108046
-34.323011434304505	7.077199290316885	12.135836176887379
-30.044317550068225	7.042481571909393	11.646027376752281
-22.998216604009865	8.431981020489348	3.712502827275122
-30.183193828004484	6.695792933225999	15.770803032563542
-31.10536184116786	9.881265050568325	11.167635870634857
-30.381959535995623	7.391921953059386	10.322797040077209
-31.0102488154423	5.252217220620796	7.036652138355801
-35.928929688615945	8.398635825020005	3.5991491883440556
-29.631984096577117	8.470379542412264	9.34945062032193
-27.378917317981085	13.397171691248845	10.5612833652396
-28.250665766213867	10.244188037584752	1.7596492105990738
-29.937449414789064	7.7208971174799075	7.8690914108366865
-30.663892820433354	4.615737374957908	10.243441994623428
-32.258243771250505	6.117933870637016	8.666577235062663
-26.78592881563162	10.813539365569143	9.433579747412601
-29.64768232751925	7.325174028756195	5.639280463479238
-30.708828152578363	7.59716216364559	5.795715802434696
-27.167628416443677	7.120319817236667	6.831087909609362
-30.155366794463923	6.632032290373468	14.08901902509631
-30.997353068656068	8.160840278405082	8.27655124292962
-30.359404684085458	11.772783596463347	4.685945678468748
-33.47725162858097	11.522157769240856	7.4918772059551175
-29.91369215199588	7.791846502645331	7.228639571890345
-29.46035930840896	7.283636323794667	7.893918360518784
-31.213669560872233	6.835656991371315	8.2090165738344
-32.80837712842394	7.881070748764492	12.420781734925026
-26.355972909528553	7.0795090165553125	5.083042827155319
-28.545433239035763	2.3810016667139093	1.3523781525916583
-31.966403002068876	7.8904264512657	10.34453893516157
-23.95779002814193	8.85889852595868	3.3376849850067485
-35.51609174092405	11.247080968240956	10.145478017829653
-31.33299326941481	5.328482695773638	9.235152561117065
-30.140668518275152	8.07691291742462	12.391640292474817
-28.777966888132653	7.208150643375522	4.175093316952589
-32.967484923640505	7.798565325374647	7.597631920934413
-28.787660780563137	6.956389006852153	5.373386682187147
-32.08950042643903	5.049344176056499	2.0602522381168322
-26.919710147389427	12.78727509360364	6.529712697884954
-30.094531096111307	2.3475285998531152	10.96000618463421
-27.46206966403289	7.882025828536742	1.6861908585349363
-30.049988231204253	7.987286205054672	7.4361253383251436
-29.975660973916476	7.704133334908455	7.777047226649374
-28.063974297208436	3.904601414871677	8.234509103235785
-30.806312557513248	7.318473918414946	7.773979880729476
-31.774663172234483	8.247895217837181	7.64220217344539
-31.43818519249037	5.574869456292486	13.080408932702007
-29.838935670081817	13.151420076292151	8.079121028250642
-27.62933311135421	11.874039880651843	0.7699944817240931
-30.730093058008606	9.081182326598295	12.145409096516348
-25.73778056384029	7.441700344314284	11.28918489407888
-29.74343983435024	7.754013152676394	15.270273412380515
-30.192918395026002	7.898330567514683	7.512915943103982
-32.58669897384544	11.796759593538772	2.452999812689548
-34.93325156532423	8.379749438365327	6.542295180291243
-30.256164264049186	3.738940114988268	-0.2248392664917489
-30.225382211507952	7.981552278509448	6.04645395974138
-29.759904273423327	5.635558321946622	6.154289195648865
-28.347696739643883	6.870056648851445	5.882188056943434
-31.471327753290723	5.9291809722620705	7.233339199574208
-24.05590328602979	9.157485702895555	5.301850433642224
-27.670823079380128	8.263873926250062	8.79544041874083
-29.745941017268752	11.704255093840235	0.3548493478595942
-34.792150049677716	11.93207606268755	7.813782360050639
-31.42458102379171	4.924928177912702	-0.0019541343713518344
-36.76825557318938	2.94971490482624	10.598019092543405
-26.096696373601453	8.988098216210531	10.110726809375873
-29.985546611470525	7.7820782198744505	7.811149406054605
-32.254578669668874	6.310996130028666	4.438737914863639
-34.79887170714082	4.284076926662525	13.98501553791618
-30.553482350115708	11.414163367183166	9.147554065732603
-29.824766275133328	8.847090717503276	3.319834466658202
-31.767408543633525	5.920671679316845	9.000901563993684
-34.72968481287331	10.160552290416211	11.940619735387765
-28.60856632061364	9.878798840269141	12.147152267724174
-29.93098834859551	7.786128631872309	8.272812082307539
-29.824067499518016	8.074059826746279	9.711134342617946
-30.74218765407904	6.258662912061747	7.9357967851699875
-30.883400630370478	8.059148931072773	14.1710821294443
-28.219325246260098	9.986849784355009	8.014508535747925
-33.450199929335184	8.928011348585663	13.26099314901602
-29.214509591044653	8.629058352788599	10.645636585384418
-35.51416995808596	7.661161562263857	13.559685434136522
-31.231363314136015	8.906926689411781	-0.653665850317088
-28.173692436804846	11.830717619649764	10.364134355114103
-29.281295777863864	8.44626572516597	8.71539806367955
-29.439775473786675	7.0849181245359985	7.276536955522376
-27.978266069743487	3.830065567072524	4.144342102286821
-34.81047567496301	5.209815988371714	4.137358790073805
-29.295028601016895	6.809456377845838	11.826062192132104
-29.789212481860872	8.278026912908597	7.495135968920848
-31.413549877217783	6.3591314195389685	13.861307532869542
-29.955885319218527	9.530390616594785	7.557431279758416
-31.39144956767088	6.920913011407075	16.07344076035245
-28.270397640111895	9.985939884978512	3.9924251015930046
-31.054894399533545	7.845746081856936	6.248032995605774
-29.812920082619538	8.008714898704202	7.199760393146866
-30.22024090257467	7.7547416461515715	3.95001058275045
-30.324170354148706	11.245425038603909	0.28798739604827794
-31.83377138495416	13.692724750078495	5.580853663534616
-29.516153889275017	7.576123611099474	4.821286159451066
-31.227891337279242	11.611293795060716	2.5263089933096747
-24.60671591536061	5.916353134355518	13.889191099858921
-34.95523742870749	2.7008718845990893	3.5091684588753678
-29.936966457312217	7.794540149865189	8.591670925803701
-30.118581022292354	7.415973054849931	4.66135257068091
-27.431697170252956	3.8969933735225015	8.6220558499288
-29.58262393541869	5.794864284159251	4.609197439964554
-30.250517323414925	7.540740659769973	3.311899309342838
-30.008174482206766	7.696340960269297	5.996150641671372
-30.962930669638695	7.310915550465321	12.668847217841357
-29.933323696533474	8.111556830416516	12.101485613450196
-28.848756145500147	8.118059844597996	6.054614099904185
-24.727904611180353	10.780311162975769	9.552119597097917
-29.828285302248027	7.797247224897371	6.849280651343118
-30.647304145543934	6.123687454506091	5.233161388750828
-30.328133524902096	9.811293249057183	8.176841320723327
-25.936253248596834	10.841844596672676	11.858334026818364
-29.903392613521003	7.788688878679494	7.836389504599047
-27.85556783815272	3.3230780615466093	13.579961461465654
-31.6261233133369	7.270927964373154	7.92430039022076
-30.263921035498257	15.708955969875628	4.258252217803674
-33.35705542172164	6.931223550920263	2.2876385761534275
-28.264671883040677	9.076011204073502	8.243265245179058
-30.07734637878548	8.515363687398434	8.201996082226131
-31.058666773361885	10.879819504745726	4.76796227118899
-32.64344701160645	4.038543450891527	4.5605156308628585
-29.886255033793088	8.674095308937495	7.188340088159075
-31.802201586753984	8.659297811485155	4.491121583624761
-30.39417497767307	3.397841064002728	3.6353411585262982
-27.63498539127845	7.232333995039849	5.139994527970945
-32.754588106508095	5.752568469172173	7.566396447215438
-31.47907133588565	7.411765314806932	7.254254494327407
-28.856113359857737	7.548603234736527	10.495997905363511
-26.601129210611973	9.51039884844059	10.225831734613601
-29.844625831451975	9.045724472470885	7.545334987991239
-27.404914115250083	5.805344467952526	2.0564182406596885
-34.74431597744753	3.804979310051054	14.08223012253898
-30.101266933200154	7.657440367264991	8.401360573590726
-27.5462258701918	9.826386245189429	9.309057853800235
-33.67537907599935	9.815328486480485	7.655485785524481
-35.66836108953565	6.942888327376218	9.234011789447642
-28.826380033276564	4.722157962548062	13.226427153122216
-27.758654245165168	6.821782629697877	9.216493723046293
-29.946621574092724	7.809298691836583	7.302520840317314
-29.92466037148587	7.796302522371247	7.78873851968805
-28.853609675693374	12.184974455630272	6.261950398887759
-30.539897465527265	9.773933637954812	9.725096006898815
-30.970395400740756	6.12146933655076	5.74377802033694
-29.789200087225588	4.8058507127259	10.413035878672737
-27.64801538996198	13.005784683721977	6.934713801493729
-28.713816509809682	6.919556555095315	2.3827596475543737
-32.26983682650288	6.3290369688426305	5.046501144638668
-28.39131314703389	7.828313474138975	1.2386947453038557
-29.2868472597682	7.620342470786108	15.917607875836442
-31.726488311625907	9.853518946204339	8.561436727354621
-26.797806275638337	11.58768842906903	7.6919988051477715
-30.345207967720437	9.152522586141984	3.3818525759049445
-29.3559186735412	9.821934518718596	4.71597425493574
-30.472044094720477	8.001555975277514	6.729763298573038
-33.68246319899344	12.322864619946019	8.933953144235467
-30.47135285459547	8.60404790330897	1.455975351156412
-27.40352138305837	7.086463111715278	3.502944897692017
-29.81596249062076	7.69231936632323	8.126068932148584
-30.92796267896357	8.148422796663406	6.348738820164243
-33.03072712025477	3.662069477160622	8.992092749076779
-29.887715917989127	7.539982424681533	9.796118393960022
-27.152215159687156	13.89042276925857	6.073694357876156
-32.796274271047864	8.658578883305207	12.906122003168747
-33.73958044889035	3.866122904047757	5.04212604372211
-29.970397784848128	8.443722414570065	1.6840141361586678
-32.173066400107125	10.476733862131818	13.371975855213659
-22.98589421103475	8.671879900664237	6.446392133712717
-24.895197750639742	4.581335027772332	4.114483978112075
-30.573215817479355	8.121892119701098	6.858662897471855
-33.757913091930185	5.217195190560139	9.434854119812943
-27.56646102203443	11.835869260219049	3.7976414836230052
-29.31289745421403	8.2797046049626	9.492991975805857
-29.379448270295722	7.702211110434069	8.529045446490688
-29.484503116078635	7.81905779318611	10.83446993263105
-25.764754529593436	9.899682028143499	10.061331714160552
-27.187927256595664	7.412519729042083	7.305235117241319
-32.063075771371274	1.7722760873926964	8.53212216694836
-30.235921906598076	8.458189517739752	7.733629148854661
-30.267859286317098	7.408070603343903	9.142844487694887
-30.201464756852587	7.915849465914358	8.329761193805279
-29.892848274379613	7.852872645400695	4.954675432263269
-30.41883236305973	7.936461631653141	6.479855089161926
-34.04745789362818	6.998027205931126	8.892967875045596
-29.983914864894118	7.771814779490836	9.004089397291919
-29.994409370511647	7.169901033242029	6.740361693213181
-26.131285826133038	10.821726297063842	8.695196742486342
-28.979133724690858	4.675415124779143	3.978259455622657
-28.524575012068087	4.459528325813149	5.701801010714991
-31.82977790608421	3.22264631502758	4.355372332207537
-30.243809038543915	8.01788417827883	7.631153760132778
-36.65242312550326	7.552941963555852	12.842403272127445
-30.787628161222827	6.188721139350619	7.949486852355448
-28.1617735025809	3.6434767232725704	7.430756980544436
-31.39771473377641	8.565636189065067	11.747077462273626
-32.72118498493588	11.608288377821046	5.578912552537421
-29.895342387215678	7.917534572393086	1.0513534111144995
-30.991914681102347	8.431550049214097	12.756894467439711
-29.920715858550796	7.794810610195567	7.362575729228686
-32.468601519905576	7.474114641909868	8.850892895866284
-30.196407983636743	7.81918634698041	7.7626240237727195
-23.70275433832347	3.825997693960076	3.991234314356428
-28.29635257401341	7.568305379780788	15.37793207112535
-34.92885429303513	5.371538789958461	6.919209161883454
-24.30839754024935	5.7365555401099755	13.879581257335996
-27.8654556920568	8.779450127274687	11.874110680099893
-37.22833493592138	10.675435571317598	4.334424808471009
-28.824578451610215	8.784194751902834	10.818375415012586
-27.868671937931374	10.39062554487357	6.172863025190149
-28.93866993725818	5.801948248529862	11.86392618761625
-30.408645923345684	7.150398171096008	7.964004882132136
-35.31761800948972	5.6748263653132405	13.099980772822924
-31.699253720731647	7.626038699731159	5.327178346739787
-29.0844336135213	9.329891705892882	0.7737455919681713
-35.781816313346404	10.238892327116258	10.535602547527267
-29.927579706682387	7.814323830459444	7.809079351000486
-30.924149253509647	4.490365727461423	6.812267360073855
-29.3535397031178	5.639180329065452	6.722641965126253
-29.451211356104597	8.204382188354792	3.820936836836212
-33.806341826397095	11.92776905254546	7.252101343058582
-31.63027024462684	7.058032865238878	5.34547113518514
-29.572686185427617	6.540138970808618	6.411577340540335
-31.32402970895235	3.6716398987445986	5.254542807466679
-28.025293802983324	11.808614246172699	7.938895331139343
-29.613285780015374	7.674119618688085	-0.9557990890438415
-28.03842374837745	4.696888275643728	1.516070801143
-34.22274302838294	8.185066951226107	4.49044905886824
-34.124264504154745	6.075491204087571	7.345042946310268
-29.45244215590141	12.06649719780033	14.257878375528232
-29.49311485225445	14.311015341979122	7.269983195317197
-36.58221948219614	8.66104591300626	6.037804459754727
-27.506367924826694	12.862808781150077	2.848737926810899
-30.702992274706126	8.259327200580532	1.275308118650691
-29.06436186971619	3.9549268923733476	5.915988931698169
-29.53295168238097	8.530940120902805	8.90561105498669
-30.04352969525851	7.939595292234511	3.081207584560299
-27.68223694406622	12.347864837690322	14.537054919840916
-28.44735755594295	12.292056509963587	13.486728054093074
-29.531121305908748	7.791301281873739	7.335590471993001
-30.829878355612497	7.878982134782692	5.910621369374115
-29.821382302762803	7.70366945949511	7.867133235514743
-27.76929565025899	5.958771027198171	3.541512663579298
-31.567647286906723	4.347455868736276	1.4002181161149627
-29.99523739214201	5.348929978404874	9.374756046565603
-28.08938399153947	6.827986436239703	6.053715446387794
-29.981273764352242	8.862838716946511	4.969861055700578
-30.756714806433862	9.915171341230684	7.7211435098088295
-28.12981685526802	6.6202191301648226	7.843595345284342
-29.910088503207273	8.72535672720123	7.700740848349619
-32.88341018557674	7.806451158040623	5.423533753931869
-34.0548503988097	10.832403045391255	11.865598366340482
-36.14686033996209	12.29030273016436	9.836164343640055
-25.372480919294354	12.17594680060282	11.75172640757069
-29.162253209990972	3.3235172715164554	14.7917910091018
-29.933463462844472	7.802447604631599	7.8021282637129135
-31.112233885661443	5.0434635003474995	6.106589470024313
-30.366632943351444	6.552935541189859	9.927993505773317
-29.897536537602882	7.667624907410499	7.815356962740714
-25.574580645698667	9.203082561379308	10.88423181417311
-28.65875517771641	7.546718070934954	5.631141415408203
-26.294078270236593	10.455826045481036	8.983228813351564
-29.88162395454378	7.804168790186855	11.741542786964576
-31.126612368826336	8.189435636146351	3.482245869191803
-26.92349458523247	3.1503749744860503	9.911930193263133
-28.207642237849274	8.29731643579107	-0.035940746838063475
-37.29918655571254	4.612213991768025	4.892745477768944
-30.34460637802316	8.058447993032491	12.131823393758445
-30.797151941214857	5.76652207987804	0.48648876705986144
-36.5346091774509	10.49002703028422	9.33733257076038
-30.590445867576307	10.645804041473914	8.909916137508407
-30.106337460386072	0.8526523189501223	9.572676747365156
-25.0027998447745	5.349091896650129	5.916211020558203
-33.07919312845769	16.16328077749566	7.420727088003629
-32.31364430669186	9.15777438767055	7.221753206082358
-29.88576748328887	9.916739971332834	15.25524932881753
-30.528780276576164	8.890252833259598	6.654683372592355
-31.51709873677473	3.694990937342812	8.936379908497512
-34.56521952415935	6.4152647257157245	7.890341822022116
-30.113741862662565	3.8672222694879625	12.245014126665449
-36.10751051825149	3.122726147919317	4.097446307223155
-32.58326745556534	3.9595734040009245	10.683233275633608
-29.933202105747856	8.448568878701765	3.249534830640102
-28.576045526101215	11.398719824869026	4.009901415174043
-29.843297249025742	7.768601526840069	10.034523355206897
-29.86623888325835	7.9022631794181	-0.7950351486212668
-32.09654865207858	3.8908266671666603	3.6006306067611025
-29.667585517087023	6.454473067843451	2.9294971047838683
-32.13244119881961	10.32578542702889	12.494507120213338
-28.308531636015122	10.333453743790159	11.183503300878998
-32.15614008793498	0.6704588385964323	4.483584404640608
-29.62820619819759	7.643323659096165	7.304580246312976
-30.878913578403175	9.063647545594318	3.8190835268834555
-29.640264880425434	8.03139637065288	3.368732916581627
-31.114598773859196	6.246353586862925	5.922146632689677
-29.511311512758265	7.536569428512653	0.8683663871729941
-27.816376597240126	6.264172718561365	5.36988187355402
-34.42750103097304	2.932006848204953	7.112055260081229
-29.38002154149467	9.026593082554236	8.804101428706723
-33.69631120126442	2.2898065040921285	2.0144569690160576
-31.112516748189538	6.845936374240306	8.518018619354695
-29.16868918651241	3.7645860777024724	1.9992142483008832
-31.474396599313327	10.756392682751034	12.018769219094239
-31.315289612600235	9.53654442660855	8.25082598295888
-30.081826031253662	7.437414800612019	8.434880833139648
-31.758282204111502	8.288106762281087	9.383638511848536
-32.29616547071351	3.2154446565378754	2.8100667494637426
-30.153162450557083	7.5222866652808165	7.577706634960779
-29.930308740271492	6.9628728303697285	0.14378013699387449
-29.944911028239115	8.379137390121183	5.054380939433065
-32.619611854759015	8.491752843500985	12.918579410308913
-30.552749351861976	5.4250832459135	9.180815112044053
-30.82241723488581	5.069479620318999	5.891461245793658
-34.685398470450274	8.421316342774675	3.334637877196906
-23.035822285176206	8.012714381779428	3.0498878998459666
-33.321008640871504	8.083528507237848	7.686134887121448
-35.55618819704678	7.414818216590012	3.622716531815163
-31.590428172286995	9.600998212105496	6.935809003046903
-30.901943709982746	6.396120637449996	9.609051180858403
-33.52487746440091	4.6906970489037505	13.38342677195971
-28.195174412613493	8.871600229599371	10.025251006315942
-29.871112409268495	7.856888091379945	11.033015515083536
-29.234847403134054	6.407949927731115	10.761390010161541
-33.0378874633321	4.553020394378835	9.322564261119474
-29.047060857883	7.7980389613172605	7.502340747900812
-28.880778579461683	8.265887622982678	7.759501240964344
-29.883426170727795	7.859348742763039	7.750629613114475
-25.59845401747323	7.542486961472869	13.021832990620233
-28.296964031523913	13.374889104047536	12.65103746684603
-29.805009581683336	10.665370311150799	12.367751829811718
-27.1702485120681	6.738214305140981	4.885565451211769
-30.076844240357477	3.0817128258744013	13.723221350152727
-32.028391898569254	4.339882050564684	6.423126522777309
-31.26681832349527	3.9191512029616082	12.142113154890929
-29.513518969659298	7.643610101945871	7.839251259215047
-29.964692487175544	7.706448196514835	7.75569855523943
-29.833917077007584	7.71620754205215	8.731276052825685
-29.461976301843908	7.151357525138673	7.7681651595456325
-29.33510240074973	5.780014573944395	6.167296305643324
-29.521434184875815	7.422586449227255	8.302081263918243
-30.846322714588965	8.101115957196221	5.216990976395151
-24.292713207123608	5.415264512148868	13.912902423282745
-29.01370816023252	9.434506495114453	8.233036501215834
-28.86994404904858	7.926542644091133	2.7503756272807047
-30.57193183863212	9.337185199215723	8.351033419494527
-34.7221990729759	9.316657929459186	13.108149326769013
-28.573786447171308	5.810303264532504	13.257996112281447
-35.50859243427607	8.285926975579189	4.664410922612143
-24.5884437166228	12.07341973339859	3.785827788660077
-26.70701098160179	7.865932484029098	0.7258596786401492
-23.93838246212648	8.799511083159052	6.874496929751476
-29.970993344450928	7.663098979299117	7.6598753866104685
-30.381669915817312	7.723689305148963	10.531576618506904
-29.699545192568234	10.946366596791458	10.593831957104921
-30.002369693908697	9.320109137473732	2.6700752214848658
-29.808922591357003	7.99548271512337	6.749258602648942
-32.966049769045526	9.06459297185899	9.398862327977888
-28.96355716447231	8.396826074337397	7.253078211330208
-34.16305117225738	4.882620777401787	12.952240737410385
-29.628239337526182	6.767286514082203	8.927749851333537
-30.927787840018333	12.195377110038017	3.1469105337733607
-24.50689038625494	4.131731148090788	7.825862274569778
-31.01964765054353	5.634881962706043	12.531302717532434
-31.42304124682184	12.400481267042847	2.303919796282403
-29.22069342698601	7.091615240293681	15.1591937821021
-28.955231113981487	2.79964160267751	7.498998502546997
-24.03404431038721	8.940323915492572	9.232791154618305
-31.09401183228781	6.334345452319659	6.666470600808607
-29.03079731651793	10.573829319576038	1.9490807844972897
-29.732471387915627	7.1011584755815775	10.853535830934721
-30.380759279276017	7.9586084673974895	7.67149583407188
-31.461374743842043	4.856985368468244	12.240809985297515
-31.082830332382446	8.117749821875313	0.36314109984556975
-27.539896219868883	10.198488977938169	8.300130536345213
-29.60529080496486	3.184669252500755	11.226161393400535
-28.91030414075111	7.586270637837755	11.827372972980411
-28.481225867083634	7.981267120678904	7.92617359297428
-33.524588900523256	8.215264498966011	6.80149899812683
-29.09632913669347	6.594229066753339	9.043194513731729
-30.676482069106704	6.822809388189225	10.765390800997338
-32.01915347439018	9.004970607761352	10.031519634588838
-34.25609956400945	-0.01061366078367243	7.102126655161779
-31.542169764955673	2.281715122510051	6.610306878900895
-30.035037996099565	7.814974115474822	7.7767960435249925
-29.661849297020392	7.755279122092696	8.694913849619747
-32.104987056300786	9.5488417937838	0.19881937975542474
-30.05742516941455	7.794511253890771	6.1130227425478125
-29.6244510850704	4.889218840576218	8.03077802110478
-23.5070838267959	11.786084759794907	8.64246183444269
-35.53068235501892	8.535481298335409	8.188807766690855
-27.512855659624336	8.605975155774306	9.197722058848496
-33.05304684130252	9.294354609991718	2.3059000406279173
-30.351656691482106	2.563189740667074	1.8900063367088968
-30.773196196602512	6.8506677300597625	6.099473330568776
-29.863072017562782	7.793073046092621	7.6071776453717845
-30.76958726671186	10.7431311878416	12.195479579587769
-29.84023702232617	7.881022086017016	2.331835000422628
-29.622404663608457	4.323732538443731	12.129018524466778
-32.93835433789127	4.446728157047342	9.967788461376959
-26.782261997542136	9.493165426153322	4.351768734978151
-32.35623559044778	7.092637667558998	4.848468902032331
-25.81699881162445	11.289936973668798	4.249801342890828
-30.177407367077375	7.787449219551242	15.040382730588608
-30.039685220406195	7.689994932668841	6.729739597108126
-23.75015846336005	5.131216290283971	7.121750183328196
-27.758353064461915	14.01460039870507	4.324150294201161
-30.57450887951557	2.2626124285179756	14.343026687621162
-30.788666685002973	8.356380557080783	0.8968409036743523
-32.12930999299377	4.871463266666332	3.369568153520973
-31.520063127713243	7.502495097151526	7.534434839812697
-29.393499831865093	3.2680023099780975	1.0078270094840205
-29.882620259744552	9.041364349581912	7.638539639631542
-29.705142019110504	6.858766488577866	10.061679604800194
-32.13004543231004	10.0024010030517	2.9628068167960757
-32.09653353107216	11.488432076206228	14.032332384378915
-29.978894816005365	7.677669066836708	2.43996837113498
-30.492380403711397	10.014830548296302	9.811335150382417
-31.428921649643613	6.599493663812996	3.526162635670757
-34.61334708674397	2.4215769452534053	4.928775646291069
-29.469250765349482	13.87897651832214	1.688679312249433
-29.42780964486841	7.451268056660668	8.635190374856203
-31.579159879351568	7.960878803550115	0.1819856312064525
-29.795116343449536	7.610100057675331	8.123728177533922
-28.0401812675041	9.657571541613022	4.777140090204063
-29.14637894443985	4.685760301738567	5.494352176294104
-32.593747318773744	9.295949654420758	11.322736513252647
-29.97108197543507	7.8807158560754145	9.440554690252423
-34.332631308888885	4.49482119514516	13.45190852778504
-30.134346787601462	8.062465576835702	9.007426449262237
-29.92252404306464	7.763403564618765	9.11139839816865
-32.177074192528686	9.367890616459283	11.541092274811792
-30.54432150640625	7.225691424999049	9.384224763068415
-25.060971730712126	9.256895701332706	4.783566213192065
-23.135990262709665	10.481489494367672	11.939155867293923
-36.02520675229052	5.9807520151194655	9.88801251035168
-29.5074761950611	9.091980890039045	3.510085231920794
-27.902375957340777	5.1077019801917904	14.016860665745538
-30.27318232829487	7.436691777368437	7.196278080891052
-33.92189536221129	7.222749636902424	14.371497389716827
-25.526274809564285	3.598116716289131	8.144488504716778
-31.571673264104046	7.83261272795661	0.8675235696738364
-29.215195014997843	7.854133609021143	14.711191857405952
-32.33578717204732	9.583717832395848	5.7671851526620275
-30.821253317502443	9.64138879447545	4.438801653444957
-35.908412081620455	9.01176371109654	11.173898908067617
-33.83319021686129	9.134031895930105	8.231197852948494
-28.214275427049838	1.2441311339343661	2.9657487882745084
-33.6545656172042	13.417550662194717	7.995371771634196
-31.78398859817458	14.86559483797037	8.734541414836096
-29.254837095628975	7.152960938886846	3.060225115758068
-31.80625031108785	6.258274055657778	9.050500959889753
-29.907330683241756	7.819154994486378	7.772066984345148
-31.50597752706101	7.601820955513196	7.869924494584123
-25.185550457176664	9.920205968285515	6.270173220454561
-27.69716177516268	6.754558451461812	2.323507113059028
-28.25964226871735	9.101712219199092	1.902559390398026
-31.363684954271687	10.994442812054757	6.448643598134019
-26.22352537627805	11.832735076264466	3.2823913575924983
-28.6467098106213	7.6054070094327395	8.867024074519094
-29.810611750248366	7.960892078984018	8.940379543725747
-29.113366307183714	1.813279640672647	7.036885701202915
-27.129815055974674	6.670975005623512	2.421820955033284
-28.352607772689996	4.644185204241586	7.989118640451708
-32.21027622307296	0.22191351068114784	6.072454950650771
-29.759515110925985	7.310794593925667	8.698770504193721
-33.61936749628827	5.2942984529363635	0.6328712103884016
-26.690688572130266	11.468697554327	9.439231851019446
-33.73898695288789	11.36890596980348	8.757449783366235
-29.24902784280122	8.932142679380442	4.83394502691814
-28.80898897092571	7.914006310849441	7.268982159909486
-29.31041855041405	6.5023074981457665	6.564981814008565
-31.767168582221732	4.620128712818648	1.0565421171777407
-27.36029731527008	9.346595835701187	7.236581227827617
-31.23518930995428	8.44430992166878	12.509026290692805
-30.75737637650071	8.12311413334063	7.1337749823201975
-27.457238579029987	6.354683841886307	6.060854716242898
-30.759326539245688	5.830404112621293	0.7709204189167247
-30.384750938664055	6.961204562722107	10.281299323523351
-34.08448406590126	3.098719045541025	1.7114989544049788
-31.112811140924496	8.39217616063758	13.041120173649544
-26.73512720219113	7.973703006990718	7.494932845543034
-29.947031889352846	7.8316006212460305	9.627557016501692
-27.966252167403933	3.51859735518154	5.562081404553581
31.727931158949136	32.087430737832406	23.71048794898064
18.140436829602717	30.645551209196288	24.297211472696567
10.65678269298255	32.377165947830576	30.63568553777804
15.410705093695851	6.86931740847013	38.752666659511256
22.53620252745599	13.008622939266186	11.61001680508145
8.643367016381816	8.49165612513211	27.572871617240157
12.702938668513113	23.985652882476725	27.083323231793376
1.546441540864425	22.77688392743533	31.96737302952734
7.73972255990385	16.093145889161335	24.04883909601668
33.81673893230285	10.253571018467653	33.65705726006904
10.649357932784884	21.139502705735758	24.768681141578956
7.1056480448974435	11.843370816154764	2.2942112475892174
1.658969714966294	18.014899055166737	18.311140001361128
15.375609741273294	37.72780582262516	31.73997194686024
0.33355306237247806	31.38010500544807	10.623773368450259
37.977052091557205	21.97284255265199	35.976552237783885
37.86374221348777	34.7476227341824	18.02743296288629
2.4210745443682757	18.497161195364647	5.30054579490328
16.25946145985921	15.787274922624764	3.212370923337109
32.91059037249458	19.634661388311212	23.31600123411612
39.59250559814541	35.47123450193111	34.857269728321405
34.25240074593658	17.720433001351825	32.306657881873114
6.3424532925551125	25.26136993519644	11.542664173189614
14.00873590047949	1.421954414178166	12.533801614491441
7.491827661575443	32.94806826316119	19.848212991923674
31.331974630434118	27.350846416911487	3.375634229660789
4.87219504897229	33.54824489885209	33.482689128577626
3.696720998925973	8.377901531433452	6.325452026688252
19.879145338843234	24.032437067951953	18.20338527690683
0.08629266953812831	18.694815503791503	17.42660210794736
33.41062196728532	14.44981821409668	27.225543401882277
22.697120142600852	15.29137697909826	17.155289068148953
22.810202835983343	30.979589090534105	16.18786788665815
4.021221389702365	26.426090801601006	25.572473940252472
