8	3	62	67	82	30	92	30
78	98	53	100	4	34	47	82
20	55	2	48	54	20	76	58
95	61	83	38	40	5	66	26
35	75	45	91	92	88	99	95
18	31	25	26	59	50	97	84
7	25	72	17	76	93	2	53
19	6	26	30	60	21	34	24
73	99	9	67	26	5	41	80
16	85	75	58	17	39	21	14
60	95	64	26	72	25	98	21
52	42	30	88	21	44	20	83
13	59	23	45	40	41	63	41
32	56	18	62	4	92	61	49
89	42	60	2	69	12	39	65
31	21	83	81	46	10	2	64
85	57	49	17	54	73	68	2
79	94	93	3	89	26	73	51
34	20	36	16	16	38	10	82
52	81	45	10	1	23	41	87
6	6	6	6	58	88	54	4
93	67	24	83	15	7	69	38
51	84	38	54	46	73	58	44
98	39	24	72	26	73	86	4
36	30	91	100	96	96	96	96
8	8	8	8	90	90	90	90
48	7	93	93	42	48	100	16
61	92	17	23	71	1	11	88
41	25	18	97	32	32	31	3
83	99	33	94	80	50	89	45
25	49	12	22	83	57	75	65
19	82	11	84	8	17	14	49
88	38	33	52	17	100	53	89
11	26	56	84	5	68	83	6
98	91	94	78	34	4	31	14
94	77	65	2	66	24	60	44
36	18	30	6	89	89	94	14
31	60	26	54	38	68	15	34
93	50	17	28	60	53	25	78
9	67	8	90	88	76	57	51
78	5	8	88	34	40	39	13
67	81	96	69	72	92	51	88
85	66	34	67	68	43	34	54
80	96	89	63	100	90	71	20
48	86	31	39	50	2	53	88
52	4	17	75	87	92	83	59
10	25	85	14	64	19	89	79
2	41	33	76	25	21	37	81
16	56	94	70	3	7	79	8
66	9	82	27	77	98	26	46
95	2	42	53	68	59	34	70
22	2	38	66	72	41	65	28
39	76	6	1	87	76	80	46
95	59	69	2	37	2	34	11
31	77	18	16	3	88	50	62
39	64	67	60	68	38	83	51
15	94	89	60	72	85	55	85
26	63	8	39	58	72	67	62
32	51	17	98	49	7	39	58
32	48	31	21	70	45	19	26
34	50	41	14	88	30	87	82
31	24	72	45	92	45	44	82
97	98	97	77	37	31	97	28
23	4	82	85	100	7	84	88
96	15	82	37	70	59	65	65
16	42	33	95	70	97	15	16
2	2	2	2	27	56	39	80
78	91	6	84	78	68	93	98
60	88	19	64	37	84	28	71
73	55	87	22	90	5	65	9
89	50	28	94	94	94	94	94
10	10	10	10	90	90	90	90
90	41	44	100	5	22	2	25
59	37	39	2	74	82	48	61
69	59	29	82	2	6	68	18
53	63	26	3	31	36	9	40
29	71	43	10	66	3	51	33
82	43	67	76	16	92	40	79
69	1	2	39	66	51	15	45
97	23	34	97	17	35	27	6
61	50	75	18	46	77	31	40
11	91	83	49	32	60	95	55
1	55	20	74	55	42	27	87
13	6	100	27	35	78	7	34
4	75	86	66	64	2	45	97
73	21	61	5	64	25	60	42
79	92	44	19	97	73	53	43
70	24	28	18	82	56	75	76
37	35	16	61	67	25	75	46
4	79	70	44	72	97	70	17
35	77	43	6	2	33	15	29
11	96	23	87	68	38	79	57
32	19	22	19	70	17	42	14
56	85	60	23	66	47	12	52
90	54	71	28	66	69	82	61
92	94	17	22	91	23	13	96
14	79	63	84	99	46	73	65
13	24	71	99	94	16	89	93
76	71	98	28	96	22	23	26
19	83	96	33	1	90	50	66
58	52	50	32	75	2	98	100
56	1	49	24	65	84	65	66
81	42	3	18	61	68	100	79
8	90	63	100	10	96	43	33
13	91	15	65	40	31	77	17
63	81	83	9	73	20	38	76
35	7	2	87	15	66	42	91
24	59	8	81	1	54	83	50
22	51	99	27	52	100	35	32
77	71	37	52	40	34	60	58
60	36	40	75	29	69	81	22
95	5	100	67	53	59	52	64
1	1	1	1	48	23	22	2
7	57	98	24	16	34	79	46
44	71	22	75	55	91	97	56
10	64	29	10	81	36	67	10
26	86	27	95	99	99	99	99
6	6	6	6	98	98	98	98
92	42	23	13	60	66	80	78
34	91	86	1	43	72	91	1
80	96	38	49	13	18	73	95
41	94	37	27	71	20	34	89
64	43	17	36	30	35	65	9
70	87	56	2	59	78	11	9
18	66	11	77	48	30	90	30
68	78	38	34	38	61	85	6
39	42	68	73	21	17	12	56
76	55	69	58	76	18	67	8
74	88	12	88	27	40	61	45
41	67	31	74	62	95	41	30
14	45	50	41	65	91	63	35
47	9	31	10	77	87	19	11
48	68	37	76	42	16	79	96
96	97	3	33	84	54	40	24
82	64	63	17	72	3	22	44
100	15	73	1	40	98	62	23
18	42	9	59	37	32	57	51
41	89	11	79	76	91	3	7
11	74	81	28	85	36	71	90
51	67	80	99	85	18	68	11
4	91	100	91	60	80	21	50
42	23	96	2	18	87	25	30
95	1	50	99	95	12	20	93
16	4	11	93	89	27	57	39
88	91	5	30	3	32	25	8
92	17	7	17	86	48	74	32
97	64	93	95	73	79	8	66
26	3	15	13	88	43	17	42
96	89	87	96	95	97	56	32
35	32	2	31	19	37	16	34
81	79	13	12	33	44	40	48
41	94	49	31	60	3	37	35
65	95	8	61	84	35	31	73
36	16	97	90	26	95	72	5
39	80	71	13	17	64	15	92
46	90	2	73	98	83	99	93
37	19	63	64	11	13	56	83
34	89	1	73	44	37	33	48
6	6	6	6	74	97	75	99
61	6	41	97	16	68	36	63
94	25	79	12	12	79	51	21
3	45	29	54	35	60	4	84
29	53	61	41	91	91	91	91
1	1	1	1	94	94	94	94
37	73	93	70	81	4	61	4
80	23	85	13	55	44	65	79
86	13	38	26	49	91	31	84
91	79	91	34	66	46	31	26
38	83	44	9	23	19	94	67
53	30	30	81	63	94	14	80
24	80	36	61	20	73	27	100
47	64	57	86	74	25	71	19
44	73	41	68	95	99	8	73
80	74	33	30	3	50	66	52
86	57	90	7	72	92	32	69
18	8	12	66	89	49	34	77
23	24	54	72	42	24	94	56
42	28	83	64	62	85	32	22
76	77	25	30	37	53	16	70
80	15	74	45	12	76	33	62
28	43	39	71	19	10	75	61
30	82	19	49	8	81	52	2
54	3	82	50	76	78	58	88
1	1	41	88	57	24	83	60
35	68	100	37	87	28	86	24
92	82	61	17	95	38	6	59
42	87	21	66	38	4	87	50
71	89	93	49	86	44	11	49
3	79	35	63	7	83	34	78
67	80	61	22	35	34	30	63
26	75	60	87	13	100	15	99
47	6	26	99	45	87	76	56
84	94	19	74	24	35	34	76
23	8	86	7	32	61	62	1
29	67	28	28	17	45	93	57
45	45	97	41	53	19	10	56
18	91	88	23	16	8	51	76
36	83	70	99	18	31	44	52
9	96	64	95	93	44	39	67
68	16	70	2	69	53	92	26
83	62	86	71	63	61	27	33
44	21	95	100	85	53	38	38
49	5	54	11	76	88	11	7
35	33	70	52	29	83	88	14
7	7	7	7	74	83	37	40
6	7	81	5	61	59	67	54
86	34	8	30	23	56	65	86
39	41	90	70	60	5	71	55
3	22	58	50	99	99	99	99
1	1	1	1	100	100	100	100
28	9	90	27	29	55	67	16
65	58	27	100	68	6	96	5
28	8	55	80	39	98	78	76
79	83	73	89	15	12	87	69
96	49	42	4	49	75	78	5
6	91	98	87	60	5	86	80
70	1	24	54	26	77	8	55
54	82	49	3	33	35	1	3
66	31	44	58	62	66	5	42
4	60	29	28	90	27	30	77
24	92	57	19	56	88	14	58
65	23	96	85	79	78	69	93
60	15	96	8	62	66	88	24
56	81	85	69	40	11	29	58
38	5	73	30	9	78	80	65
70	38	45	46	75	89	80	13
39	90	16	90	61	1	96	3
73	66	87	18	39	34	21	9
24	71	49	37	56	35	67	22
51	39	8	60	88	56	66	88
26	85	28	67	94	72	92	95
84	2	39	9	90	33	16	42
65	94	15	29	3	31	58	76
8	18	91	32	51	35	27	88
28	97	26	12	32	43	50	88
77	58	92	55	69	18	91	56
8	5	52	53	14	90	35	27
75	50	94	6	77	61	25	71
40	47	54	46	45	80	68	74
19	45	3	77	24	28	89	66
79	29	81	63	9	74	22	42
21	91	41	15	55	7	20	44
91	37	84	54	1	28	50	72
27	77	93	76	33	51	85	75
35	93	53	23	96	63	98	8
82	56	5	21	82	46	20	20
45	58	74	5	22	50	13	26
62	26	88	35	17	86	52	44
8	44	91	28	48	76	10	19
46	1	58	13	59	86	7	60
4	4	4	4	51	65	11	54
34	87	38	97	10	64	98	35
3	95	32	30	58	84	34	61
30	47	80	65	20	34	84	71
87	72	75	62	96	96	96	96
5	5	5	5	99	99	99	99
21	39	69	11	28	83	45	67
25	33	79	99	19	85	21	77
79	35	33	14	72	81	33	53
28	67	68	17	13	98	47	50
68	10	13	13	54	93	88	66
22	46	100	11	60	4	44	86
64	88	18	22	17	8	95	8
72	9	40	39	82	98	52	92
36	21	56	12	79	14	3	81
59	61	100	6	57	61	35	9
62	31	33	15	86	78	25	90
33	87	6	64	63	99	67	87
14	90	94	96	7	4	13	71
38	31	48	44	90	56	34	90
82	20	13	66	78	3	82	11
13	6	47	13	49	67	98	63
92	18	19	73	92	69	12	56
82	19	87	70	7	87	57	89
53	98	22	6	41	63	76	42
9	88	17	19	39	31	30	100
9	66	87	17	45	1	70	59
40	70	30	65	58	16	47	33
25	95	68	62	33	64	73	94
84	82	61	58	75	36	65	45
40	85	6	68	63	27	85	87
44	51	26	41	22	68	19	60
12	79	79	50	33	36	13	20
100	14	2	89	62	60	18	51
21	7	98	69	26	49	76	47
62	68	98	10	29	78	66	62
14	75	1	45	84	94	21	35
95	29	73	50	18	7	44	90
81	50	55	32	31	15	67	25
77	51	52	75	38	8	59	77
33	52	52	37	84	32	59	56
90	9	85	7	99	92	57	60
14	41	50	90	77	11	74	44
24	37	73	54	7	92	43	86
68	25	30	94	26	54	23	65
32	1	70	22	52	32	42	7
4	4	4	4	2	93	81	60
7	64	21	98	44	36	29	93
64	75	29	37	86	80	75	91
31	87	14	81	56	33	90	5
76	62	84	20	100	100	100	100
1	1	1	1	97	97	97	97
48	37	74	63	11	51	90	9
83	3	72	94	6	88	7	55
78	47	10	40	59	17	6	62
43	63	90	34	7	61	73	23
61	38	1	78	55	15	94	55
90	11	50	62	34	76	15	65
86	42	52	84	63	32	1	14
85	5	30	27	7	1	23	6
6	78	91	77	43	65	67	69
60	79	27	80	32	61	34	23
54	43	95	45	21	65	81	59
85	87	55	99	1	28	62	92
10	52	90	4	66	6	17	60
16	40	44	36	20	2	42	46
93	36	7	53	60	97	92	89
22	21	11	37	13	32	18	88
1	75	30	18	86	88	6	30
43	34	49	64	89	30	52	78
56	6	61	54	67	41	10	99
52	62	88	2	37	38	55	66
97	47	82	26	12	85	12	69
43	97	52	39	12	74	31	54
56	37	9	64	26	14	17	98
95	14	77	90	49	47	10	14
65	68	37	6	14	22	23	24
90	60	86	68	86	60	59	38
40	8	95	97	84	86	45	18
9	80	44	100	11	54	79	3
23	70	59	48	9	1	43	24
96	10	69	68	63	36	52	2
44	14	77	4	47	37	38	53
49	94	3	5	15	15	68	86
54	86	57	50	44	24	38	91
35	57	95	67	62	14	55	23
42	91	99	56	3	18	64	8
74	29	58	32	82	10	68	80
12	21	64	75	5	31	87	23
28	69	38	94	57	79	95	22
100	62	72	85	51	9	47	73
43	69	13	88	97	28	33	77
6	6	6	6	6	80	93	26
81	82	100	95	86	61	8	80
40	64	51	66	7	77	51	96
40	68	82	90	62	8	27	12
85	85	49	49	94	94	94	94
2	2	2	2	92	92	92	92
54	3	20	95	46	89	100	95
35	56	69	91	84	9	36	10
94	93	32	33	67	43	99	72
13	85	44	76	34	22	80	94
57	95	49	9	13	89	64	26
21	13	49	40	31	49	72	30
46	4	9	60	24	69	7	43
52	26	86	38	7	32	3	56
54	57	25	33	61	50	38	43
36	84	86	39	64	8	87	98
36	41	55	96	70	7	8	87
12	13	57	6	99	93	19	67
100	89	57	32	15	52	96	80
38	63	19	13	19	17	56	86
19	28	94	76	95	60	14	17
92	46	20	27	23	28	58	75
23	53	60	23	36	37	40	50
63	93	98	23	73	80	68	64
36	59	37	8	22	49	47	68
63	43	56	80	46	1	32	13
51	94	20	83	79	77	18	20
30	46	9	57	67	47	6	47
79	89	60	95	75	57	84	56
36	1	74	5	45	38	100	69
23	94	19	19	4	83	74	23
70	49	4	54	5	81	96	28
17	34	90	44	19	35	44	55
93	25	19	99	78	40	62	19
82	17	40	30	64	60	52	18
85	60	58	3	49	17	69	7
10	30	42	44	83	4	20	13
44	59	70	11	72	50	73	97
49	27	68	38	44	92	90	60
94	13	100	4	23	94	51	43
100	27	61	62	46	67	58	6
38	8	70	20	11	9	54	41
47	6	63	75	5	62	81	11
53	69	62	67	49	38	13	67
26	35	3	86	38	68	83	49
43	42	5	1	42	20	80	31
8	8	8	8	91	20	64	100
51	6	60	54	30	35	42	54
32	81	73	27	97	53	12	82
92	14	17	99	20	16	72	30
57	63	53	9	90	90	90	90
4	4	4	4	95	95	95	95
96	94	51	86	61	3	63	19
17	20	88	57	47	91	81	33
56	79	17	39	9	60	91	4
46	67	71	16	52	85	11	63
88	40	45	38	57	27	9	94
65	57	10	45	29	96	70	9
10	37	49	66	20	2	25	100
19	13	1	81	58	97	43	63
6	7	45	55	77	12	47	81
36	77	46	89	78	40	86	27
51	96	20	41	2	100	69	81
51	31	86	91	57	52	74	3
3	86	12	40	3	49	69	38
80	74	60	57	15	43	86	87
99	34	17	30	70	34	33	38
46	19	8	40	39	48	29	45
92	52	16	97	94	81	57	59
68	79	81	47	33	55	36	31
24	52	99	77	66	89	4	24
17	32	27	87	8	95	92	79
35	41	3	99	50	37	32	99
86	79	27	6	55	35	56	78
97	22	27	14	68	35	69	72
27	72	62	95	60	24	61	100
45	84	14	71	14	29	74	75
21	13	72	16	12	96	5	24
58	66	86	55	21	35	16	4
18	41	27	87	38	37	5	94
17	76	83	82	15	2	68	73
49	75	28	93	73	23	69	52
100	59	49	73	83	29	14	76
78	61	69	89	59	70	31	6
27	5	36	40	38	7	32	37
80	45	13	96	36	6	42	15
63	39	3	64	74	98	98	61
54	73	75	42	4	7	56	59
30	61	8	91	21	58	14	82
4	91	16	47	97	66	72	82
46	98	20	5	72	15	12	34
80	73	14	38	63	10	56	78
9	9	9	9	87	76	46	26
37	44	28	66	56	26	25	82
14	14	41	60	8	18	10	32
20	60	53	46	17	100	84	67
58	96	64	11	100	100	100	100
4	4	4	4	96	96	96	96
13	63	100	62	93	13	63	40
28	50	80	10	17	8	90	45
42	46	76	71	79	76	76	42
64	21	23	99	40	2	79	1
100	19	82	9	9	51	81	20
67	88	71	23	6	52	17	43
4	72	54	83	40	80	88	55
91	67	36	66	77	80	17	80
88	16	39	59	1	70	3	62
59	42	51	52	22	8	82	61
13	11	98	39	85	81	64	82
28	28	94	58	99	45	46	59
63	48	17	44	89	34	45	34
18	15	80	100	4	62	90	6
33	40	20	32	7	92	27	74
27	14	4	87	20	53	1	2
8	84	27	12	4	67	96	6
88	96	65	65	14	14	26	50
89	68	20	76	22	98	36	77
19	63	20	50	72	29	2	99
3	77	29	83	39	91	24	68
80	11	30	72	35	32	56	67
82	90	95	24	60	86	47	54
45	42	2	3	31	50	71	49
51	15	16	100	90	51	8	63
16	58	13	17	29	20	97	14
65	16	46	32	1	22	58	33
28	61	53	49	82	50	17	47
19	49	35	63	12	17	72	20
62	100	57	14	53	28	91	70
2	44	63	99	100	9	69	91
44	53	52	97	37	96	19	47
20	31	23	80	59	77	1	70
34	16	100	76	61	18	74	31
45	26	100	16	8	72	87	51
50	34	61	20	8	40	35	95
55	92	37	60	16	55	78	50
24	71	47	100	72	45	79	46
72	83	70	10	9	41	97	38
100	45	92	18	84	38	63	60
4	4	4	4	4	75	9	50
89	66	76	40	88	25	37	46
13	18	42	99	83	9	81	27
26	82	18	43	3	6	61	20
71	17	38	88	93	93	93	93
8	8	8	8	90	90	90	90
84	45	12	47	77	52	29	90
71	92	55	94	90	41	59	49
53	41	6	52	61	82	4	38
6	59	11	68	44	71	48	72
77	79	4	79	38	47	85	49
44	34	7	99	61	66	26	5
84	48	4	75	52	22	9	72
56	75	89	37	12	92	37	84
29	74	78	46	30	22	9	75
8	97	98	81	16	20	66	52
99	95	58	19	28	8	41	60
30	54	50	77	50	5	85	55
44	76	51	16	60	93	58	81
25	19	95	54	92	20	4	55
95	55	10	29	83	80	41	8
49	70	15	26	60	8	52	7
24	30	14	68	60	65	57	37
26	75	69	85	42	86	38	85
41	80	2	75	70	44	26	97
77	34	26	9	25	56	21	18
23	98	7	62	91	72	92	12
31	11	32	98	28	71	60	33
47	75	94	74	38	99	68	55
47	83	6	34	98	54	52	45
6	97	36	81	1	41	82	87
100	71	8	52	16	11	45	48
10	55	87	51	17	24	81	12
35	89	7	11	97	97	44	9
5	76	13	73	47	60	64	83
10	73	83	73	76	9	87	67
44	99	12	3	85	100	18	24
69	7	2	83	86	8	65	95
40	16	83	90	51	43	43	19
89	94	82	66	91	23	92	79
31	89	69	24	48	31	8	43
32	12	45	75	100	81	1	29
88	88	72	7	14	6	52	57
13	48	75	40	98	29	96	90
89	48	23	58	38	63	58	28
23	21	49	48	42	60	26	10
7	7	7	7	86	93	18	20
49	91	74	24	47	32	61	56
83	89	20	55	90	63	71	22
14	76	44	27	64	5	44	37
37	25	70	17	92	92	92	92
6	6	6	6	90	90	90	90
77	54	2	93	25	100	17	2
26	10	19	95	49	82	71	8
11	86	78	39	89	22	24	75
88	20	44	75	58	48	93	63
94	5	17	45	87	17	22	83
57	14	18	89	95	10	99	80
16	45	2	51	95	22	66	55
10	20	78	68	5	47	92	99
52	55	82	45	92	85	94	79
20	70	42	53	61	22	18	32
8	1	29	41	2	67	28	17
1	94	25	32	58	14	2	53
38	75	53	24	48	78	71	49
5	61	75	40	67	10	55	75
59	35	90	60	20	69	49	89
43	70	99	93	31	17	72	8
73	75	56	7	10	4	96	73
21	93	42	87	2	85	56	77
5	72	79	67	90	40	77	56
49	22	39	78	94	57	98	71
10	78	77	94	56	13	89	8
52	100	75	16	10	45	75	100
65	30	18	75	41	98	39	28
18	98	9	3	47	11	54	56
35	34	12	88	74	10	39	95
38	67	19	42	51	50	7	13
86	11	98	12	86	30	18	19
16	36	8	16	47	67	69	76
37	86	88	31	90	52	50	78
99	68	83	11	80	42	51	73
100	11	35	88	76	19	57	88
41	37	61	73	52	72	66	40
1	100	2	48	81	50	41	5
40	6	18	18	18	46	86	60
25	45	99	36	86	16	9	6
96	18	84	96	57	63	98	85
13	72	42	90	35	100	5	36
75	40	93	98	55	29	61	49
54	38	96	26	70	77	42	84
9	57	84	56	20	62	43	81
4	4	4	4	31	54	25	25
90	7	97	95	96	2	68	100
86	58	78	53	93	82	97	21
45	81	89	24	90	60	29	7
47	20	94	95	90	90	90	90
10	10	10	10	90	90	90	90
69	38	90	88	42	20	98	36
45	86	87	4	97	63	46	66
60	78	22	11	82	65	67	81
84	28	78	47	83	29	86	86
88	4	87	40	25	55	87	13
7	69	49	28	93	33	24	97
36	87	11	71	92	65	35	29
87	37	26	83	5	77	66	60
16	26	55	54	58	18	36	4
80	80	80	88	86	52	66	74
21	97	59	87	9	55	53	25
59	81	63	19	27	43	94	30
94	2	44	30	45	6	73	14
99	15	87	62	54	93	36	86
71	88	74	41	28	46	69	6
91	17	3	38	4	39	57	68
67	67	78	92	67	75	13	84
9	79	29	91	21	79	43	74
83	3	55	17	19	74	39	13
25	89	17	15	61	45	60	9
12	65	78	13	77	1	20	35
30	85	93	47	84	78	28	67
11	12	39	96	80	16	69	40
67	11	38	42	81	54	48	60
25	25	33	16	7	39	78	14
23	35	78	17	11	82	67	59
9	70	58	57	88	51	52	66
48	62	12	55	42	95	81	82
66	62	85	95	42	45	29	66
54	32	99	40	99	46	73	39
26	75	92	63	59	27	24	54
74	39	79	74	37	6	71	35
58	13	42	80	63	33	5	19
75	56	60	96	89	29	69	74
8	3	17	62	97	58	22	35
21	10	46	72	75	68	85	90
34	30	82	6	66	80	52	81
3	22	76	53	100	29	2	34
29	88	85	57	80	55	91	65
58	8	41	3	100	24	81	26
1	1	1	1	12	10	12	78
76	3	17	19	33	91	80	28
72	86	62	37	17	84	6	38
97	82	49	14	35	79	87	62
26	61	53	13	98	98	98	98
6	6	6	6	93	93	93	93
31	15	8	30	71	2	94	47
52	88	17	17	99	95	34	20
10	55	44	90	73	12	27	78
70	5	36	83	76	60	99	28
50	60	46	43	76	44	59	65
60	20	27	96	12	7	43	47
75	33	55	6	100	80	22	34
21	7	24	31	14	71	52	36
6	26	29	3	75	55	76	81
54	26	44	31	47	77	64	32
39	46	28	91	57	45	74	84
48	53	77	29	93	55	27	46
83	53	6	53	17	73	75	46
7	99	22	55	7	6	13	55
45	30	99	3	98	95	34	68
77	1	57	98	9	14	82	18
83	27	99	43	36	67	25	31
59	90	84	50	5	8	17	58
37	75	63	31	82	81	90	57
17	32	11	56	75	45	72	28
7	48	67	13	45	100	98	56
57	32	97	66	78	1	79	67
15	79	97	40	63	46	48	95
96	37	19	88	52	52	42	81
30	16	42	87	28	59	66	51
3	27	81	63	23	35	10	3
98	27	6	98	71	40	62	67
43	96	45	54	54	3	46	68
39	80	80	6	89	97	47	84
95	59	51	91	64	60	5	39
27	23	19	88	57	20	14	25
98	42	8	17	13	20	67	79
2	1	53	39	67	23	76	59
6	37	10	23	33	44	33	98
73	12	72	80	16	83	55	37
13	4	59	12	26	69	38	8
86	69	89	49	41	93	62	3
52	41	79	29	15	39	21	2
84	4	94	16	49	11	49	78
70	18	1	86	38	18	96	5
7	7	7	7	51	60	90	95
15	62	42	100	92	59	81	21
32	22	46	31	41	61	89	66
71	28	9	92	27	74	33	100
54	59	79	36	100	100	100	100
4	4	4	4	96	96	96	96
55	86	29	72	40	51	39	20
36	33	55	98	81	85	49	40
47	94	53	29	54	63	84	96
32	87	6	28	30	13	15	90
98	56	45	26	36	59	89	64
56	92	74	17	25	84	14	72
19	56	31	34	4	11	8	89
66	84	62	14	67	53	61	59
58	41	49	12	83	95	66	57
25	96	88	49	16	38	99	43
16	22	34	37	25	50	64	88
4	72	64	51	82	4	77	18
68	80	15	82	52	88	89	81
40	55	4	76	85	99	23	90
67	100	78	2	41	70	43	40
61	37	74	48	24	26	61	77
52	84	1	10	51	83	73	3
54	17	92	49	86	23	29	20
6	44	50	23	84	29	5	89
23	28	47	17	6	60	14	37
49	32	74	34	99	9	55	56
27	15	38	92	94	85	17	34
5	36	28	58	46	52	15	96
1	47	95	86	28	58	8	88
92	99	13	75	12	68	42	23
7	24	16	18	85	56	91	25
85	37	17	50	12	25	88	66
19	58	10	100	12	38	23	57
19	4	61	45	97	65	72	40
76	24	96	62	30	72	1	6
8	95	84	3	13	65	29	1
100	34	74	12	91	39	88	64
25	98	36	48	75	68	36	83
82	11	35	55	45	62	96	61
65	42	67	70	61	88	74	18
15	97	81	32	94	28	70	23
5	56	71	95	9	40	7	30
23	55	53	19	98	97	43	90
38	46	85	32	54	96	59	47
66	21	48	71	13	30	59	89
4	4	4	4	35	89	72	74
50	5	85	5	66	95	95	96
41	67	70	86	34	18	25	51
94	17	99	50	25	49	94	69
72	5	99	84	94	94	94	94
10	10	10	10	91	91	91	91
87	60	11	23	46	70	28	23
20	22	10	4	72	28	30	64
96	83	18	87	27	13	56	90
16	3	61	24	25	92	40	47
81	70	96	93	73	53	8	39
68	67	3	50	35	60	38	35
45	19	25	39	98	80	87	16
78	12	16	72	62	86	31	78
69	23	17	15	60	95	15	30
6	58	38	52	21	80	100	34
28	93	23	10	76	1	52	38
82	25	62	72	2	10	61	47
65	80	6	94	49	91	48	26
44	77	67	97	6	86	73	18
27	25	37	42	13	46	95	23
15	72	27	72	39	15	23	64
90	92	62	34	50	12	49	33
6	7	23	58	43	51	88	71
95	63	90	16	32	22	2	23
97	44	48	74	29	53	45	79
12	70	90	78	94	80	71	93
15	72	73	100	35	2	34	87
67	48	5	37	17	21	19	84
77	18	96	62	19	93	85	16
6	21	22	70	30	81	38	98
92	21	57	21	73	36	27	10
9	63	66	50	40	55	3	32
87	31	30	58	19	91	16	42
95	48	35	58	77	50	22	25
45	4	39	50	4	93	65	90
4	57	72	31	20	50	5	5
10	82	14	56	25	27	22	16
6	7	95	94	35	92	33	9
28	98	43	71	8	24	27	97
23	37	6	97	98	97	42	55
51	6	63	62	51	94	10	5
29	23	9	43	40	10	100	80
98	45	66	10	20	10	8	69
71	5	39	53	78	61	90	32
59	19	73	58	49	75	100	46
1	1	1	1	8	66	38	80
52	50	30	95	71	1	36	53
42	27	8	30	62	56	17	94
11	79	48	76	18	24	16	9
25	35	37	91	100	100	100	100
4	4	4	4	97	97	97	97
56	50	91	90	27	100	92	88
77	74	79	52	94	13	69	52
49	16	92	79	69	21	2	64
10	94	61	43	69	67	41	34
47	12	18	38	97	27	28	45
68	56	30	42	7	2	70	34
5	95	33	54	84	12	95	69
38	1	91	6	11	78	53	57
35	81	58	21	87	67	48	71
94	43	43	67	38	69	71	57
46	84	72	79	32	73	1	2
96	29	66	93	61	99	54	79
59	2	54	31	82	24	58	69
73	5	93	27	62	50	6	80
71	28	87	94	43	28	27	36
6	82	64	3	99	40	81	49
89	89	70	68	70	64	32	1
5	13	44	39	36	88	33	35
7	38	11	21	38	91	63	60
32	20	96	34	13	65	72	69
37	91	100	12	84	20	92	46
10	88	10	90	100	32	8	54
32	90	54	71	10	18	86	56
50	32	66	24	90	21	23	39
47	53	7	72	67	53	92	74
77	81	94	55	53	42	13	79
42	21	96	37	44	16	97	77
26	40	7	12	30	91	88	21
47	29	21	69	84	46	59	18
88	85	81	93	52	17	41	72
73	93	3	62	100	27	86	58
59	73	61	17	88	40	20	58
59	96	65	34	3	86	94	50
39	39	22	24	44	63	10	38
7	10	89	13	89	75	28	86
58	88	99	45	41	80	7	26
38	26	27	7	30	3	34	86
6	3	84	28	62	68	67	9
24	40	9	25	56	93	86	28
16	58	16	26	52	41	86	41
10	10	10	10	29	92	17	56
61	84	2	6	78	96	28	2
22	86	74	59	26	49	46	80
72	24	99	78	32	84	33	74
98	57	95	64	99	99	99	99
8	8	8	8	90	90	90	90
67	73	22	3	6	37	74	14
89	82	54	74	54	88	33	28
41	38	22	35	39	92	78	63
18	50	33	7	55	82	86	75
48	63	61	35	79	57	30	43
68	62	8	70	87	92	54	9
76	88	78	84	60	49	60	77
64	40	91	64	63	71	18	85
27	11	12	43	76	71	40	23
9	46	4	13	55	42	43	19
89	59	36	11	13	36	23	6
18	91	57	10	95	15	55	18
47	58	89	43	26	32	74	90
33	51	33	29	25	6	11	55
73	40	44	17	49	16	98	33
47	26	73	42	72	54	94	11
44	11	36	20	20	3	94	56
75	30	57	54	6	42	7	13
14	33	46	38	74	100	39	32
5	9	75	20	45	71	8	24
93	48	31	24	15	37	3	23
32	30	80	20	92	31	60	19
38	77	22	85	30	90	66	51
55	48	59	70	33	49	48	69
99	50	81	44	18	70	11	8
18	85	11	92	42	14	66	28
45	32	62	20	14	99	46	10
76	94	85	38	94	12	100	54
61	71	12	7	53	95	86	73
95	45	98	49	18	18	39	30
79	79	91	44	62	48	8	43
84	6	34	73	31	16	14	5
70	86	8	66	4	96	19	14
81	96	23	11	34	100	53	83
93	81	75	83	100	43	67	15
17	25	42	60	52	94	15	64
74	52	35	13	27	10	15	23
24	66	34	48	60	78	73	45
70	19	76	7	87	34	47	53
79	54	41	62	99	73	84	70
2	2	2	2	49	3	8	3
63	62	81	66	79	87	61	83
67	14	24	57	57	8	27	80
5	61	99	94	91	34	58	34
32	7	3	16	95	95	95	95
8	8	8	8	99	99	99	99
72	9	77	84	32	4	11	49
79	63	31	81	19	2	32	69
95	55	95	39	44	88	75	59
62	28	39	63	18	1	90	94
63	90	41	34	100	95	61	92
68	1	65	12	46	30	53	74
60	61	34	68	45	9	50	3
62	55	100	45	8	18	3	67
89	90	21	93	62	6	67	36
24	76	61	70	64	23	77	62
95	89	13	12	47	82	90	22
1	16	40	61	99	86	38	9
93	87	96	89	66	74	42	69
83	62	35	26	50	3	58	4
27	58	47	11	8	46	13	30
38	2	92	71	82	36	91	5
48	86	95	92	52	5	31	17
24	71	93	68	21	43	25	57
39	34	19	38	33	10	1	91
90	97	11	51	82	95	20	46
89	44	65	70	37	27	76	97
61	33	61	38	64	2	93	100
74	99	33	57	64	93	48	2
91	19	100	85	89	86	92	28
45	68	42	36	72	80	99	71
5	90	32	17	56	12	20	79
5	19	47	53	15	18	75	15
1	52	5	41	13	15	43	78
50	4	50	38	58	94	25	97
75	39	92	15	70	77	98	50
63	55	18	4	69	90	16	78
8	44	45	30	96	68	96	92
92	96	18	87	80	54	43	20
35	61	67	12	38	3	19	70
1	81	59	14	86	22	97	84
39	36	30	32	45	99	60	47
52	63	62	75	96	82	9	73
67	64	41	19	3	17	69	47
43	37	83	74	64	70	79	4
70	25	73	41	100	85	39	88
9	9	9	9	75	52	78	40
31	21	100	8	14	65	35	6
77	5	58	37	60	32	59	10
39	74	69	79	2	69	78	72
59	100	31	16	93	93	93	93
2	2	2	2	94	94	94	94
48	47	68	3	31	42	79	33
40	9	28	61	39	31	39	12
92	76	98	4	69	86	31	25
23	35	3	69	23	70	7	81
44	1	76	29	88	84	48	14
71	60	7	78	88	28	75	36
93	21	93	63	34	68	68	70
37	39	6	51	27	93	15	62
70	85	21	32	36	68	31	71
45	51	20	89	99	75	36	30
56	34	64	93	100	28	33	92
77	22	37	44	20	13	40	42
81	79	35	62	99	89	76	65
47	78	29	87	99	37	10	19
98	95	41	37	53	10	63	28
90	12	19	85	71	99	78	54
92	33	97	93	57	13	49	33
68	86	95	67	27	9	17	19
8	48	47	88	3	37	15	30
6	2	46	55	51	32	69	29
55	94	27	43	95	44	60	23
87	39	49	85	75	31	62	64
77	59	56	89	36	54	68	63
65	54	98	59	73	23	7	9
34	50	99	20	84	12	59	45
71	34	50	41	94	53	96	81
62	16	89	70	52	46	46	15
4	96	24	61	78	67	45	66
7	48	46	39	10	36	10	39
76	12	26	14	88	13	84	17
65	79	9	22	79	57	34	32
58	50	46	28	73	88	3	37
59	57	43	6	95	16	90	5
60	87	67	95	51	36	54	75
57	16	53	93	17	79	74	88
40	28	33	70	76	77	49	93
30	89	42	36	48	95	39	89
80	90	57	86	82	24	73	94
59	76	24	18	39	2	56	25
48	44	12	68	65	81	30	73
1	1	1	1	80	61	15	54
49	40	100	5	66	15	15	63
52	92	62	37	45	30	35	100
34	46	24	5	58	29	8	32
79	82	65	53	94	94	94	94
2	2	2	2	91	91	91	91
1	89	83	99	94	48	21	56
10	4	48	7	87	58	59	72
49	33	60	77	57	10	63	32
89	1	77	32	25	52	50	35
97	91	69	52	61	31	54	22
55	100	28	54	99	29	47	77
76	96	15	2	75	55	88	39
31	76	99	25	8	72	49	18
90	4	57	60	44	19	57	57
54	82	17	92	10	76	13	74
95	64	47	69	19	16	58	41
52	86	4	24	7	72	23	12
3	96	82	10	85	2	78	5
81	28	88	86	87	94	19	35
100	16	52	27	11	91	3	40
53	63	62	99	65	5	4	8
2	17	52	80	81	79	21	27
48	44	92	69	56	52	2	73
55	47	84	76	98	33	80	25
17	64	46	17	85	50	88	13
43	52	57	35	1	30	6	85
7	77	78	50	94	22	98	85
74	41	95	5	56	32	30	94
98	99	60	31	31	34	71	41
51	62	20	92	45	77	4	86
23	2	9	42	55	51	18	23
37	72	84	80	39	62	69	99
73	80	90	74	68	34	56	48
64	70	6	51	45	60	59	50
33	86	62	31	1	72	67	62
88	41	89	38	52	88	74	26
69	38	51	11	62	73	75	47
54	7	35	65	87	72	14	61
66	88	18	26	39	90	47	46
33	62	83	39	71	82	27	50
33	58	56	84	50	7	90	94
99	8	16	78	21	47	90	41
46	15	85	92	15	87	26	57
7	80	24	89	32	74	30	88
82	22	47	64	82	92	44	59
1	1	1	1	21	84	43	39
9	64	6	7	70	19	21	32
63	52	63	96	35	21	15	81
85	16	19	32	99	19	53	24
51	100	98	79	96	96	96	96
2	2	2	2	91	91	91	91
28	27	81	35	82	99	48	82
18	42	68	47	91	15	15	14
5	68	11	72	62	39	85	21
68	35	88	58	90	90	38	75
31	85	56	66	40	47	77	7
63	79	51	75	30	43	42	83
20	79	50	33	12	51	3	88
12	65	59	97	20	1	82	12
48	55	49	57	46	39	41	100
95	87	50	36	96	66	27	56
99	74	29	27	63	30	13	5
26	68	70	31	71	48	41	49
20	85	72	96	62	87	7	29
95	16	64	20	86	42	28	8
4	30	38	88	8	49	23	27
69	12	26	71	72	47	88	26
9	24	99	69	87	29	59	19
23	64	55	64	18	52	91	35
19	29	55	59	94	75	6	77
6	35	18	86	44	11	94	42
60	21	98	49	8	70	1	66
17	21	88	100	2	69	72	65
33	93	82	47	1	100	86	14
75	19	97	25	11	31	24	58
10	70	69	60	4	57	8	17
42	88	88	24	19	13	87	5
99	81	44	96	72	61	24	58
50	33	50	12	77	20	13	37
100	95	45	45	11	55	57	86
94	12	36	97	55	37	86	92
11	43	3	52	25	46	61	22
48	98	74	5	96	37	52	54
51	100	91	14	99	51	56	81
84	85	55	57	32	57	50	2
34	62	76	45	34	98	14	51
23	76	48	81	49	61	50	19
4	67	65	25	96	5	86	72
25	76	59	52	80	9	49	60
91	8	70	67	70	44	9	94
62	99	89	21	29	93	53	5
9	9	9	9	27	13	95	86
81	84	97	93	4	85	60	55
81	17	56	5	27	16	72	38
82	23	97	38	99	96	58	52
82	3	46	22	94	94	94	94
5	5	5	5	97	97	97	97
86	36	78	95	20	86	97	43
23	99	4	78	73	68	79	50
7	77	90	58	72	77	51	17
28	59	91	24	92	87	7	16
49	18	3	30	96	7	45	58
12	30	43	95	89	98	20	81
2	4	90	27	45	27	18	62
42	8	45	32	62	67	45	65
42	20	77	41	27	9	30	53
88	58	24	27	53	42	99	50
5	43	76	34	2	2	29	92
57	25	55	17	68	2	3	52
47	47	41	48	41	67	97	11
52	70	52	52	35	44	86	71
42	90	60	60	28	15	58	44
10	65	35	77	47	99	83	8
18	51	67	57	53	8	17	76
89	35	58	43	91	91	10	56
57	8	24	4	26	15	60	2
37	42	1	38	69	34	71	6
3	28	2	52	63	6	78	95
10	46	5	95	31	40	95	59
53	93	22	23	12	21	44	8
43	10	84	67	60	31	59	94
92	13	41	89	88	61	18	45
12	48	25	52	59	96	85	61
34	77	15	68	5	85	60	58
22	61	42	88	92	67	52	94
49	70	16	73	100	28	35	10
64	80	65	80	79	1	77	68
8	78	6	12	88	82	70	69
95	66	22	41	51	29	20	85
52	97	85	51	67	81	69	61
55	76	10	59	24	29	36	63
44	69	58	79	97	69	88	34
44	38	86	34	55	34	23	25
22	62	93	86	47	40	46	58
73	95	36	51	98	92	28	84
7	8	30	62	7	30	98	96
23	32	79	26	11	24	33	96
1	1	1	1	80	53	51	38
37	70	23	96	41	48	32	33
79	86	45	49	49	38	27	80
26	6	11	23	57	11	11	79
23	32	23	57	100	100	100	100
8	8	8	8	95	95	95	95
81	79	29	50	34	28	74	38
72	38	82	92	29	79	69	48
33	94	86	66	77	19	17	11
10	95	18	56	44	69	46	48
18	28	91	52	45	74	74	73
24	86	66	87	99	44	48	54
17	58	31	98	27	78	42	17
8	9	44	73	45	31	5	70
57	36	84	30	8	75	80	31
57	72	26	27	45	10	17	13
86	87	22	70	11	39	43	74
32	87	49	65	51	6	63	3
70	40	5	85	67	11	48	74
71	100	82	7	55	46	31	51
67	1	34	79	62	71	59	46
79	72	64	54	89	87	82	22
14	24	58	58	15	17	59	91
28	44	19	22	30	97	77	92
49	71	5	85	93	98	64	62
50	79	8	85	22	81	4	82
88	74	50	47	61	44	20	96
68	87	38	46	88	56	20	46
47	70	69	11	39	38	32	42
4	62	24	53	25	15	87	89
79	78	21	19	4	17	22	83
75	96	69	20	83	51	45	67
57	20	48	84	85	55	15	67
18	46	54	2	42	64	85	52
62	11	11	69	76	49	39	96
84	93	94	55	27	38	1	44
91	84	76	84	19	5	53	9
38	35	51	7	74	96	33	40
61	12	46	9	7	26	94	35
68	10	82	2	32	26	75	79
52	65	89	86	97	87	62	16
100	47	87	27	38	25	63	61
54	11	43	97	80	39	20	1
56	16	93	69	77	22	30	55
93	9	1	3	73	15	81	97
80	34	20	10	6	84	69	16
9	9	9	9	2	3	93	40
90	81	5	52	50	11	2	37
20	60	47	20	55	39	9	16
9	69	30	51	11	45	72	78
67	31	22	91	95	95	95	95
8	8	8	8	90	90	90	90
64	69	21	45	60	69	15	22
53	12	83	44	90	86	40	42
66	38	45	8	18	46	3	58
43	11	49	71	99	48	23	11
86	1	20	87	32	53	57	32
38	54	98	93	26	20	78	43
60	15	96	18	96	4	27	40
46	80	23	94	64	73	47	85
87	22	5	55	58	6	30	4
4	72	45	15	9	22	16	88
28	32	53	88	100	86	28	64
18	1	27	47	58	68	34	71
92	35	87	4	21	58	30	38
34	29	75	19	16	13	14	45
67	40	79	20	83	49	27	64
38	24	11	37	51	72	49	22
73	18	71	86	84	58	59	12
100	39	82	92	71	50	55	84
1	63	8	91	59	30	54	24
92	41	100	40	72	82	1	54
74	79	50	90	64	48	36	34
63	81	76	59	44	8	56	44
93	87	66	24	39	74	73	59
64	60	81	48	36	67	51	44
73	50	54	22	31	73	41	49
97	21	57	1	28	82	19	8
41	67	33	28	60	81	61	76
86	98	5	54	19	71	100	66
55	42	81	8	86	52	5	96
27	20	1	52	99	76	8	27
67	6	32	45	27	58	74	41
76	55	84	20	7	84	19	27
46	39	75	66	7	39	94	71
81	69	12	48	16	44	22	76
8	81	92	96	22	21	40	86
55	80	44	89	78	23	61	12
90	97	6	73	56	47	29	36
72	85	95	15	98	28	42	41
5	93	77	21	28	25	99	97
34	53	70	88	38	98	12	48
10	10	10	10	25	47	50	19
82	11	53	42	47	23	16	67
54	2	22	84	99	12	53	59
46	28	65	51	69	8	42	64
22	54	93	8	100	100	100	100
4	4	4	4	97	97	97	97
88	65	15	29	19	53	30	94
77	25	60	60	61	5	56	35
1	38	21	65	84	72	67	57
18	5	22	62	13	27	92	35
62	65	87	2	12	64	12	84
86	20	29	72	82	31	27	70
47	39	9	17	2	2	94	33
64	52	1	14	44	12	96	48
29	49	19	36	51	100	64	56
44	4	17	51	100	7	88	81
98	27	22	67	65	54	95	95
62	85	15	13	70	71	64	68
63	48	90	29	71	90	3	32
16	8	62	21	16	22	72	99
50	63	18	17	63	11	6	98
58	100	100	74	40	11	81	76
9	1	20	6	75	79	21	73
17	56	43	99	16	49	5	46
66	50	33	6	80	1	90	87
13	10	6	78	94	71	97	8
50	89	15	36	9	93	13	17
7	71	64	81	51	29	69	62
83	80	90	63	87	76	67	12
8	100	27	31	48	96	97	69
85	35	14	22	58	31	64	100
77	25	15	68	73	7	99	23
32	81	73	91	50	85	23	18
77	15	18	53	43	34	67	37
95	7	68	81	7	25	14	36
71	1	74	1	81	69	89	72
40	15	8	37	64	84	31	53
71	98	44	76	38	41	15	47
9	82	69	52	11	18	46	48
7	57	71	76	81	100	67	34
38	90	39	74	56	95	75	30
67	52	65	19	89	81	83	21
63	49	4	80	56	12	67	14
87	83	71	52	55	20	46	93
89	39	61	73	26	25	74	74
71	82	95	14	15	90	11	70
2	2	2	2	6	91	42	81
91	41	74	73	11	30	40	34
91	94	73	24	24	69	6	31
18	66	57	80	98	85	89	38
63	5	98	36	100	100	100	100
4	4	4	4	91	91	91	91
78	15	69	68	19	22	41	33
26	95	29	86	62	6	71	74
99	91	75	46	67	26	44	44
14	48	36	86	73	71	98	90
52	98	100	14	68	17	2	6
32	1	42	30	89	79	78	76
34	35	20	25	91	13	17	46
68	49	95	21	12	17	27	4
19	90	91	44	92	7	4	84
10	11	70	31	35	65	61	100
63	82	25	74	51	25	20	8
49	86	57	58	49	63	75	98
81	76	56	37	31	12	1	56
2	34	88	20	72	24	64	76
89	74	14	58	71	46	61	58
28	87	76	58	77	93	24	46
46	41	59	32	50	89	70	89
20	81	65	34	55	58	21	48
15	22	35	4	63	1	31	53
31	54	9	45	8	50	22	58
15	66	53	35	7	78	42	7
78	29	4	2	29	13	79	95
37	98	66	12	12	68	50	9
9	49	7	66	57	24	91	85
55	87	3	2	39	58	31	20
75	78	99	26	89	51	2	59
16	81	23	18	11	4	3	42
76	44	38	69	60	2	42	11
100	99	6	36	85	68	40	15
43	70	98	76	89	1	11	5
66	25	31	97	95	11	8	80
16	53	65	76	61	81	69	44
2	69	8	63	80	94	77	12
37	70	69	4	68	15	94	28
65	56	76	9	90	19	22	57
9	65	79	30	22	79	83	90
84	95	68	77	5	16	98	78
91	52	42	20	49	86	100	12
100	65	32	33	44	76	10	70
37	62	53	7	20	86	90	58
4	4	4	4	2	48	84	44
2	51	69	39	58	9	37	72
41	26	28	75	50	16	35	15
11	45	3	20	26	71	98	60
73	16	95	81	100	100	100	100
9	9	9	9	100	100	100	100
56	16	74	76	61	43	20	88
78	59	16	42	23	97	95	23
49	22	19	98	47	49	45	30
39	28	29	81	63	20	85	11
42	94	54	15	24	89	17	12
50	90	63	73	40	57	46	50
7	48	61	81	25	97	53	68
27	8	28	26	38	58	75	46
45	50	43	80	13	86	66	56
46	65	10	47	9	60	4	92
98	29	33	27	78	47	75	82
100	55	69	29	74	42	84	52
93	7	45	38	97	28	39	76
36	75	53	62	52	34	64	75
90	31	59	12	36	65	83	61
100	68	95	58	57	74	37	12
24	35	85	33	16	34	85	89
89	29	17	65	30	98	58	20
4	28	88	67	67	16	38	73
52	27	62	40	28	50	61	87
67	80	68	3	14	20	55	35
88	19	94	75	4	4	77	13
33	12	17	74	10	49	21	28
69	33	40	73	76	70	14	58
30	9	59	67	84	88	98	40
4	91	3	96	34	100	63	67
62	43	62	76	30	38	90	73
65	33	57	5	49	6	26	52
69	78	50	35	40	78	38	76
90	46	44	98	3	83	8	49
74	57	35	62	87	10	97	7
80	69	32	19	1	41	38	34
21	11	45	31	8	12	27	54
93	34	99	31	12	15	71	95
82	62	66	28	54	56	94	7
42	69	7	19	34	23	3	47
77	40	95	15	52	5	77	99
61	8	92	14	38	2	26	24
14	86	81	40	8	63	45	3
61	66	66	89	68	28	29	83
10	10	10	10	10	47	89	57
76	3	36	21	61	3	46	25
93	91	77	54	58	70	34	46
74	18	41	4	84	100	69	26
43	15	93	52	91	91	91	91
9	9	9	9	97	97	97	97
15	15	100	2	15	15	62	9
32	88	29	22	9	71	31	36
62	31	49	40	21	39	28	65
80	61	100	3	78	97	7	73
86	27	88	75	5	85	68	61
67	85	86	100	38	1	92	27
89	54	32	71	56	66	26	28
46	27	1	38	10	19	80	88
13	61	51	77	41	64	96	44
43	86	88	12	64	32	96	4
56	44	62	58	56	66	11	42
50	83	42	92	2	96	65	77
39	51	28	83	19	12	40	46
70	63	42	21	90	8	40	61
98	62	53	91	93	93	66	48
4	26	53	27	20	91	51	42
53	73	18	59	81	71	61	59
22	67	58	2	2	61	24	78
86	56	29	28	86	1	8	83
48	45	68	98	6	99	34	83
7	59	3	94	35	70	82	53
86	41	25	5	24	54	58	74
62	45	97	87	63	19	15	31
74	45	18	87	73	67	85	35
39	17	19	19	69	15	66	48
33	81	4	90	53	89	63	97
63	89	98	23	82	71	47	64
97	1	30	58	73	54	85	58
73	41	55	52	32	56	97	53
69	89	81	33	18	61	59	61
74	29	68	64	62	37	78	73
6	32	32	53	98	68	48	18
92	82	36	11	30	94	98	93
2	35	100	97	89	69	52	97
76	43	77	58	81	23	8	1
99	83	82	99	82	8	38	13
3	7	49	9	90	76	100	5
31	26	86	6	15	73	37	75
95	22	39	67	85	84	49	76
70	47	50	97	71	69	6	31
7	7	7	7	27	16	100	97
37	97	87	92	34	31	58	88
20	5	11	55	37	69	40	71
31	88	5	89	85	82	69	82
43	84	61	45	91	91	91	91
3	3	3	3	92	92	92	92
54	15	5	16	79	82	9	91
70	18	38	71	71	93	17	52
9	3	49	55	9	66	62	62
40	83	48	33	9	64	20	1
94	38	77	31	73	27	67	66
69	95	77	34	87	52	29	56
94	83	52	67	81	72	47	92
66	86	44	96	91	53	65	51
30	95	53	32	75	65	11	94
10	56	16	84	94	33	32	95
52	80	82	84	17	45	13	38
75	79	88	25	100	92	61	44
77	50	96	1	31	73	76	65
4	88	19	12	86	77	57	51
24	88	68	28	56	41	19	42
66	1	69	28	82	31	62	93
22	86	84	4	65	15	28	79
94	94	66	35	76	91	33	15
81	27	91	3	36	72	14	6
54	6	75	43	5	52	78	25
35	30	42	46	45	82	53	81
22	5	1	7	46	2	59	27
46	93	14	12	100	63	52	32
93	66	89	83	7	25	87	28
58	61	72	75	90	2	4	30
20	1	98	67	54	86	8	19
74	65	15	26	63	75	67	59
23	79	29	76	89	80	44	45
55	44	57	48	19	32	96	74
90	38	94	27	30	11	8	53
48	77	99	3	7	62	57	58
92	48	27	10	33	19	44	51
30	17	92	60	94	67	90	3
26	98	22	99	87	74	63	18
70	27	23	81	26	73	19	7
10	11	73	82	26	77	34	4
88	65	39	76	52	54	56	24
92	55	9	82	42	89	21	75
13	9	51	90	72	51	68	47
79	11	94	41	35	37	15	28
5	5	5	5	40	80	28	83
56	20	22	56	64	3	21	89
65	43	3	47	100	4	56	66
81	26	35	51	74	31	80	9
2	65	72	30	97	97	97	97
2	2	2	2	93	93	93	93
75	58	58	43	58	62	7	31
67	11	25	22	99	24	1	87
58	11	2	62	11	41	17	91
62	12	52	28	11	5	81	20
51	20	5	81	84	23	80	45
87	12	4	2	76	37	30	8
36	73	79	23	92	58	29	33
60	24	42	80	73	100	100	89
94	17	33	60	92	57	41	57
56	63	71	47	28	69	25	79
92	59	82	58	90	89	82	54
59	86	40	3	62	57	18	81
23	90	39	38	67	67	65	70
37	22	37	6	80	87	84	18
54	78	68	9	22	96	58	78
48	81	88	24	47	10	74	55
43	12	90	42	10	28	48	82
49	50	100	22	57	25	10	66
75	38	45	18	92	3	4	92
53	78	16	96	98	74	8	44
28	17	35	21	84	21	68	12
77	10	53	57	71	75	14	6
44	59	22	41	71	63	44	46
37	79	11	24	13	72	1	31
62	23	27	5	59	18	31	23
2	10	61	82	84	26	24	26
13	24	57	49	47	42	83	41
41	63	14	15	73	25	27	21
64	51	77	88	54	38	1	32
99	46	67	61	74	68	31	20
96	59	48	45	66	69	61	99
7	22	70	17	61	15	87	57
49	44	46	61	97	11	29	9
74	24	24	62	63	11	61	37
66	26	68	21	24	7	13	2
50	30	60	10	94	42	98	47
68	73	8	70	26	96	36	51
21	20	98	33	86	22	95	9
50	15	76	63	27	97	88	8
86	29	61	6	67	68	13	86
8	8	8	8	22	58	23	58
88	3	42	37	14	61	43	60
72	40	39	64	100	73	79	61
70	30	58	15	26	26	53	24
84	71	71	72	98	98	98	98
9	9	9	9	100	100	100	100
98	36	18	30	41	76	20	50
51	26	21	96	94	53	95	7
23	25	12	62	80	54	22	97
34	93	9	4	87	25	68	20
56	9	51	43	41	98	97	45
19	43	17	24	25	20	23	63
51	48	62	59	100	54	77	84
48	92	79	85	33	10	7	77
61	78	96	48	27	13	10	19
3	94	74	84	39	12	89	95
89	93	56	23	4	44	70	30
77	30	100	53	28	80	76	84
15	84	27	28	61	85	43	25
93	36	60	24	9	1	88	82
27	54	5	39	38	41	13	67
2	18	4	24	21	8	98	95
43	65	63	25	14	71	66	96
72	6	31	62	24	14	95	91
76	24	21	30	48	14	32	35
46	22	63	61	62	7	2	55
69	9	9	31	37	73	19	84
38	11	37	100	57	68	12	64
87	29	48	81	18	22	52	21
19	20	11	14	21	12	14	84
93	27	48	34	51	71	100	38
7	88	90	61	5	95	80	58
84	60	70	53	28	25	43	91
86	14	92	15	75	97	75	8
38	26	55	15	42	13	33	23
78	49	31	71	67	80	33	22
57	92	96	9	88	30	1	8
86	90	91	61	53	43	63	81
41	87	36	7	7	53	44	43
74	8	31	28	16	29	81	5
37	64	7	74	94	17	38	4
73	56	4	58	91	86	23	93
28	48	65	17	95	58	91	92
99	62	57	67	23	59	27	63
91	63	57	3	26	83	70	31
97	81	31	51	85	8	82	11
4	4	4	4	13	40	87	66
7	14	11	71	1	45	74	98
34	44	14	27	44	22	22	5
90	58	60	46	74	19	21	77
37	27	14	87	94	94	94	94
4	4	4	4	90	90	90	90
96	3	89	19	67	59	39	79
22	75	29	7	4	3	45	13
34	38	69	24	22	48	77	5
30	43	16	73	80	62	15	88
56	80	67	3	49	43	71	77
54	6	87	67	83	24	96	70
49	94	18	68	96	50	75	44
30	13	50	66	38	8	3	38
27	28	45	100	88	82	36	14
36	27	33	87	17	88	24	11
16	81	71	1	48	33	6	44
89	2	97	32	5	39	100	61
15	64	26	8	94	2	67	9
52	70	17	73	89	99	72	69
78	23	3	94	78	82	83	39
88	1	85	53	16	74	45	21
4	18	18	63	45	62	5	48
63	98	36	81	47	56	56	57
8	39	31	26	19	99	67	40
39	48	46	74	37	20	14	5
38	81	2	49	88	32	23	93
100	68	91	71	20	72	13	65
38	73	23	22	64	27	75	26
77	21	92	38	58	71	20	21
5	15	43	49	32	85	49	74
94	41	20	20	32	78	47	57
94	28	91	36	42	50	84	93
99	60	3	25	19	93	38	60
52	11	62	10	51	3	32	90
48	60	86	33	6	84	29	59
90	99	17	46	34	8	31	27
33	69	10	13	59	49	74	64
72	96	79	23	90	70	25	69
30	41	34	44	75	70	80	79
72	46	3	37	95	27	91	31
11	91	67	53	13	42	41	93
4	40	85	94	52	93	51	2
20	7	1	68	91	5	57	95
65	89	30	32	52	62	42	99
75	32	94	24	75	56	4	87
1	1	1	1	39	44	29	57
63	98	85	59	62	1	11	1
30	74	35	89	41	60	88	88
2	16	5	40	48	67	50	76
52	66	12	27	96	96	96	96
6	6	6	6	91	91	91	91
48	3	23	46	24	43	77	4
74	72	41	70	72	24	54	92
96	96	56	61	69	90	88	51
56	26	50	54	7	26	93	6
11	41	17	70	67	68	56	48
51	24	68	96	62	26	61	95
45	11	26	23	33	71	13	3
51	57	98	30	4	8	94	68
61	76	87	100	11	69	25	93
54	46	50	88	54	75	62	61
62	55	58	14	2	46	56	23
6	86	23	5	57	70	16	7
95	54	69	92	89	82	26	7
46	20	58	51	43	44	100	46
49	28	47	94	21	87	84	38
24	59	84	10	71	96	91	62
57	44	81	20	53	19	43	65
72	37	30	20	8	44	64	100
84	21	76	45	37	90	19	31
15	57	59	92	34	9	58	71
54	62	38	43	26	6	50	9
59	62	5	84	72	32	6	25
11	93	65	56	26	47	55	60
72	32	37	48	24	11	94	10
51	8	1	13	17	60	90	67
90	58	48	95	79	44	31	1
59	59	57	21	22	28	48	90
78	99	75	56	68	21	29	95
4	95	96	61	44	57	39	22
79	90	69	22	59	56	43	31
12	99	89	80	66	86	73	79
46	70	27	36	4	34	44	55
82	72	37	1	73	1	10	53
41	59	91	52	5	92	89	36
26	12	76	6	95	23	46	24
44	55	63	10	13	71	44	38
85	77	59	39	99	24	85	2
51	31	65	92	82	42	22	39
89	46	96	33	31	72	28	18
70	37	98	97	28	43	69	57
10	10	10	10	60	64	20	4
57	85	52	7	48	37	88	50
81	15	43	46	70	9	94	74
98	7	16	66	19	38	67	85
58	56	35	76	92	92	92	92
1	1	1	1	92	92	92	92
79	58	96	91	45	34	72	28
94	58	45	53	64	3	81	17
61	49	95	28	64	82	40	85
17	92	59	69	24	2	64	2
16	24	60	92	44	27	75	86
45	29	76	74	26	27	96	37
5	100	96	98	8	23	37	19
68	5	13	49	26	33	80	13
88	61	38	93	54	27	27	48
13	83	12	41	72	34	78	92
24	12	27	35	57	16	90	81
32	76	99	86	40	88	8	60
60	62	58	46	95	44	55	13
91	86	2	96	92	94	75	46
70	73	11	100	45	13	93	42
3	99	13	3	75	15	89	51
48	11	20	73	16	66	67	50
79	47	76	20	100	57	23	38
15	90	95	10	49	95	42	12
28	32	88	88	11	19	4	41
99	61	38	15	11	82	29	48
20	72	24	39	59	42	39	91
80	65	73	69	27	91	4	40
100	39	60	38	88	18	61	24
43	64	24	79	30	18	6	27
68	5	1	89	37	38	67	68
90	7	42	79	94	11	84	76
30	30	40	68	41	6	34	19
26	33	66	52	48	92	44	91
60	29	83	87	80	20	56	21
52	66	3	55	48	90	92	99
19	7	40	41	39	8	50	92
15	24	67	43	88	94	25	64
24	91	13	16	10	85	74	85
62	39	9	86	26	14	97	63
67	64	8	40	54	45	75	22
14	94	13	28	80	30	64	98
78	38	20	87	33	64	11	93
99	84	40	23	53	89	78	62
70	85	91	87	18	64	67	52
10	10	10	10	20	70	88	2
13	28	40	10	18	49	50	76
87	34	34	14	31	58	54	29
75	54	45	45	29	56	84	76
33	49	71	81	96	96	96	96
2	2	2	2	99	99	99	99
18	41	28	58	19	65	19	36
50	77	15	51	74	89	15	47
6	85	51	14	53	7	58	41
100	76	44	87	46	91	69	46
4	85	80	84	3	80	24	90
15	60	61	86	74	86	43	26
28	14	93	31	53	25	33	59
46	1	74	69	24	74	77	19
77	50	1	17	13	6	38	65
30	67	3	43	34	4	66	94
44	90	6	83	97	77	10	18
44	84	67	8	86	38	88	26
48	3	54	87	61	36	10	96
7	58	92	82	54	42	56	5
23	13	84	18	31	48	15	28
73	19	86	37	31	1	59	49
8	49	35	5	13	30	91	44
60	16	89	52	21	29	72	99
34	22	36	13	60	25	57	34
76	10	87	29	25	39	56	99
8	19	15	26	25	90	45	67
8	17	92	66	28	58	81	71
42	17	40	27	71	9	33	66
42	16	40	99	85	9	82	26
98	56	67	63	78	60	55	85
81	85	4	49	70	72	41	91
73	88	87	87	68	100	72	44
41	52	39	46	90	6	67	59
1	76	60	66	85	5	76	34
21	2	66	29	30	28	58	38
56	44	58	51	61	87	15	22
18	93	28	91	9	59	33	39
91	14	66	40	100	57	56	49
86	5	21	15	62	6	48	75
19	45	61	20	73	58	29	49
71	12	13	5	84	27	89	11
72	37	76	6	76	69	42	44
8	23	1	73	48	28	65	8
65	15	92	50	75	44	89	85
46	69	70	75	44	28	45	41
5	5	5	5	43	5	72	93
42	81	57	89	66	53	8	43
31	61	92	67	39	16	67	34
87	45	74	15	39	79	4	28
34	62	53	59	98	98	98	98
3	3	3	3	99	99	99	99
79	55	6	1	26	20	76	59
3	25	95	13	9	79	96	74
16	5	19	67	82	24	70	82
7	88	23	91	49	49	2	15
41	74	45	63	5	80	50	3
43	29	80	22	41	78	2	10
15	35	17	23	13	61	29	46
13	34	23	25	84	8	48	81
90	56	37	74	2	45	74	57
75	81	6	5	18	35	68	27
84	57	46	88	32	69	37	86
10	99	49	86	58	46	34	1
35	18	28	90	3	70	60	88
33	53	99	91	32	42	76	54
83	3	30	31	17	59	37	4
77	12	94	70	4	82	71	6
50	15	80	100	80	31	22	93
100	16	37	98	84	11	23	49
99	86	90	53	86	85	7	65
74	65	40	19	68	92	85	71
3	79	6	32	54	42	66	70
62	41	23	94	90	27	23	41
80	42	10	67	27	50	43	42
24	25	18	14	6	8	57	70
30	45	19	4	17	44	23	94
83	14	17	25	68	53	9	79
59	52	41	34	42	4	5	15
46	9	22	10	18	19	55	65
89	37	22	24	100	79	32	34
54	38	25	27	56	82	98	88
26	20	95	59	99	33	96	75
33	86	17	43	57	14	31	100
57	93	71	97	17	69	76	12
95	26	57	72	53	83	52	6
14	59	97	85	81	30	32	91
64	55	45	87	45	42	66	62
45	33	6	25	34	34	69	54
53	43	41	10	71	49	70	36
8	77	50	78	3	93	60	97
49	57	33	100	89	64	31	40
7	7	7	7	3	71	99	42
77	41	86	53	88	12	64	75
84	83	89	47	83	92	36	27
5	79	24	41	6	41	56	92
66	21	50	45	97	97	97	97
5	5	5	5	98	98	98	98
99	30	94	73	66	43	68	3
8	9	37	21	59	91	35	44
26	77	74	56	68	30	51	6
9	82	27	71	61	34	88	55
3	26	73	20	54	96	8	24
100	85	42	64	55	49	64	49
92	22	14	98	66	53	81	77
70	42	83	1	78	6	47	1
42	80	60	41	71	98	37	15
12	68	15	24	63	71	17	81
100	69	10	60	81	15	41	48
22	43	49	26	65	18	62	54
18	63	29	63	73	31	76	53
77	89	37	4	53	35	49	37
63	21	90	67	89	98	40	19
58	59	94	48	65	68	99	52
57	37	9	2	69	31	34	8
85	55	28	84	17	31	31	10
57	39	67	75	7	22	70	95
11	35	66	27	40	80	100	31
57	80	54	74	71	16	45	63
75	54	47	26	59	100	14	66
65	55	61	97	26	15	52	16
3	23	42	73	50	11	45	11
58	99	99	62	16	32	23	10
33	22	33	64	20	17	5	53
48	38	26	89	33	5	94	42
28	93	43	76	78	73	50	100
28	26	94	54	21	65	21	38
83	37	6	58	11	15	68	50
24	78	6	31	1	31	99	36
95	35	81	56	20	38	19	81
53	45	39	31	98	34	32	43
63	37	49	37	16	88	60	22
15	64	98	73	21	73	19	80
39	30	81	25	46	22	59	77
23	81	64	40	40	2	6	25
35	27	25	34	62	26	55	97
38	23	71	3	98	89	42	62
1	99	20	38	17	64	57	64
2	2	2	2	8	7	1	32
96	73	54	42	29	20	1	47
58	80	76	24	29	41	82	3
25	21	13	44	75	46	47	24
76	66	40	12	99	99	99	99
2	2	2	2	96	96	96	96
57	32	50	86	65	52	98	56
97	90	52	97	99	5	55	4
50	41	28	8	30	36	88	54
44	99	54	61	87	67	37	6
57	10	94	94	86	68	41	37
6	20	14	26	50	55	5	19
63	98	39	22	69	61	89	61
89	54	62	9	93	24	9	41
70	6	53	19	53	98	75	67
89	56	89	18	68	92	80	35
31	21	42	56	98	24	79	64
58	68	96	88	44	33	85	40
97	29	42	45	100	73	50	95
52	90	100	44	97	66	29	53
64	46	75	72	7	41	43	74
2	15	68	97	48	44	92	9
3	11	67	62	68	41	34	61
73	90	86	31	68	57	77	45
9	87	27	91	60	28	60	89
40	45	89	34	14	69	64	34
69	31	3	29	50	68	15	78
100	75	38	38	85	89	5	20
87	93	7	21	44	19	51	63
67	67	22	76	50	36	84	98
19	60	80	25	61	6	44	41
84	21	52	55	11	38	67	29
61	9	22	52	28	92	96	38
36	41	80	9	19	83	72	45
99	59	49	74	62	44	53	82
64	83	46	53	55	20	66	92
46	47	64	75	47	65	27	24
46	50	52	73	70	44	9	13
90	96	88	33	56	90	27	82
25	64	53	47	64	89	28	75
36	45	97	47	34	70	95	6
62	62	38	95	31	23	58	38
68	94	8	68	68	89	54	14
96	60	85	54	77	72	85	60
92	55	36	66	36	88	8	10
67	34	76	88	89	93	23	59
2	2	2	2	41	70	39	99
62	15	90	49	17	63	8	59
49	63	77	79	6	74	69	61
39	43	2	70	83	70	67	68
41	56	23	13	91	91	91	91
5	5	5	5	92	92	92	92
42	92	52	89	64	76	24	74
99	51	98	76	65	60	20	44
28	80	6	90	52	10	24	88
92	87	28	39	17	22	66	72
100	4	91	90	2	8	69	98
94	73	12	25	52	63	64	23
58	45	8	64	18	3	88	95
72	25	74	39	99	98	12	7
4	45	18	73	49	72	1	80
79	39	27	42	30	53	29	31
31	18	75	30	74	86	96	13
28	90	71	87	39	87	70	96
49	65	72	6	98	51	46	98
81	61	65	50	9	42	60	95
64	17	25	58	52	47	25	61
73	15	36	80	47	96	4	12
8	93	15	97	91	11	40	81
17	95	13	89	45	53	35	20
51	24	6	25	71	42	24	4
73	76	30	26	77	84	14	6
92	96	97	14	5	60	17	20
10	77	33	87	54	54	29	23
76	61	76	63	74	38	19	64
64	68	76	57	24	97	10	14
58	92	39	35	14	57	80	35
90	86	84	89	97	44	14	36
42	46	48	88	66	14	8	99
87	4	42	94	38	31	48	88
12	33	87	29	80	82	30	42
69	63	27	19	85	77	78	60
25	56	51	65	96	95	30	63
57	53	13	62	69	72	90	48
37	67	79	51	54	77	77	86
52	100	82	12	87	68	49	21
92	74	72	7	73	35	67	67
20	16	19	41	99	91	2	11
63	57	74	2	32	4	9	31
62	87	70	64	24	71	43	21
59	14	94	39	48	89	58	35
71	65	73	65	65	43	70	4
4	4	4	4	90	45	17	26
16	82	3	72	50	15	10	79
100	83	92	55	27	53	31	16
42	90	2	35	26	12	19	7
8	11	7	9	99	99	99	99
8	8	8	8	100	100	100	100
75	48	94	43	32	57	5	50
16	97	25	85	80	84	47	70
56	35	54	49	18	42	23	95
57	21	56	67	83	25	76	36
59	76	54	44	14	28	99	67
34	11	63	91	47	95	85	54
93	71	76	7	13	67	6	70
10	98	12	19	17	41	89	72
89	26	32	22	65	21	10	43
63	14	46	69	38	49	60	80
49	88	97	85	32	63	32	31
39	34	48	40	70	71	47	14
68	37	88	94	96	56	86	3
78	88	18	56	99	16	21	48
90	23	55	63	49	3	63	47
37	71	84	28	46	88	79	60
63	62	16	31	8	19	7	58
63	3	75	53	51	64	25	40
10	88	10	75	15	97	2	96
30	45	39	92	11	91	40	15
90	3	17	8	16	40	99	1
35	100	65	88	56	34	93	96
5	80	85	36	30	81	26	5
24	28	26	73	63	61	40	58
44	83	84	100	20	71	35	91
65	71	17	84	98	52	32	95
95	100	58	51	1	47	31	97
61	25	20	98	63	1	58	32
32	9	30	84	85	38	55	17
61	34	25	11	57	68	83	9
59	20	27	35	95	20	71	74
6	11	94	14	66	4	16	49
7	26	11	49	52	69	85	73
65	56	27	12	17	90	89	20
90	17	53	48	5	21	94	61
13	28	18	41	77	53	52	62
61	25	35	88	78	67	44	40
96	2	30	55	61	96	46	81
21	83	33	73	1	3	69	85
65	31	70	64	33	35	44	87
4	4	4	4	88	10	52	67
88	24	9	54	87	8	35	88
55	78	45	81	76	48	72	65
21	89	23	59	98	22	43	12
18	58	94	48	95	95	95	95
2	2	2	2	93	93	93	93
95	45	27	56	38	41	3	99
84	87	20	13	54	96	75	94
64	17	23	98	97	46	93	1
56	74	97	33	82	51	43	27
82	53	91	13	67	85	11	40
73	11	55	50	43	18	9	38
33	68	86	95	68	96	2	39
13	63	9	93	14	9	19	65
87	35	29	16	50	72	13	40
14	94	26	32	78	2	71	45
37	5	93	17	6	72	91	88
82	3	85	33	43	68	23	54
65	39	33	29	35	22	50	4
58	59	79	43	25	70	8	72
16	94	85	61	23	57	87	68
64	91	34	62	36	1	82	15
75	14	18	85	79	53	94	78
81	37	34	100	19	99	6	21
31	2	21	71	91	24	89	42
45	29	51	50	48	4	78	18
84	100	84	70	98	75	74	63
37	37	65	75	9	18	53	92
40	5	74	43	77	77	40	67
100	22	36	7	1	3	4	55
1	15	10	86	38	8	4	29
35	43	57	12	51	18	24	15
4	19	10	91	99	75	96	96
23	41	21	3	95	6	26	19
76	99	2	77	2	90	95	8
28	22	66	31	31	6	82	87
80	25	16	70	78	89	95	52
93	50	69	59	83	41	63	75
28	45	62	7	96	73	35	97
30	68	16	58	21	99	3	93
94	77	42	13	42	7	1	91
49	48	52	58	69	98	20	1
64	43	58	46	5	38	63	7
87	86	93	14	85	25	15	91
79	100	12	87	6	29	34	66
27	29	28	63	25	67	27	97
6	6	6	6	32	28	56	12
66	12	51	45	54	39	92	20
54	90	26	42	15	2	49	51
93	87	90	39	93	95	22	13
24	73	94	54	98	98	98	98
8	8	8	8	90	90	90	90
49	60	86	2	75	79	92	63
79	32	33	53	60	85	57	55
27	16	100	19	79	50	11	55
23	19	8	40	11	71	25	49
58	62	94	99	39	27	62	31
19	31	35	63	7	12	71	59
47	40	80	97	74	10	22	48
27	94	47	37	29	4	9	73
89	81	75	43	93	69	97	79
80	8	78	47	29	45	56	30
1	43	6	28	60	94	42	88
27	1	18	70	20	10	85	72
77	38	43	32	43	31	33	14
28	82	54	31	82	92	32	83
23	94	92	24	68	25	60	46
26	80	80	84	11	70	41	58
40	24	5	53	37	55	69	52
58	26	54	91	48	52	3	41
42	70	95	98	38	34	7	33
49	44	67	33	51	13	17	68
11	98	56	62	8	29	44	5
10	90	93	18	19	79	57	29
2	41	37	21	39	23	71	32
15	95	58	34	35	67	12	20
52	47	81	49	25	55	64	100
44	35	32	82	93	38	100	88
77	29	64	29	84	17	72	56
9	32	42	28	4	62	7	27
28	72	64	78	68	59	6	63
84	28	75	61	17	45	36	90
23	53	81	46	27	75	6	6
72	56	48	61	37	17	50	37
47	76	85	83	69	68	72	97
21	95	20	86	17	8	56	18
55	66	73	52	21	3	72	30
21	67	85	14	41	36	11	61
22	14	100	63	15	100	51	53
80	44	58	9	15	40	45	39
96	17	15	86	28	84	43	32
64	18	41	70	77	17	99	42
6	6	6	6	20	5	19	41
32	96	66	12	42	89	45	10
88	69	94	53	83	89	91	40
1	98	43	44	17	23	8	58
5	59	100	1	93	93	93	93
2	2	2	2	96	96	96	96
83	87	67	10	36	5	5	91
46	6	77	49	59	51	14	1
83	66	66	9	58	87	39	98
20	24	1	74	84	21	18	39
59	47	68	38	6	49	87	3
13	2	73	99	15	17	67	58
50	65	83	4	71	11	94	51
24	9	31	67	11	58	54	76
89	26	25	92	100	17	23	43
52	15	60	75	83	86	15	81
40	79	56	38	37	50	69	82
55	67	44	64	90	10	99	84
59	91	14	50	12	23	14	40
25	93	57	48	73	70	82	69
17	69	58	66	70	62	70	57
22	57	57	26	46	41	28	53
96	21	78	46	94	29	7	24
43	82	9	46	49	53	11	51
2	55	85	93	88	9	91	77
2	23	27	29	39	60	50	51
66	7	92	16	28	35	48	67
26	85	49	6	89	75	50	84
63	38	69	43	68	67	10	14
25	34	1	92	71	67	92	29
40	19	78	91	15	20	38	15
80	71	85	11	90	9	21	71
46	51	2	10	90	91	43	91
21	86	39	52	37	64	14	45
5	47	46	35	75	19	14	88
22	21	55	27	51	54	7	40
87	39	66	24	47	77	80	84
92	19	28	75	31	29	100	14
24	64	56	70	85	45	73	62
93	100	20	64	23	54	81	74
92	51	26	25	42	2	96	23
41	49	52	27	58	58	65	50
84	80	93	37	95	17	62	89
23	11	90	37	4	43	91	28
54	45	82	1	21	76	94	32
18	41	72	4	46	73	8	99
5	5	5	5	17	5	100	13
31	54	89	51	19	58	99	34
54	86	48	87	66	19	8	73
24	88	19	65	96	8	5	21
77	93	32	56	100	100	100	100
10	10	10	10	95	95	95	95
51	72	39	62	3	47	100	33
85	88	63	62	19	99	13	93
45	59	80	32	92	11	64	34
8	61	24	36	19	62	29	60
65	10	45	99	79	31	31	73
49	26	53	77	30	53	91	58
19	51	83	19	74	91	24	49
34	20	95	92	43	68	40	56
72	30	10	82	22	80	24	7
64	43	90	64	75	57	41	90
32	55	30	52	49	70	83	45
2	87	66	91	62	86	80	1
47	18	96	26	62	42	98	16
38	72	17	36	53	52	19	48
70	53	33	29	77	97	68	88
54	96	65	37	73	82	14	8
25	52	20	49	19	83	10	95
70	21	37	76	90	61	68	48
65	40	86	32	53	8	75	78
64	59	11	8	96	76	59	40
6	15	76	60	24	61	55	71
63	23	42	51	70	37	39	65
9	63	54	97	38	78	45	48
20	25	53	62	2	19	25	79
83	53	97	99	14	3	80	25
72	19	32	90	98	54	68	12
3	34	99	34	86	50	35	29
29	37	1	58	54	2	43	90
62	97	49	90	94	83	9	41
7	36	100	86	22	38	80	53
38	15	76	3	74	18	33	41
3	73	77	15	19	7	75	75
43	55	47	56	99	24	46	51
1	48	92	11	41	4	34	46
98	68	75	6	59	77	70	23
42	16	51	17	71	53	58	44
29	68	86	98	68	42	50	94
84	78	10	37	71	56	44	6
61	83	54	51	59	12	67	21
66	29	21	15	3	74	46	28
2	2	2	2	63	99	35	1
33	54	32	12	13	83	53	50
58	67	1	68	20	12	21	11
96	19	62	42	27	18	18	49
26	60	73	10	97	97	97	97
8	8	8	8	92	92	92	92
97	50	5	66	92	51	19	69
77	6	12	48	42	67	39	14
48	48	57	1	57	77	84	22
90	11	97	80	21	95	36	67
8	89	42	10	35	62	1	72
27	38	76	2	41	45	8	99
14	46	79	2	2	45	34	40
82	6	62	51	13	11	43	74
8	71	42	33	94	65	73	85
61	75	17	20	94	8	98	50
61	91	50	22	18	61	42	25
63	24	85	79	1	75	40	56
40	44	17	42	56	100	50	8
17	51	20	53	96	64	91	32
49	89	45	6	67	31	54	89
100	45	28	48	79	52	9	25
3	46	24	49	51	82	53	88
82	40	62	1	52	38	89	11
32	34	94	5	15	86	20	5
65	16	82	59	9	46	5	99
17	51	36	28	34	68	2	58
3	87	70	1	55	20	89	21
95	20	59	6	41	70	92	57
61	11	37	42	53	89	95	33
40	72	13	52	69	46	88	6
98	36	49	5	84	57	74	75
23	37	50	53	23	4	39	100
98	65	25	66	48	60	13	75
85	6	81	88	28	34	70	38
3	96	72	99	61	12	83	98
63	60	44	54	32	39	20	12
27	15	78	3	57	72	49	90
68	14	22	91	84	32	12	22
90	88	12	16	98	81	27	61
36	14	79	79	27	95	5	42
86	98	19	57	92	38	55	17
99	42	88	4	49	47	11	86
2	2	84	85	89	61	88	91
35	10	82	38	39	98	96	25
59	49	36	24	6	92	34	89
6	6	6	6	74	10	6	2
76	99	40	31	5	62	10	8
32	8	18	53	38	37	36	35
13	36	83	67	66	61	45	16
28	39	19	10	90	90	90	90
8	8	8	8	90	90	90	90
31	23	95	14	19	85	39	39
16	50	33	84	58	60	63	41
91	44	55	41	17	94	5	89
90	61	100	77	83	95	57	7
35	98	38	11	13	50	29	49
82	40	18	8	7	45	24	16
5	82	65	81	94	18	81	9
80	1	25	30	57	43	93	18
19	76	41	91	59	80	47	18
92	12	63	51	23	80	35	54
84	23	66	78	30	20	64	95
43	95	43	99	7	3	61	9
20	57	29	30	89	2	87	23
2	98	80	66	40	30	71	75
70	6	55	58	96	54	44	48
89	38	63	93	95	46	31	98
80	82	47	52	47	97	79	16
90	98	76	10	9	79	88	14
33	57	57	7	15	44	6	14
93	68	99	32	73	43	93	88
17	65	42	81	68	52	28	96
87	79	32	37	84	12	55	46
71	83	46	13	50	91	60	26
10	7	3	22	73	73	62	56
77	12	29	72	27	72	18	54
78	13	92	71	10	96	74	6
81	57	25	84	48	21	40	66
64	17	88	96	46	95	48	59
35	91	17	82	42	6	87	22
16	80	98	3	28	76	52	21
100	24	35	76	13	21	95	8
74	83	4	51	46	5	5	88
20	68	96	54	84	95	61	20
38	3	29	70	23	99	27	93
40	61	83	36	1	64	73	22
66	33	22	51	69	65	52	84
53	32	91	56	84	69	92	38
82	7	76	82	80	40	72	2
80	27	69	90	65	87	52	6
23	38	79	69	65	6	96	42
9	9	9	9	61	46	93	73
29	89	10	62	13	10	24	72
12	73	62	21	80	36	93	28
1	25	3	25	51	21	32	18
6	19	7	23	98	98	98	98
10	10	10	10	97	97	97	97
85	58	69	11	6	3	17	22
24	8	36	56	100	57	79	38
83	45	11	6	68	24	33	95
59	3	16	66	49	67	6	87
98	49	40	66	56	3	46	67
43	93	18	20	42	38	14	92
73	82	67	51	13	46	64	70
70	47	98	98	77	21	4	6
92	64	19	87	24	68	52	44
60	73	50	91	35	24	96	97
69	62	95	59	5	13	92	3
24	88	2	82	8	10	25	39
77	31	52	27	75	13	39	37
58	38	12	87	9	52	28	30
47	94	18	84	19	96	91	4
55	59	78	7	3	74	44	48
97	36	78	97	23	76	80	70
78	66	24	28	63	68	56	42
86	30	23	10	85	21	91	45
47	82	74	83	17	63	36	33
77	28	34	73	50	74	74	35
78	78	19	7	38	36	88	16
44	30	36	8	35	95	57	67
66	29	36	50	21	92	12	38
100	83	41	92	28	66	85	91
2	100	74	60	8	8	16	39
86	17	97	81	2	12	8	17
12	51	34	83	26	70	71	43
1	94	76	19	90	1	60	37
42	21	48	59	92	28	22	71
53	28	47	67	21	1	82	51
31	56	55	41	62	77	48	19
18	79	31	63	26	65	98	86
33	7	12	71	65	78	31	42
29	29	90	2	87	45	24	78
13	100	52	10	74	26	86	87
23	71	89	85	49	42	24	45
16	79	69	5	67	95	7	10
32	55	93	8	26	100	91	94
37	7	52	18	67	96	42	80
3	3	3	3	53	48	1	98
28	56	40	58	19	40	45	21
27	97	50	8	46	78	39	42
11	12	57	52	55	83	35	16
82	57	29	41	96	96	96	96
2	2	2	2	93	93	93	93
66	24	16	82	83	99	29	49
42	37	54	78	3	55	78	88
8	45	29	45	68	34	87	8
89	87	48	49	41	65	32	81
22	74	68	29	81	12	51	42
9	89	22	42	35	3	3	13
32	24	75	17	18	25	99	49
15	75	51	53	33	91	51	12
82	68	98	76	3	66	40	87
55	75	82	73	30	62	64	39
18	20	7	8	63	10	51	48
15	63	1	70	23	58	34	95
76	32	6	55	3	3	78	90
100	27	6	18	55	47	4	53
62	50	27	29	60	49	29	19
53	24	13	74	17	23	89	70
47	42	15	53	51	69	59	13
80	76	40	9	60	28	55	98
2	35	31	58	80	47	7	49
63	65	71	5	33	48	1	5
58	9	24	43	34	22	32	79
21	74	20	76	78	4	60	89
93	58	38	50	60	71	54	37
51	88	85	97	61	73	100	28
89	73	78	57	90	42	78	38
87	63	47	51	32	17	26	48
92	91	86	39	86	52	7	71
51	96	86	100	67	42	60	12
28	44	95	85	68	49	70	66
98	33	1	50	48	24	36	57
35	80	93	26	98	64	6	16
15	93	64	8	19	36	17	28
6	52	5	7	30	59	28	2
60	17	84	96	5	89	44	72
5	17	34	32	49	95	91	53
89	89	51	59	88	79	57	6
84	8	91	11	32	14	82	60
8	72	40	40	99	6	50	74
17	46	65	76	99	95	83	89
90	24	91	49	73	68	29	43
5	5	5	5	80	61	100	59
49	9	77	21	83	40	12	54
15	7	55	12	52	83	53	53
89	45	25	61	50	8	83	89
92	23	60	5	99	99	99	99
9	9	9	9	95	95	95	95
27	97	44	51	95	31	31	78
100	96	99	100	75	9	61	28
91	43	90	35	3	35	10	28
57	86	45	54	73	73	45	60
78	100	71	40	59	31	6	37
83	77	45	82	95	46	65	29
46	7	14	36	62	23	34	63
93	39	73	92	20	66	28	59
68	41	7	36	12	18	81	43
88	87	78	90	4	37	39	95
31	58	55	54	29	5	71	27
26	35	64	54	97	52	61	90
20	9	38	2	5	5	83	75
90	69	5	87	62	15	80	88
89	85	66	12	82	9	48	57
36	29	33	35	49	63	10	22
7	48	76	3	5	92	32	15
46	69	48	71	69	48	15	77
53	10	41	11	100	38	4	17
76	53	97	39	78	52	57	81
70	84	63	48	86	77	97	31
5	67	7	65	12	84	28	72
34	65	96	6	72	1	55	51
27	93	17	47	73	54	14	92
80	3	13	7	69	40	96	4
2	63	96	64	95	51	6	84
25	70	63	67	1	18	83	37
5	11	74	4	21	14	77	37
59	35	21	97	39	31	30	26
75	52	95	38	79	58	90	92
23	81	86	90	96	71	74	9
76	99	5	55	54	81	28	35
85	35	53	58	89	30	31	82
28	41	20	100	69	80	25	90
75	6	76	15	47	96	51	43
65	76	15	17	81	28	25	79
92	16	75	79	4	1	32	51
20	59	2	31	27	2	31	92
74	80	23	94	71	4	72	42
71	87	24	58	37	63	35	22
7	7	7	7	74	59	59	99
75	58	8	35	61	31	78	42
80	64	93	61	77	99	58	65
80	11	74	9	3	80	42	67
86	78	67	68	92	92	92	92
7	7	7	7	100	100	100	100
53	64	96	46	87	25	47	43
90	33	60	29	74	42	40	64
13	63	82	21	38	49	44	70
9	46	18	90	27	31	24	87
38	68	2	29	7	62	23	26
67	84	42	18	44	85	79	79
69	25	90	99	52	20	73	4
59	60	22	99	18	68	69	13
61	23	16	84	39	83	46	52
73	54	54	13	65	54	12	52
66	8	19	65	39	65	48	58
25	91	41	14	87	15	11	61
47	52	59	65	65	64	87	28
46	76	92	14	11	25	93	93
76	54	61	32	17	85	67	10
15	30	25	63	12	55	54	45
67	69	15	40	68	46	32	67
49	88	81	15	20	21	31	34
69	42	82	67	4	88	34	72
31	40	44	18	27	69	21	6
7	82	15	84	8	11	89	61
39	2	16	76	20	11	9	22
39	82	62	85	78	74	43	96
61	100	56	5	61	63	86	15
49	54	71	94	2	32	82	2
55	61	23	6	90	2	54	63
11	9	44	11	43	32	90	21
71	73	61	22	93	46	26	73
65	86	26	100	71	37	83	12
38	3	62	44	12	50	36	25
15	69	57	1	6	33	7	30
57	50	22	36	15	7	41	43
13	96	100	43	37	80	69	88
93	40	84	38	92	10	49	56
57	86	9	97	71	88	37	85
55	68	80	35	62	18	73	8
36	27	54	63	61	3	90	66
38	36	53	48	7	89	21	2
24	5	35	76	30	34	60	99
65	76	62	11	8	53	33	64
2	2	2	2	17	49	10	37
72	29	61	74	27	29	21	50
52	81	40	46	54	94	99	55
47	54	17	29	15	62	37	42
87	26	61	11	96	96	96	96
6	6	6	6	98	98	98	98
60	47	6	43	62	39	74	18
98	73	42	95	42	70	44	79
7	22	59	95	98	6	43	20
26	18	19	85	81	16	32	38
63	32	29	73	72	24	67	67
5	58	44	14	73	46	77	60
87	42	51	61	98	58	14	3
79	31	88	5	90	51	11	81
13	43	3	97	86	39	94	17
61	92	67	76	45	18	44	89
12	94	56	76	78	10	5	6
59	20	53	46	79	26	43	81
39	54	93	68	99	89	56	83
22	69	67	83	5	43	39	6
54	16	99	90	81	79	42	69
84	12	44	69	34	55	46	63
73	83	78	4	31	91	20	17
48	85	71	57	26	81	62	31
95	12	86	100	30	73	76	5
49	11	17	16	17	39	79	37
4	2	33	37	77	29	18	91
99	9	63	79	92	41	27	74
17	49	97	9	84	95	52	46
21	78	18	96	80	19	13	92
62	24	35	45	75	82	44	38
50	12	90	31	92	83	52	44
78	93	88	35	93	96	90	36
80	39	64	94	64	77	40	67
4	34	40	2	91	4	98	68
42	45	20	19	74	50	19	57
35	16	84	35	75	11	97	30
63	54	55	42	22	67	23	7
87	44	94	79	51	24	16	99
2	94	74	48	64	53	86	50
82	8	72	17	1	61	52	30
79	75	88	90	93	23	70	10
99	32	88	71	88	53	8	9
71	50	95	68	25	7	4	14
83	4	100	17	42	37	6	41
78	89	63	52	49	13	55	94
4	4	4	4	87	63	39	69
22	24	85	71	30	98	64	97
5	71	95	75	18	65	56	76
24	15	76	29	2	9	14	53
31	8	54	47	98	98	98	98
8	8	8	8	96	96	96	96
59	13	93	94	23	45	64	41
50	83	75	34	6	19	87	92
67	14	17	85	15	75	23	21
53	49	94	24	53	46	86	33
19	70	77	21	73	51	79	16
54	67	1	13	29	1	16	100
15	53	51	67	50	94	46	71
18	92	5	32	55	19	74	45
26	83	7	40	1	63	38	30
26	21	39	67	15	26	25	33
13	11	71	59	11	94	71	73
50	56	48	99	67	79	24	14
13	57	76	65	70	82	37	46
85	64	31	27	73	18	51	65
73	33	30	59	25	63	71	76
53	4	8	46	90	78	74	7
98	24	10	100	13	43	39	95
90	47	70	90	67	41	39	65
6	23	38	93	4	51	90	3
70	12	78	9	54	58	74	94
14	22	44	51	47	97	84	81
83	52	96	19	97	5	90	46
98	24	36	34	4	53	100	28
38	68	37	14	72	43	100	74
51	13	3	34	78	63	39	87
20	20	57	91	7	97	76	3
1	13	75	12	20	77	9	87
53	76	86	5	79	8	30	94
13	2	51	42	21	6	96	53
28	83	83	61	70	56	59	22
2	50	36	95	61	86	57	10
82	59	91	57	69	65	76	18
99	45	62	34	96	94	21	99
42	9	41	31	56	90	96	57
25	30	87	95	36	52	46	56
84	73	37	71	31	25	92	67
52	72	80	76	35	43	25	71
30	20	96	3	94	71	32	61
65	62	76	28	15	70	15	72
100	100	8	96	90	95	61	41
10	10	10	10	3	77	76	95
32	44	42	10	88	9	95	73
17	82	15	68	27	70	76	51
3	26	37	7	100	82	78	29
53	68	21	53	90	90	90	90
1	1	1	1	100	100	100	100
68	23	16	58	93	32	43	16
56	71	31	66	93	68	55	45
10	47	83	26	39	98	79	24
5	62	26	60	65	76	6	61
65	84	27	84	56	22	30	7
97	84	46	63	39	82	38	72
99	4	42	21	80	44	94	84
5	31	8	70	1	19	79	98
62	5	89	61	90	17	61	86
78	100	41	45	83	52	18	69
96	7	62	42	80	2	81	78
8	54	56	86	70	10	28	69
3	59	31	76	52	17	96	90
8	22	7	12	9	13	12	68
46	37	90	2	6	98	40	56
68	73	9	9	66	43	5	62
23	73	14	63	62	22	80	85
85	57	5	4	70	1	100	45
88	6	13	97	14	46	13	4
88	40	56	3	79	90	28	71
98	66	97	36	70	16	54	5
1	62	9	97	10	76	80	8
73	33	17	23	17	22	87	100
81	63	85	37	85	96	99	31
26	8	96	7	67	22	45	29
30	58	43	98	26	52	15	27
30	25	5	62	44	22	66	54
63	14	30	48	66	97	79	58
59	40	22	54	36	34	15	30
45	28	21	89	67	98	73	40
13	82	15	42	27	96	40	81
12	40	13	34	65	81	39	83
52	38	70	50	92	99	68	59
35	90	48	10	30	69	43	56
24	47	74	35	94	91	10	79
100	35	32	84	20	11	51	69
49	16	71	46	87	52	71	76
30	100	85	74	76	58	43	34
41	16	95	45	12	84	38	2
51	18	28	25	18	71	56	47
5	5	5	5	78	12	17	91
68	27	15	66	25	34	76	59
62	59	95	98	16	48	44	9
15	94	63	1	38	15	86	91
61	65	97	90	91	91	91	91
4	4	4	4	93	93	93	93
96	52	19	39	28	73	10	43
65	28	51	24	75	81	39	25
74	39	65	54	56	1	22	40
80	66	89	38	85	72	88	88
29	87	87	59	46	51	43	78
53	48	42	17	5	86	54	30
55	52	56	33	73	49	39	5
13	20	55	100	46	6	27	98
36	40	31	81	54	55	29	59
78	40	11	100	79	90	85	89
8	52	92	88	47	47	28	73
84	52	43	88	15	9	73	50
76	27	36	11	36	67	56	3
34	88	58	47	5	79	40	2
9	58	81	56	55	82	56	13
28	52	20	41	1	66	49	61
27	85	23	2	57	20	93	9
53	46	75	63	61	80	86	58
71	46	24	43	87	61	1	65
38	52	90	71	68	72	98	99
6	84	76	91	43	2	28	25
50	35	78	94	73	13	72	29
67	100	39	27	61	25	10	26
57	61	93	82	17	97	94	17
42	29	60	77	45	19	60	21
65	65	53	19	51	71	8	38
27	61	55	50	94	61	5	42
11	82	81	15	21	85	56	9
89	4	18	96	21	83	74	9
33	37	21	27	45	40	30	17
71	4	88	16	78	60	17	50
58	9	36	5	58	11	89	25
45	61	60	50	3	39	94	39
51	7	49	35	86	62	2	39
7	64	1	68	85	17	69	86
85	84	2	70	71	81	14	16
98	63	69	79	95	9	11	89
2	67	93	99	13	6	100	93
24	48	50	88	43	49	55	84
57	65	73	4	19	49	40	15
9	9	9	9	52	31	44	49
3	82	26	17	46	64	47	85
3	92	32	60	51	71	15	4
26	41	93	48	24	7	13	99
85	64	90	90	94	94	94	94
4	4	4	4	96	96	96	96
86	25	99	52	30	33	53	39
94	78	82	96	100	83	44	51
87	54	11	47	7	93	10	76
62	32	43	26	72	83	53	83
35	95	39	29	80	87	69	5
39	11	79	76	88	13	95	58
76	35	68	48	31	53	18	100
20	48	61	99	33	56	86	11
79	3	34	57	21	85	32	19
13	80	2	7	2	83	41	30
8	11	24	11	62	44	64	16
75	54	48	64	25	35	67	37
59	35	80	36	79	61	61	3
78	92	98	86	44	11	29	62
92	98	92	9	89	36	72	75
92	30	71	79	72	11	51	91
99	94	8	66	96	29	52	20
36	83	70	99	7	58	43	47
23	32	15	78	37	45	80	55
67	25	78	81	39	84	7	86
79	32	88	43	29	71	65	76
46	35	76	51	12	37	18	66
98	12	46	66	88	100	53	90
68	38	3	67	72	41	97	39
48	13	93	2	4	84	87	81
82	51	97	45	39	84	43	41
15	34	47	85	38	33	4	2
55	14	70	18	21	37	4	49
63	7	42	8	98	85	25	48
85	69	81	51	83	61	54	4
58	56	29	96	90	94	88	17
54	52	60	77	92	31	88	20
44	41	71	75	22	45	38	25
78	71	9	55	74	73	67	1
36	74	42	68	13	83	68	2
12	4	6	67	6	49	47	51
11	8	35	79	100	54	35	51
29	40	21	31	22	75	58	14
63	24	11	65	10	9	54	17
54	66	4	82	84	90	85	46
5	5	5	5	45	11	11	55
3	97	39	98	27	89	33	51
29	45	65	40	11	55	91	81
70	16	75	87	70	37	6	38
38	32	18	78	93	93	93	93
2	2	2	2	99	99	99	99
16	38	87	41	9	37	85	86
53	86	51	12	30	2	58	34
42	76	76	74	53	90	29	35
44	66	33	66	99	16	5	65
7	95	68	49	99	26	95	50
10	11	35	2	50	48	56	10
26	77	66	62	5	4	41	10
39	36	58	75	8	35	19	1
51	87	68	57	25	23	53	40
60	93	43	1	97	79	18	22
62	93	5	17	62	26	66	49
79	56	54	71	50	32	80	22
22	34	28	6	17	43	46	57
71	97	61	96	78	31	41	64
31	73	62	53	11	17	55	88
97	98	53	13	73	8	34	85
10	4	55	8	96	43	58	22
4	61	24	89	53	16	58	31
33	76	78	57	48	28	3	12
48	77	15	75	75	96	19	73
6	90	62	68	37	30	39	38
12	73	24	94	29	31	20	35
58	45	87	41	8	49	70	42
12	28	67	10	59	54	39	7
40	13	86	59	92	100	62	92
86	15	58	85	64	99	89	3
4	34	89	53	27	27	8	28
38	86	47	79	32	94	89	12
98	1	48	83	16	62	36	96
57	24	4	26	30	47	38	6
21	96	82	79	90	76	44	20
23	35	65	81	41	93	46	20
59	88	32	26	94	91	50	1
52	6	70	18	70	70	46	19
36	21	43	61	22	80	25	17
21	47	7	98	17	23	56	29
62	100	90	55	97	47	23	31
7	73	53	100	11	21	48	31
80	76	17	35	44	86	5	9
66	34	61	34	90	71	96	45
3	3	3	3	9	93	52	10
24	64	89	71	63	11	9	46
82	82	27	24	17	91	58	33
35	67	49	67	62	32	47	30
65	45	24	16	99	99	99	99
9	9	9	9	90	90	90	90
57	37	18	43	35	68	21	8
75	1	79	41	54	36	58	76
76	64	55	66	61	78	36	75
72	80	59	49	32	64	90	80
85	7	37	86	78	78	62	6
76	34	58	58	8	41	20	61
51	5	71	22	8	74	95	80
42	75	26	7	77	46	18	27
48	33	21	58	3	51	29	32
37	4	52	80	70	70	63	80
10	96	17	41	1	47	62	91
87	74	80	80	51	84	15	58
74	79	58	15	29	97	82	47
64	95	74	8	67	79	66	92
80	25	11	47	96	34	29	8
11	6	100	6	14	9	76	84
17	14	57	43	81	87	74	96
22	26	86	63	69	59	60	52
71	59	7	89	55	7	32	85
78	23	53	86	30	68	26	63
14	47	66	18	56	8	3	40
36	67	17	93	1	88	85	48
26	72	37	87	84	80	36	82
48	82	61	54	35	75	91	97
1	88	54	47	64	16	42	81
7	12	33	97	10	70	34	99
40	70	28	46	42	49	77	14
51	12	74	20	12	60	3	16
39	58	92	42	54	94	26	66
26	38	59	58	17	67	15	6
52	89	49	46	82	28	79	58
9	10	51	49	18	42	41	17
98	14	80	51	72	70	27	100
26	75	80	35	40	51	58	17
69	80	66	43	46	94	12	30
44	18	1	22	95	10	20	32
13	95	33	4	89	12	89	22
96	71	85	91	15	11	60	74
64	70	71	70	77	52	27	69
74	79	79	77	52	88	36	16
7	7	7	7	86	37	5	27
93	16	69	78	67	2	85	5
76	43	62	70	100	89	3	13
96	53	20	1	25	79	46	53
16	53	97	36	91	91	91	91
10	10	10	10	98	98	98	98
70	5	100	13	62	27	10	95
86	77	93	22	23	19	89	43
88	50	46	90	45	3	9	7
21	48	73	31	31	63	75	20
19	90	56	12	47	8	28	49
67	1	32	93	95	14	96	38
70	83	96	72	28	15	12	88
10	74	54	86	65	20	93	14
56	31	12	8	26	70	85	66
20	66	78	73	66	9	19	82
67	33	9	64	75	41	49	93
57	6	47	15	51	67	13	86
65	66	20	61	7	92	12	1
62	2	51	42	42	99	80	27
28	62	3	52	96	41	51	79
47	9	1	39	79	58	59	62
31	40	65	11	83	75	74	74
75	8	85	26	82	83	87	60
48	70	46	85	21	40	55	52
44	68	64	59	77	99	15	36
50	21	65	80	49	31	99	22
59	84	74	52	67	64	71	65
98	53	28	38	7	97	94	59
56	71	97	88	76	30	36	87
35	3	42	53	9	15	83	51
72	27	38	75	18	38	45	20
83	78	17	26	60	5	38	32
99	67	20	70	48	92	97	3
67	86	71	62	49	83	12	97
78	41	38	79	17	56	77	49
1	95	14	15	83	98	94	37
27	69	30	18	58	19	20	85
9	74	61	46	72	49	57	91
39	84	9	50	28	70	64	80
78	64	97	18	92	85	42	59
66	77	53	19	23	7	24	41
63	26	2	99	69	73	13	91
10	86	91	74	30	23	26	59
78	56	49	66	2	27	64	13
34	27	50	62	67	67	61	67
6	6	6	6	84	70	33	9
71	30	41	51	93	39	37	47
34	11	84	14	13	34	33	29
63	4	76	95	54	17	37	62
28	78	20	8	95	95	95	95
5	5	5	5	97	97	97	97
57	87	30	10	67	58	74	1
66	24	24	40	2	35	56	90
31	27	30	35	24	85	31	46
9	80	64	36	65	82	36	43
99	6	4	49	39	49	20	66
38	18	63	71	8	4	67	34
25	74	12	15	56	23	92	56
18	48	60	50	16	71	70	61
100	29	8	94	25	100	22	59
38	32	61	2	31	17	48	4
75	87	42	72	18	45	82	5
43	43	39	5	87	18	92	54
100	82	51	14	68	98	75	51
60	13	30	9	100	98	56	72
35	9	80	92	41	17	57	13
71	80	96	61	8	70	14	64
71	81	61	68	80	70	25	90
73	30	49	37	97	85	8	28
59	64	100	39	80	7	74	19
17	56	54	59	76	99	49	66
62	36	33	51	27	97	38	98
31	16	30	35	45	11	71	53
22	5	71	46	56	67	17	72
34	94	82	76	29	70	49	78
93	6	94	77	52	77	7	36
30	26	28	67	45	21	43	31
9	6	42	58	70	60	5	19
49	16	1	24	88	40	86	30
90	83	59	51	20	60	75	56
27	46	9	20	42	69	86	87
45	6	87	67	62	65	33	26
63	13	6	5	49	70	99	29
31	22	86	66	45	72	62	40
81	70	51	90	29	63	23	34
52	5	15	85	90	44	58	94
89	14	57	91	95	9	52	96
60	60	78	79	24	88	26	42
28	5	4	10	30	7	20	21
84	74	68	18	45	68	97	41
30	56	6	69	83	8	77	35
7	7	7	7	21	75	57	16
72	67	36	2	98	32	44	47
39	96	35	7	67	23	48	22
84	79	51	97	15	85	25	42
25	67	83	40	90	90	90	90
7	7	7	7	93	93	93	93
61	12	55	81	4	46	33	50
23	24	38	85	12	38	67	59
25	75	82	73	19	30	37	71
29	53	64	9	98	19	68	85
63	21	54	55	98	79	51	2
95	2	16	84	23	14	7	13
22	98	43	80	58	44	28	61
20	29	16	12	87	6	44	54
57	6	65	76	52	40	99	73
70	36	21	93	27	40	51	37
57	29	4	13	29	26	3	34
95	3	65	86	11	6	45	98
2	82	5	85	14	19	17	60
20	93	6	49	57	89	77	1
87	16	88	83	7	81	9	22
22	97	97	90	54	65	92	55
30	2	92	37	96	25	24	90
51	46	4	24	89	78	39	22
91	60	82	63	17	35	68	48
56	99	55	94	90	36	56	54
75	73	89	78	3	8	92	52
34	43	40	52	38	46	35	72
19	87	42	15	75	4	5	18
20	58	58	17	35	38	88	43
32	21	97	36	17	68	76	87
25	35	10	53	68	29	50	59
19	23	35	53	95	10	85	24
21	71	4	91	67	27	37	20
98	54	97	12	40	87	46	28
51	77	62	13	92	7	45	11
9	73	42	68	16	44	38	29
84	96	68	11	20	93	75	79
24	50	86	69	19	28	17	13
15	13	11	1	22	69	66	8
16	32	49	75	27	2	62	86
70	41	25	87	80	12	25	33
36	47	82	89	47	94	85	95
41	67	39	1	93	50	97	5
72	82	96	78	24	79	63	7
22	1	15	15	43	14	99	10
9	9	9	9	35	59	63	63
41	69	60	55	85	63	20	61
77	66	61	92	12	46	85	84
97	91	17	34	3	69	31	21
7	73	10	51	97	97	97	97
5	5	5	5	96	96	96	96
80	55	75	74	7	22	29	33
89	7	41	89	12	37	3	2
85	60	7	29	38	12	90	35
91	77	40	65	88	33	53	67
3	71	39	25	28	36	25	38
92	94	75	49	55	8	48	83
35	71	13	76	17	46	14	96
71	26	32	14	89	84	58	12
59	69	53	89	64	88	58	50
25	7	65	21	3	1	31	84
21	38	77	52	46	85	17	81
88	60	39	17	94	37	24	29
79	25	29	65	37	34	12	33
73	86	78	1	99	1	55	24
10	46	51	74	39	65	42	52
29	93	63	83	63	78	10	36
34	76	48	96	79	39	52	66
59	69	40	25	26	55	31	45
66	20	24	52	56	46	16	26
63	31	50	34	18	65	10	5
55	7	11	7	46	30	38	6
60	30	79	24	86	51	22	62
7	87	92	47	71	22	16	23
15	62	26	89	100	12	95	31
97	53	30	56	28	99	61	49
71	43	87	20	67	34	58	35
65	23	59	94	36	37	75	91
26	68	2	81	84	63	35	100
65	12	50	33	80	90	64	41
80	74	100	45	16	36	50	58
96	54	70	30	1	63	19	29
12	27	81	12	22	78	66	58
28	87	33	81	16	31	38	28
69	69	46	18	42	3	89	49
71	17	81	21	89	54	81	7
51	42	91	35	21	45	32	89
84	77	75	80	51	53	16	19
67	84	27	98	65	91	11	74
56	77	73	63	15	74	82	82
84	93	15	2	69	57	10	73
4	4	4	4	66	37	59	2
78	76	75	38	8	85	32	23
86	57	69	60	58	72	56	28
31	32	38	8	68	40	70	12
82	49	44	81	99	99	99	99
6	6	6	6	91	91	91	91
65	13	65	70	85	30	91	15
59	66	26	84	85	51	99	5
88	41	16	66	34	6	22	77
10	56	31	74	16	22	80	89
97	58	76	72	73	89	67	28
14	34	43	51	69	2	60	20
45	17	93	87	40	52	43	24
97	82	34	77	55	27	38	94
55	12	21	88	89	98	76	57
79	82	26	73	94	38	16	2
92	45	43	49	55	48	18	7
91	13	31	10	38	57	59	3
11	45	53	12	53	50	18	77
72	21	93	94	76	30	71	74
29	76	61	43	81	94	39	74
68	23	95	80	43	38	66	50
77	2	74	23	10	9	57	69
92	89	9	89	80	22	1	60
28	33	51	10	35	91	8	93
84	32	42	42	58	55	23	62
4	78	96	83	54	36	96	49
4	97	61	94	80	36	99	81
4	92	51	84	73	40	53	63
54	26	63	5	39	39	31	79
67	71	54	67	97	71	85	75
34	76	20	48	15	15	7	81
78	83	42	75	100	81	51	49
62	48	2	2	7	75	81	60
9	75	77	1	83	32	85	94
60	8	16	5	59	73	12	47
35	17	12	21	41	48	35	100
39	48	9	56	65	59	78	49
96	44	95	55	77	62	41	57
32	21	69	8	63	67	3	46
100	17	2	91	63	56	65	53
11	77	66	90	48	45	50	33
30	8	55	23	33	19	54	30
12	25	32	26	8	26	69	15
23	35	2	14	48	55	96	64
12	66	75	22	4	47	43	76
9	9	9	9	9	34	97	5
87	4	1	47	22	96	19	17
55	32	72	56	37	75	73	12
40	14	39	42	22	27	84	46
17	92	24	64	99	99	99	99
4	4	4	4	91	91	91	91
59	1	14	47	92	28	14	59
90	32	29	32	9	94	26	39
4	58	28	10	24	89	59	93
47	87	73	67	98	66	18	81
83	87	55	4	9	48	46	6
90	95	4	33	42	87	9	73
92	22	42	49	54	28	80	64
75	47	45	80	77	14	61	15
58	94	96	28	50	37	32	94
28	25	57	56	1	78	1	70
52	8	69	88	15	55	100	35
73	46	10	60	64	85	66	40
21	15	92	41	60	9	92	93
98	84	56	74	59	12	26	28
6	77	68	85	98	60	13	75
60	65	31	72	34	43	11	68
4	82	84	89	10	57	56	73
64	40	34	28	74	10	53	84
99	46	73	41	53	47	59	80
70	6	39	48	42	4	51	72
18	63	99	10	39	61	74	67
74	98	14	71	6	77	15	93
83	7	89	80	37	71	65	100
46	40	35	27	17	77	90	67
29	86	22	33	36	11	34	5
77	33	74	23	11	95	78	77
5	40	93	61	23	54	60	100
71	82	33	76	88	52	63	11
26	22	17	50	42	13	4	39
75	99	3	72	70	76	99	65
41	72	81	95	69	84	59	94
16	29	76	65	42	88	96	57
93	80	62	18	59	31	98	92
76	90	11	68	57	92	11	10
33	100	67	9	67	15	40	1
15	61	46	17	73	53	5	91
76	57	87	71	23	90	53	72
85	80	72	97	95	78	35	87
65	88	18	15	38	98	39	33
8	10	52	63	5	22	68	6
6	6	6	6	53	99	93	20
9	77	28	69	3	58	86	59
72	52	10	88	92	52	13	76
18	33	74	45	11	100	59	39
69	58	18	81	91	91	91	91
2	2	2	2	93	93	93	93
34	6	28	18	5	55	20	32
84	68	97	37	86	1	15	7
92	7	39	20	43	83	98	82
38	65	67	86	57	41	4	57
32	70	3	57	65	76	84	12
38	75	40	56	6	33	52	9
92	47	35	44	42	35	98	83
84	28	93	39	99	73	36	77
56	90	79	72	77	52	39	63
28	22	18	59	59	27	24	99
30	32	19	70	13	75	84	21
38	13	60	21	75	99	45	73
6	25	68	96	34	13	56	35
9	26	25	80	74	93	77	19
22	2	59	69	53	27	82	72
12	62	27	87	61	12	21	3
87	33	4	67	35	20	53	33
85	9	47	59	53	43	60	90
61	70	10	63	74	40	28	16
22	36	19	37	41	74	96	88
88	81	28	56	3	43	22	66
2	85	39	41	25	63	37	59
40	56	33	23	43	35	41	15
47	17	9	32	37	31	64	77
27	68	6	99	53	21	30	99
35	90	2	74	36	36	74	63
23	77	57	36	79	100	79	79
16	5	38	49	5	57	74	5
56	70	6	97	70	54	100	10
44	46	98	61	91	33	24	82
84	91	12	80	84	29	10	36
28	33	75	87	1	87	29	67
9	38	30	60	3	59	58	95
100	48	48	94	36	100	9	8
76	15	22	52	64	54	23	84
43	25	44	47	10	3	68	13
48	37	8	36	90	21	78	64
1	98	45	99	82	79	32	93
43	12	26	96	47	68	57	49
19	91	94	40	24	92	90	82
3	3	3	3	66	40	93	21
65	35	71	100	12	1	9	96
76	85	69	29	51	65	45	8
77	47	99	64	23	61	14	32
42	60	50	97	98	98	98	98
2	2	2	2	99	99	99	99
13	25	80	74	68	67	22	14
80	9	79	59	49	69	60	71
12	76	41	35	42	83	84	91
71	78	76	40	41	76	90	73
51	79	33	96	58	11	9	43
5	7	42	62	59	6	57	32
22	40	28	64	61	84	89	33
16	26	58	85	53	31	84	41
50	55	23	20	44	77	66	31
29	51	52	34	75	87	16	91
4	47	70	32	92	73	81	43
45	34	5	3	94	2	83	96
46	17	92	92	76	19	28	86
16	57	70	63	83	66	70	26
54	65	61	19	84	66	39	80
75	20	95	38	16	29	42	53
54	80	100	42	18	48	59	4
25	43	59	1	90	100	9	66
87	30	19	1	99	91	61	86
19	30	36	47	19	25	65	34
58	15	36	61	61	66	45	61
38	63	75	70	3	23	79	22
55	19	16	18	73	4	38	95
49	65	52	10	89	24	38	54
74	15	23	35	47	46	33	8
89	19	71	79	11	84	4	96
96	89	45	73	16	43	44	49
98	76	17	89	55	11	52	34
66	21	74	80	23	53	29	87
2	77	73	10	51	75	22	19
33	83	23	88	46	17	42	90
91	23	15	80	58	40	81	99
43	82	6	76	87	95	33	94
95	89	61	27	27	38	86	92
48	63	83	72	99	40	15	100
95	53	35	86	79	65	62	15
67	6	99	71	63	27	9	33
52	14	74	28	56	81	51	27
76	17	69	56	33	30	81	99
33	4	14	33	53	21	38	45
2	2	2	2	93	59	43	6
63	42	18	95	81	67	40	30
13	55	24	16	6	70	45	29
43	45	26	66	61	97	82	53
64	19	30	47	96	96	96	96
8	8	8	8	93	93	93	93
69	22	94	94	13	8	76	80
97	52	63	62	31	20	23	11
80	41	33	10	28	99	48	49
85	38	58	27	1	36	13	28
84	33	93	28	21	79	36	31
11	31	57	49	62	48	75	64
55	50	91	17	42	70	39	35
60	71	46	30	48	37	22	64
17	11	30	42	57	53	66	69
17	39	47	52	84	10	39	6
10	43	6	32	82	73	90	8
83	50	1	20	33	80	73	84
18	64	89	68	50	25	85	70
38	32	25	49	83	91	54	82
48	61	20	63	99	1	11	12
33	22	17	76	45	21	9	66
85	52	42	53	22	30	34	90
80	77	21	51	41	82	16	73
55	59	20	26	63	95	98	62
57	52	23	62	45	93	12	35
22	22	30	87	84	95	22	60
41	20	80	30	52	20	50	80
66	37	18	96	72	97	60	62
83	70	80	75	5	49	32	71
33	39	89	3	76	14	43	7
17	92	67	47	25	39	61	79
55	22	77	13	13	69	1	60
32	57	20	85	75	38	96	77
69	45	75	53	63	58	53	46
1	71	55	21	59	55	11	40
80	98	100	28	79	97	8	25
7	21	56	85	75	44	67	8
10	97	66	27	3	4	100	27
44	79	85	85	87	45	15	42
6	89	68	10	12	70	22	3
48	21	23	1	49	27	14	53
95	10	35	44	82	29	78	77
8	73	82	4	49	95	1	9
49	81	60	68	85	6	32	6
71	90	11	9	92	22	69	98
8	8	8	8	91	31	66	35
96	4	79	97	30	38	76	3
68	21	92	78	63	43	69	79
100	26	16	16	36	20	69	79
75	8	93	34	93	93	93	93
8	8	8	8	100	100	100	100
61	10	70	47	43	65	46	85
96	65	38	50	93	30	46	63
68	31	100	34	93	94	47	89
97	90	100	3	80	38	83	5
27	87	56	40	14	57	43	97
92	21	4	72	48	20	82	81
7	23	1	24	35	49	51	100
96	18	4	62	28	71	62	90
45	73	78	37	86	54	81	12
85	15	4	98	16	99	59	15
15	92	54	7	9	14	12	69
17	96	17	23	19	2	52	17
47	4	7	32	50	53	63	25
86	97	98	78	57	87	29	64
83	74	66	72	65	85	85	23
68	13	70	57	32	97	64	75
88	11	16	98	21	86	52	66
41	41	20	41	2	14	13	42
6	37	58	20	91	53	59	29
59	5	70	81	46	60	2	88
62	56	44	40	50	93	49	48
38	91	89	58	92	62	84	80
60	63	88	4	62	74	87	60
74	100	77	76	18	39	3	73
17	98	73	66	28	29	23	82
48	35	21	21	29	1	49	42
83	16	26	50	34	33	34	78
91	9	70	91	21	50	85	35
51	13	17	9	61	97	79	49
54	70	57	52	60	25	71	3
53	47	58	9	48	37	27	88
41	34	92	23	50	6	13	3
10	49	38	40	16	52	25	50
69	53	75	60	20	48	1	70
31	80	73	68	23	99	17	16
17	83	52	100	89	6	70	8
76	13	87	30	85	40	18	40
8	87	60	80	16	87	36	27
86	53	88	86	4	61	38	95
52	78	58	32	99	9	94	33
5	5	5	5	80	84	99	67
42	86	7	18	95	19	79	30
30	18	24	48	10	60	100	42
82	61	74	49	23	57	8	14
42	9	43	32	96	96	96	96
7	7	7	7	95	95	95	95
16	67	83	63	73	98	27	61
15	84	81	56	17	66	53	65
39	19	97	42	3	53	86	22
98	28	93	64	25	36	74	93
29	91	12	17	33	48	6	32
96	35	43	11	10	13	46	12
99	51	1	44	35	41	51	55
94	67	74	72	42	98	92	82
80	70	95	35	93	47	30	3
73	94	100	44	62	12	61	67
100	38	21	35	34	51	65	76
83	56	14	21	74	46	58	41
70	47	43	18	98	21	60	7
18	45	53	95	2	70	42	64
63	18	8	89	66	76	98	48
69	70	86	61	65	66	26	21
85	2	68	45	44	67	53	22
82	32	66	7	53	91	91	90
62	93	3	73	44	40	44	13
64	53	46	55	56	6	77	55
1	36	6	24	7	76	32	90
14	16	72	91	79	39	91	12
35	31	100	76	69	15	13	53
100	14	56	88	38	95	69	14
55	56	66	36	56	6	53	30
76	80	77	57	71	24	24	80
28	66	99	15	54	51	61	51
78	74	54	12	34	73	2	37
65	12	73	74	82	70	16	97
72	11	90	73	24	87	64	41
43	2	61	42	94	55	27	34
41	90	67	100	78	17	36	41
50	70	72	51	13	2	67	44
64	17	97	95	2	83	64	74
28	11	35	61	28	33	76	2
24	16	12	32	22	79	64	83
66	90	2	53	75	97	52	28
26	14	61	14	25	99	34	95
9	30	46	65	30	87	3	58
50	92	57	31	1	86	47	71
5	5	5	5	90	81	50	24
20	36	24	91	65	26	11	92
96	40	15	86	72	17	35	21
71	15	5	80	84	29	60	73
10	27	19	9	95	95	95	95
4	4	4	4	97	97	97	97
48	3	32	29	44	87	66	24
43	58	71	92	37	75	82	63
78	48	25	69	51	86	67	24
2	23	3	40	71	23	28	32
37	33	12	13	95	49	61	40
7	90	7	39	33	11	10	6
44	99	28	93	45	33	76	79
52	7	51	5	58	69	9	71
70	78	61	83	36	22	41	20
85	92	28	23	42	63	25	70
25	14	1	45	93	42	5	3
8	50	43	44	32	21	45	60
47	37	21	26	9	98	28	32
94	57	77	34	29	70	15	67
60	7	54	82	27	67	51	20
7	95	64	16	68	50	46	20
39	37	17	85	9	11	64	5
37	94	91	86	34	82	11	40
83	85	6	3	37	24	68	14
8	14	12	85	63	56	43	39
90	7	81	55	49	97	58	21
96	78	42	42	85	20	39	34
98	39	17	10	6	60	91	76
53	69	51	65	95	37	98	57
50	20	2	45	20	90	41	57
6	90	90	40	32	63	63	1
73	35	49	94	23	34	59	100
87	64	14	2	78	12	46	50
4	99	17	77	85	30	14	52
2	82	22	70	44	100	72	41
73	34	5	93	79	82	60	98
8	94	70	26	28	4	42	72
87	86	56	97	38	91	68	32
86	8	37	97	8	51	33	88
16	98	74	31	30	96	71	85
30	22	37	51	26	52	100	79
42	45	50	32	79	55	12	23
99	6	54	13	18	48	34	15
11	75	68	94	54	83	31	22
26	53	54	75	46	70	9	18
8	8	8	8	54	2	16	50
16	24	74	89	54	52	89	75
4	61	72	91	64	21	95	82
9	66	9	65	54	59	60	52
31	87	8	80	99	99	99	99
1	1	1	1	93	93	93	93
41	76	37	62	16	27	1	42
17	22	41	42	77	69	10	42
4	88	23	74	75	82	89	49
72	23	89	42	5	77	12	48
21	12	85	11	58	78	93	1
95	98	31	51	72	59	18	40
51	14	93	29	97	65	12	99
76	74	32	37	29	14	16	46
88	55	4	19	74	44	66	72
53	24	67	30	82	70	31	44
65	99	22	71	20	57	87	99
91	41	8	21	92	15	46	49
81	52	50	89	76	62	97	50
94	10	36	92	57	23	55	2
69	93	3	54	91	34	64	17
79	56	98	30	1	26	91	48
8	36	90	57	7	54	17	56
39	40	56	24	73	88	4	36
84	61	34	27	69	57	4	7
95	24	17	63	91	3	66	36
61	33	87	47	45	73	81	42
74	58	4	46	25	90	27	47
60	88	58	1	80	81	95	78
92	11	21	39	93	24	45	68
32	18	3	67	51	41	94	71
33	6	77	33	76	20	84	77
29	72	33	97	56	1	92	82
68	25	84	15	87	88	16	38
82	98	70	52	23	56	43	13
16	23	14	24	30	85	21	66
76	45	25	84	72	7	71	24
9	34	88	43	58	49	25	98
31	64	82	18	11	65	9	73
75	96	36	72	20	23	2	75
99	64	35	43	90	73	60	16
61	78	74	59	26	89	25	99
37	77	40	14	92	8	62	26
52	77	83	89	60	19	25	53
80	73	42	62	3	90	30	45
64	47	43	7	37	20	49	77
9	9	9	9	1	11	88	55
45	87	63	39	42	100	33	53
96	80	16	42	37	17	9	70
98	75	46	19	80	66	26	60
81	50	65	70	95	95	95	95
9	9	9	9	99	99	99	99
8	2	43	91	17	96	80	73
40	92	46	99	58	2	32	89
47	12	77	23	92	96	86	45
70	75	93	20	22	76	66	85
17	83	66	42	45	43	26	40
11	22	43	32	30	96	72	16
74	82	36	28	72	41	1	50
75	57	74	40	15	45	19	20
78	17	11	49	56	85	18	66
100	12	85	41	49	82	10	89
92	89	93	15	54	68	76	44
22	25	42	31	1	72	24	6
50	24	78	1	42	7	27	33
26	37	74	15	2	77	77	66
87	11	37	22	37	27	48	68
23	33	99	86	39	55	51	99
46	24	12	59	83	77	12	18
47	46	42	7	46	100	80	91
18	36	93	29	84	93	71	19
37	17	26	91	71	48	62	30
100	9	97	90	22	64	76	18
88	70	90	17	86	79	55	78
19	49	40	68	87	72	9	1
41	21	71	14	99	39	65	22
9	30	51	13	11	31	26	92
71	100	25	35	51	18	75	4
27	31	90	55	42	39	96	13
35	53	47	59	73	94	47	37
51	36	22	13	49	5	98	36
19	43	89	60	75	56	30	68
13	99	26	51	73	70	7	56
51	32	94	39	15	76	88	79
10	91	56	86	43	77	51	43
77	3	88	97	40	34	51	8
92	73	80	48	90	50	85	81
95	35	71	64	74	96	40	21
73	49	73	87	47	19	68	14
34	2	30	7	68	89	77	18
44	76	79	72	5	62	6	21
17	83	36	86	89	91	40	3
10	10	10	10	72	46	2	90
42	76	60	5	98	19	14	67
2	35	76	56	19	93	68	39
35	30	13	4	35	36	35	76
21	27	17	89	93	93	93	93
1	1	1	1	98	98	98	98
45	15	14	56	74	10	90	28
32	1	61	56	7	83	54	96
33	4	95	19	98	69	91	71
46	82	65	69	14	48	28	96
86	74	11	41	8	6	68	100
28	97	62	70	18	37	68	77
88	49	55	100	83	21	20	71
36	96	39	12	11	16	15	49
96	59	60	32	70	39	35	11
94	87	52	87	1	99	10	64
71	86	94	39	73	1	60	48
15	94	20	49	40	36	10	56
80	39	52	13	57	91	92	86
76	21	91	84	79	25	67	81
40	53	22	7	37	32	59	39
84	58	43	32	38	64	49	48
47	86	4	28	18	25	44	78
19	14	48	96	75	85	34	45
11	35	3	37	89	53	96	5
2	25	5	92	78	72	64	7
73	98	91	78	76	12	74	29
78	32	44	30	64	1	82	15
37	71	12	20	9	30	61	20
19	89	10	94	73	33	46	28
96	59	85	92	82	7	40	23
76	7	88	74	8	17	64	41
17	14	17	93	74	57	46	54
31	84	8	14	38	32	85	70
34	54	26	81	25	99	100	91
63	13	19	85	48	73	6	27
22	33	22	56	97	77	38	55
47	45	93	59	50	22	73	84
81	50	40	24	94	67	8	9
3	43	73	45	3	5	79	34
1	63	76	85	72	59	92	35
25	99	38	56	91	27	51	79
76	67	51	23	76	94	93	54
55	40	100	16	92	40	69	89
20	31	47	36	4	26	45	45
82	14	29	73	40	9	21	69
4	4	4	4	46	47	94	71
82	25	69	17	51	91	52	96
83	35	72	4	25	1	72	71
97	64	28	51	16	31	42	11
37	92	72	79	100	100	100	100
2	2	2	2	95	95	95	95
32	64	14	93	91	33	99	80
83	99	76	18	40	48	97	12
6	61	70	52	88	97	35	46
11	81	70	49	49	23	61	24
27	53	71	60	74	46	72	24
51	98	85	30	2	9	1	45
99	93	56	13	90	51	5	57
34	92	3	98	35	18	2	29
43	58	52	79	98	61	26	86
13	21	83	30	60	68	69	70
88	42	44	76	29	72	24	15
98	35	73	27	76	29	18	14
37	96	58	13	47	72	100	37
52	26	48	34	14	4	66	86
86	6	6	71	1	10	47	81
89	89	72	90	73	34	41	69
3	49	61	80	46	25	45	80
58	87	95	55	93	79	17	3
94	80	51	84	50	30	39	57
65	81	22	99	96	81	94	85
55	79	72	67	86	35	21	95
18	66	88	26	42	75	70	71
83	98	41	38	64	47	89	88
27	67	22	47	63	75	22	65
45	93	9	7	65	36	3	48
67	81	40	2	94	84	72	40
34	79	52	8	95	67	34	14
10	93	30	63	56	40	12	28
70	10	33	94	19	35	84	95
15	37	93	31	59	29	61	85
58	50	44	35	51	55	64	20
26	16	17	69	70	100	31	100
99	17	42	43	64	75	23	100
91	74	91	15	75	15	82	62
87	31	34	9	1	75	56	55
25	15	79	53	42	67	98	1
72	12	61	42	73	77	47	77
91	68	46	46	10	1	24	43
30	27	16	6	49	17	71	43
23	29	12	47	77	30	13	84
10	10	10	10	30	60	94	34
63	84	31	31	98	66	81	73
14	16	12	16	78	52	75	44
97	83	39	57	91	74	16	30
49	26	43	49	91	91	91	91
3	3	3	3	99	99	99	99
52	92	42	74	75	70	100	71
81	54	14	65	72	52	34	12
44	89	11	34	58	17	43	43
74	82	2	51	8	89	5	35
12	80	21	53	80	89	77	10
30	50	3	79	21	34	10	12
56	16	66	95	59	44	46	6
71	2	93	36	38	71	57	7
89	64	27	15	34	79	32	61
52	21	22	25	60	67	93	14
41	57	16	89	83	66	1	94
16	79	77	53	82	26	98	78
37	30	26	86	7	90	16	38
24	84	10	79	9	24	44	34
29	100	55	100	79	28	45	9
46	32	4	60	85	6	10	89
89	85	71	21	59	65	55	15
69	82	32	50	80	43	100	38
40	67	24	46	39	24	76	10
22	28	13	26	39	28	66	17
14	65	43	36	49	19	64	39
80	44	24	58	64	49	64	24
2	56	62	89	14	96	53	66
82	12	83	27	22	95	64	85
4	65	88	13	70	4	59	86
67	65	65	54	18	59	83	18
11	21	69	71	72	87	85	56
67	82	32	78	62	47	60	40
30	17	35	81	76	71	89	83
66	91	78	69	30	49	67	14
57	6	48	96	45	44	40	79
13	41	24	79	80	27	1	12
7	30	59	22	64	83	49	92
14	24	89	70	71	54	1	49
7	55	73	3	15	79	91	45
57	50	26	93	16	10	87	53
93	8	32	50	41	29	14	10
66	64	86	94	91	36	24	74
4	49	27	93	21	23	40	5
43	74	91	14	75	27	7	90
7	7	7	7	96	19	51	60
5	37	85	8	54	91	69	81
82	91	73	12	8	74	30	35
33	30	84	78	88	17	79	9
97	61	25	54	97	97	97	97
3	3	3	3	94	94	94	94
10	20	47	96	22	42	40	98
16	51	18	51	45	79	31	21
86	83	75	73	54	14	53	37
55	81	39	56	15	98	59	3
81	46	99	79	56	58	67	42
63	22	46	16	46	10	22	35
41	5	23	5	89	40	5	26
63	61	14	48	92	75	17	43
19	66	92	69	63	47	39	98
71	68	60	11	75	15	18	49
21	75	86	53	22	62	78	51
11	40	64	4	73	23	5	68
18	8	73	99	11	81	81	49
13	54	72	56	84	38	1	70
43	57	67	17	79	38	41	57
62	34	72	83	63	32	26	89
62	72	34	79	2	51	39	82
34	79	73	57	100	18	55	31
54	97	12	84	44	11	22	72
47	33	4	82	6	5	34	7
78	13	56	30	98	97	98	53
89	50	70	56	92	72	41	78
75	37	74	80	44	81	52	37
13	86	95	47	82	86	18	68
61	84	10	64	34	33	2	100
12	26	67	62	27	75	48	35
76	11	82	4	55	72	62	59
58	99	62	16	89	16	29	60
92	24	7	6	55	100	58	43
36	66	55	43	98	68	12	20
61	50	29	25	72	50	17	61
94	14	69	80	35	91	54	48
26	31	94	27	62	92	10	96
81	81	82	6	38	67	55	22
25	55	10	38	92	5	40	35
58	54	100	30	45	69	95	26
95	84	84	50	10	60	36	6
8	47	17	77	97	67	13	56
49	30	77	43	15	34	96	30
90	62	82	100	66	8	30	54
7	7	7	7	10	63	100	90
39	30	93	42	35	73	59	91
76	36	57	29	44	23	86	53
3	61	51	84	2	23	15	82
73	82	47	46	90	90	90	90
5	5	5	5	92	92	92	92
43	14	43	54	90	32	70	55
51	52	61	89	76	13	92	77
32	79	86	37	78	13	64	38
46	77	69	48	89	74	60	35
37	42	21	88	53	99	84	56
31	93	62	28	32	74	68	76
56	22	16	56	36	79	37	25
85	53	55	25	16	48	40	43
7	83	61	52	39	38	73	45
99	54	13	97	9	75	47	17
67	83	37	64	64	65	50	19
17	27	7	1	52	55	90	58
42	37	5	71	12	63	27	9
64	80	7	82	92	15	99	51
46	65	1	1	62	41	100	72
21	9	14	30	53	92	11	51
48	40	99	48	35	94	96	5
47	37	2	58	9	40	56	91
93	96	27	59	10	81	46	9
17	7	55	66	84	59	27	24
27	82	90	72	25	85	98	79
82	16	18	9	6	26	53	43
85	19	45	48	89	92	45	31
72	54	62	5	39	11	38	87
92	78	86	50	57	16	41	42
40	96	2	86	64	51	93	98
60	70	20	32	44	39	41	59
40	69	45	19	27	53	21	36
29	78	6	38	47	25	17	90
78	12	65	35	46	38	62	100
67	3	16	20	12	38	70	19
73	15	48	7	82	40	89	65
72	83	96	19	30	73	42	35
46	98	76	54	38	36	82	83
57	89	51	49	24	17	71	29
72	38	24	33	86	84	58	37
61	16	94	16	36	7	89	67
75	66	11	47	81	14	7	45
90	65	26	54	43	51	26	23
49	81	47	34	3	62	39	13
10	10	10	10	40	55	28	90
58	49	96	45	30	30	45	52
21	96	54	61	97	49	45	39
97	48	76	20	73	99	69	67
52	93	93	37	98	98	98	98
8	8	8	8	93	93	93	93
55	26	94	98	67	61	91	18
19	21	46	44	64	26	89	84
2	8	58	67	12	48	99	88
99	3	45	96	94	33	63	27
67	80	34	45	5	25	22	22
2	52	41	97	18	94	60	3
65	31	45	2	92	48	99	91
71	7	89	71	51	14	31	65
25	100	80	79	67	31	54	58
59	46	96	35	49	43	49	41
77	65	61	65	69	8	34	80
85	83	14	95	20	95	45	83
66	77	87	24	94	32	42	91
79	41	85	69	49	19	24	80
50	23	95	10	51	9	13	22
59	13	8	50	78	1	12	83
63	62	54	50	56	14	5	72
54	20	52	64	3	99	65	16
66	13	6	82	19	26	77	73
56	50	43	81	73	25	3	61
15	21	36	95	95	14	82	42
27	56	93	88	86	89	69	56
45	39	98	48	16	54	33	14
31	19	13	86	35	13	94	25
54	90	22	17	50	22	84	14
58	3	9	64	50	72	46	54
54	13	88	86	49	38	45	43
51	55	98	11	11	17	86	58
43	78	49	73	56	79	100	14
95	10	39	65	88	90	62	89
6	38	79	29	95	66	18	48
20	52	75	66	97	28	92	18
7	77	91	67	15	54	62	31
86	98	79	10	26	67	31	100
66	4	20	81	70	70	73	87
60	18	15	48	98	22	77	80
97	51	24	6	59	51	38	76
28	18	85	79	59	73	10	97
38	74	40	69	59	38	55	6
70	16	50	73	16	56	96	78
9	9	9	9	39	83	87	20
62	50	89	97	10	91	22	95
90	100	5	57	100	52	37	79
61	6	85	42	91	92	59	65
93	24	70	64	98	98	98	98
7	7	7	7	91	91	91	91
16	66	24	23	17	14	60	68
63	15	14	41	7	68	6	51
2	14	63	3	2	22	37	62
60	8	46	66	66	66	87	20
80	60	47	52	17	74	23	77
2	69	74	85	88	90	22	79
73	58	58	51	84	22	1	91
55	76	5	68	69	67	54	73
76	82	55	36	88	23	40	80
68	11	7	46	89	48	16	37
61	16	20	87	22	82	66	2
14	9	11	52	21	26	20	70
88	75	39	21	14	52	25	99
24	54	14	22	4	82	53	67
73	30	68	1	53	48	70	53
56	45	93	62	39	47	99	54
55	56	44	83	58	55	20	34
35	79	37	8	53	76	98	55
59	97	45	36	87	2	100	70
39	20	49	64	55	99	37	6
82	72	29	14	46	22	46	19
50	21	52	28	55	63	28	22
23	46	52	45	93	16	71	13
36	3	46	96	68	34	7	29
43	62	93	93	79	92	61	94
93	59	92	54	15	56	54	90
36	67	88	77	53	49	44	7
22	90	100	4	63	41	18	12
93	99	23	63	52	17	92	42
12	93	76	96	99	3	86	69
46	42	71	10	1	24	22	35
77	85	14	48	84	29	96	42
31	43	32	6	73	49	39	31
47	3	92	39	81	14	57	92
60	42	85	7	1	33	12	7
57	37	48	7	77	50	51	30
37	50	12	73	72	36	78	100
52	90	83	53	16	52	69	47
14	62	95	60	10	83	69	67
67	46	51	69	40	61	29	97
6	6	6	6	23	2	85	47
30	17	70	48	23	98	12	6
45	95	34	100	4	92	79	34
24	73	34	17	73	10	63	1
61	11	83	61	97	97	97	97
9	9	9	9	92	92	92	92
23	51	31	86	78	95	5	41
31	93	15	56	62	39	4	5
22	87	92	38	92	65	74	72
62	66	77	77	81	91	100	88
74	90	54	63	19	73	76	25
37	84	70	54	55	74	85	81
89	14	83	75	85	46	10	23
67	91	64	37	10	37	62	92
75	4	43	53	30	61	77	42
15	83	89	83	34	21	44	43
66	3	24	56	74	21	76	91
64	92	23	28	83	1	72	68
65	6	11	39	18	98	83	62
65	19	72	31	75	45	66	98
42	68	44	37	95	63	3	51
25	3	79	72	25	91	100	21
97	76	69	10	63	3	8	62
20	83	65	57	64	30	68	45
23	89	14	62	22	93	30	89
91	55	86	18	7	17	10	31
34	97	69	79	59	90	14	70
29	74	50	90	79	88	42	37
38	100	69	79	5	86	100	62
58	63	98	20	49	55	55	17
39	26	90	64	24	56	83	65
50	18	7	34	67	81	89	40
10	67	83	71	22	67	93	22
33	10	11	91	34	61	46	74
95	58	90	20	73	42	53	5
79	69	57	70	92	76	45	5
53	67	14	3	99	35	35	52
60	45	9	66	54	44	39	58
7	2	47	83	46	97	35	1
31	89	49	90	15	93	18	83
56	87	56	24	82	40	43	3
9	39	90	51	22	64	11	19
100	86	54	12	98	70	9	72
99	34	52	47	16	33	67	43
24	74	97	17	72	52	99	54
50	38	55	11	91	71	31	54
3	3	3	3	21	77	26	83
24	73	36	1	8	50	91	32
40	34	36	42	83	34	78	39
34	76	74	21	61	79	13	28
89	54	76	25	91	91	91	91
3	3	3	3	96	96	96	96
74	48	59	68	71	65	73	8
26	22	31	72	90	75	35	7
22	37	65	21	16	82	52	57
91	31	93	74	53	93	60	99
5	35	22	50	96	23	4	92
100	48	70	24	83	11	39	46
25	38	12	60	11	60	37	41
19	34	24	14	83	48	48	82
73	32	15	27	26	94	53	33
74	17	76	40	57	6	49	26
90	26	5	65	97	6	15	89
69	2	84	81	79	32	32	32
77	9	77	59	72	93	40	20
35	95	37	17	37	60	35	91
46	22	84	8	60	78	14	37
53	94	28	9	14	77	3	8
37	12	42	1	29	94	35	91
36	42	89	54	86	10	72	4
74	71	49	86	30	37	72	7
32	6	3	70	100	33	41	46
30	73	56	70	49	59	16	32
27	45	68	9	79	36	71	58
8	53	28	94	29	42	70	61
71	4	79	34	46	71	48	24
40	83	20	68	24	63	53	55
78	28	3	45	7	4	54	97
50	25	34	43	24	87	63	91
40	39	21	90	17	67	37	19
71	11	98	11	9	18	71	48
92	87	95	6	62	65	25	94
16	9	70	13	1	91	11	59
6	78	58	41	89	54	40	2
6	100	40	44	67	20	1	16
79	89	25	62	62	93	5	24
14	39	18	68	19	61	35	26
35	74	89	7	66	50	5	55
71	3	67	84	7	82	23	36
5	77	93	91	29	25	79	14
23	14	72	17	78	67	10	49
58	21	10	81	43	79	95	8
3	3	3	3	78	46	7	42
34	76	15	27	75	79	30	80
65	9	4	30	70	42	53	72
98	91	16	7	50	34	69	73
33	45	55	76	99	99	99	99
9	9	9	9	94	94	94	94
4	67	57	3	31	99	29	46
67	6	53	28	19	66	27	82
22	9	23	32	55	9	11	84
22	40	71	34	60	60	38	46
84	38	97	24	40	47	19	84
23	96	68	62	42	61	56	73
8	97	14	11	11	55	27	67
53	64	14	47	55	25	50	87
30	60	99	63	29	59	66	61
1	52	77	88	85	90	56	91
10	99	20	78	41	69	18	83
67	58	7	42	72	67	56	34
44	11	72	79	14	18	2	74
16	77	28	97	64	65	59	64
74	68	86	4	50	51	97	1
68	78	63	6	19	65	72	68
71	32	2	10	76	36	79	37
45	3	61	81	69	54	6	3
60	31	26	35	23	13	39	51
85	24	7	58	53	55	36	41
71	80	10	36	85	48	84	18
60	65	14	50	47	57	55	7
23	47	95	24	33	73	85	79
99	79	5	23	45	70	55	13
11	56	33	23	17	71	69	13
1	60	97	11	60	69	49	10
79	47	82	80	65	50	87	65
83	69	73	81	53	70	38	12
88	18	91	61	68	82	95	80
22	100	73	49	100	36	73	49
41	53	93	83	81	34	52	22
47	46	98	78	43	35	88	59
33	45	6	95	96	78	51	12
12	48	41	12	2	52	7	79
72	41	10	72	3	6	40	99
26	6	75	64	28	12	81	31
84	96	80	9	30	54	43	74
90	32	80	49	45	83	24	23
19	96	20	98	8	53	81	35
67	55	33	77	36	31	80	12
7	7	7	7	9	57	86	92
68	23	14	50	23	53	5	7
83	7	82	8	90	13	12	87
34	56	23	59	97	67	65	20
47	12	9	72	100	100	100	100
7	7	7	7	95	95	95	95
91	53	57	35	93	91	43	78
57	20	68	89	67	33	49	64
62	60	38	74	28	51	62	51
41	62	9	40	97	100	62	79
22	56	3	91	67	98	15	98
67	2	29	37	84	29	45	88
42	40	56	60	41	50	94	87
4	91	47	59	82	80	28	19
54	78	22	63	90	4	10	38
73	37	89	77	2	71	5	68
51	49	69	32	11	26	95	16
25	75	12	12	98	64	59	86
49	52	83	66	72	10	52	1
41	2	91	69	48	87	91	16
9	41	80	48	97	71	56	66
40	86	51	60	92	60	8	62
81	61	60	62	59	48	90	28
61	95	19	36	43	91	73	4
80	40	99	6	75	78	38	59
48	76	37	49	32	92	94	31
55	92	6	83	47	1	37	37
34	61	73	75	81	53	38	91
29	87	89	41	18	99	59	59
63	72	91	99	96	12	99	20
87	80	19	45	20	92	54	78
15	78	92	8	98	53	34	83
56	94	55	64	92	74	13	5
20	30	71	72	46	57	64	95
83	33	35	61	94	82	82	53
76	8	66	51	62	4	19	56
66	44	62	17	8	32	41	97
78	85	61	100	72	77	35	31
3	40	30	32	74	35	45	77
12	27	82	10	34	81	65	40
39	76	28	9	17	24	15	50
60	79	61	60	90	79	74	90
66	75	58	15	81	64	54	48
95	33	8	13	82	92	57	50
9	45	56	32	7	62	60	82
35	9	32	8	52	44	35	66
5	5	5	5	17	98	78	15
14	25	8	91	49	79	61	75
100	74	63	56	42	68	31	35
33	40	86	22	5	57	67	75
49	42	30	25	94	94	94	94
10	10	10	10	99	99	99	99
38	62	96	77	68	99	16	51
4	1	10	14	65	52	15	6
100	83	59	56	53	90	95	12
65	33	60	15	46	28	18	100
79	5	26	75	77	10	70	55
28	66	3	6	39	76	55	21
77	63	8	26	63	98	49	42
88	13	29	80	27	77	42	24
68	55	95	96	30	12	42	53
49	51	21	98	26	54	49	21
61	71	38	98	51	100	26	95
85	63	37	59	54	44	99	12
32	42	37	60	36	95	70	67
38	31	72	19	12	47	83	97
27	36	12	74	18	30	52	88
16	59	77	43	21	11	37	67
6	1	8	78	65	1	2	3
90	79	73	45	94	37	40	36
70	99	68	87	12	71	34	95
21	38	8	53	39	3	84	100
39	90	15	50	98	32	75	17
43	45	47	18	14	52	55	79
52	1	36	52	68	59	21	97
45	72	53	67	14	84	27	55
61	60	5	90	66	38	83	86
53	49	36	58	4	19	71	86
26	62	23	72	20	89	66	99
59	86	82	63	36	8	11	53
65	70	1	95	11	49	86	94
53	84	71	6	33	12	60	88
33	63	76	7	100	61	76	49
81	79	66	30	40	11	25	69
55	10	39	93	98	48	52	49
61	21	14	21	34	19	29	79
67	21	25	46	79	78	50	61
26	12	78	25	34	39	77	93
74	8	68	45	95	99	91	4
100	80	69	28	84	91	56	78
76	66	60	47	59	42	58	53
43	68	7	1	59	21	81	42
4	4	4	4	71	51	51	31
31	79	96	58	68	43	43	85
13	51	10	21	1	83	73	69
19	46	6	8	80	90	15	61
4	51	69	20	97	97	97	97
3	3	3	3	96	96	96	96
30	75	70	45	89	50	30	2
96	36	87	12	97	77	86	6
83	43	12	23	46	99	95	28
56	56	83	75	88	36	12	87
13	8	83	57	34	47	45	86
65	53	60	96	84	10	16	51
82	7	53	82	59	98	5	74
38	63	85	54	82	87	37	99
15	22	73	50	56	35	60	75
24	61	84	63	34	89	25	96
88	81	50	56	26	61	70	50
50	88	84	75	87	52	42	62
73	32	29	6	51	21	41	37
34	97	96	72	2	14	96	33
9	63	61	40	99	88	45	22
10	33	43	53	25	73	28	75
80	14	91	25	14	42	47	17
78	49	12	39	72	40	97	51
71	100	14	15	52	91	58	98
60	18	99	34	58	85	89	86
82	46	87	69	51	59	52	29
62	50	23	58	68	60	24	42
86	19	3	40	44	72	68	26
36	99	45	63	51	15	90	89
24	79	64	74	91	82	92	71
18	92	68	80	16	37	63	3
10	6	86	78	1	92	61	72
64	17	39	19	26	5	96	38
69	34	35	8	90	70	23	66
76	32	42	12	70	48	19	42
83	20	99	27	1	81	45	69
67	66	78	39	4	69	35	44
70	95	27	65	82	24	41	82
58	40	72	74	49	49	47	32
57	91	89	70	19	82	73	81
30	66	99	59	33	13	49	19
89	34	53	3	95	55	24	94
77	95	34	67	96	11	34	22
86	60	90	34	76	49	7	68
6	54	82	66	88	83	30	98
7	7	7	7	23	66	95	82
73	11	13	44	93	7	61	19
73	26	36	63	34	59	1	58
51	38	91	84	39	36	16	92
35	38	44	62	97	97	97	97
10	10	10	10	97	97	97	97
59	38	74	62	85	2	74	10
8	86	89	22	17	31	32	19
95	55	94	31	49	1	61	94
31	40	30	5	84	74	62	90
90	1	49	91	81	96	16	12
40	21	77	31	49	94	26	84
40	2	38	58	19	61	50	42
57	86	81	10	43	9	43	86
25	35	57	87	86	71	21	98
5	82	2	59	40	86	41	22
36	71	27	65	48	74	41	64
41	14	38	3	74	67	18	80
58	99	96	68	46	84	24	52
2	98	99	81	37	27	76	2
73	59	82	1	58	45	76	76
12	12	59	11	69	33	36	24
32	54	15	97	1	14	24	59
27	29	88	84	60	25	54	92
79	53	56	79	54	48	8	4
40	62	1	26	57	41	20	83
84	74	64	55	65	41	65	23
58	40	32	14	98	27	16	28
98	27	72	4	66	79	79	11
93	93	74	21	85	76	92	92
83	97	61	26	40	58	72	30
6	77	62	48	42	6	24	10
74	19	30	67	49	97	52	25
80	63	85	18	61	67	66	45
16	53	22	62	1	36	96	73
94	61	70	8	34	96	10	69
18	77	35	55	51	20	39	70
48	80	51	33	60	92	3	6
47	5	80	46	84	99	59	23
72	5	28	49	5	96	21	78
82	46	91	14	30	41	74	26
71	51	60	74	58	88	45	56
38	78	78	84	74	36	59	96
2	24	3	10	88	41	96	73
28	33	63	82	10	9	37	4
28	34	67	80	72	67	52	69
6	6	6	6	60	55	95	88
3	79	23	47	100	80	66	22
12	16	88	89	75	72	19	95
69	7	85	69	81	35	83	15
85	85	90	41	96	96	96	96
9	9	9	9	90	90	90	90
49	49	26	25	20	83	97	38
52	77	59	25	64	30	17	91
60	23	3	62	90	19	9	3
15	8	51	99	80	54	6	47
67	1	53	100	95	62	91	84
2	57	77	52	8	44	1	17
22	97	95	77	53	33	19	46
97	17	88	93	53	97	58	65
8	62	79	17	7	12	74	31
55	46	90	37	79	75	70	63
6	73	88	13	83	29	82	60
56	57	49	48	12	37	82	50
58	53	1	33	24	52	96	96
92	76	23	20	16	36	12	43
78	5	59	99	6	63	61	98
70	4	19	50	61	68	55	81
87	51	16	100	39	41	43	91
30	32	39	86	70	69	38	55
47	58	7	75	34	27	40	39
39	64	55	2	20	24	74	48
2	94	21	8	94	90	38	64
93	11	60	13	83	97	92	46
51	28	11	67	85	31	50	92
5	38	30	15	27	31	10	65
51	95	97	87	76	99	88	58
88	46	25	42	81	28	29	90
48	62	56	87	91	68	98	32
42	41	11	5	81	43	35	94
100	27	58	99	53	74	39	35
66	74	39	39	4	73	21	3
35	61	98	57	83	98	64	6
50	6	5	9	54	78	35	87
82	44	89	30	63	45	38	69
52	44	24	85	38	79	30	12
48	90	70	4	92	9	55	40
96	18	38	5	1	25	68	56
80	24	51	58	65	94	62	33
30	5	7	15	5	50	54	73
87	25	49	60	4	21	26	79
76	38	2	74	16	64	15	29
9	9	9	9	28	48	13	50
50	19	27	36	29	54	93	73
61	28	73	92	35	46	33	12
93	44	17	84	32	57	7	73
95	45	45	36	93	93	93	93
10	10	10	10	90	90	90	90
58	8	29	85	67	2	52	75
22	27	6	73	16	99	25	69
64	25	99	77	90	12	16	39
36	51	100	45	80	41	60	39
97	18	79	100	3	50	10	79
56	28	55	99	94	14	67	57
93	23	47	77	42	34	21	89
99	76	5	39	17	46	75	43
5	65	21	29	93	75	97	49
13	8	45	81	38	27	70	87
34	20	48	53	80	71	11	72
2	5	74	73	47	98	89	26
10	50	19	28	54	49	44	36
37	22	10	45	29	70	26	63
2	13	60	91	88	64	32	32
37	13	3	63	73	36	54	78
22	70	5	22	48	82	37	86
30	39	28	47	20	98	49	68
10	43	17	64	9	77	30	29
47	64	45	67	1	18	61	5
3	37	78	36	17	59	66	39
54	71	26	98	64	86	15	45
90	20	7	4	87	31	19	71
3	47	46	53	41	51	46	80
30	55	42	40	45	4	77	21
41	15	27	30	68	29	82	16
28	87	70	65	91	24	82	91
1	56	75	12	65	27	5	65
94	3	22	88	95	40	15	83
65	24	8	58	20	51	80	87
23	45	45	93	80	75	32	50
51	85	8	28	100	93	39	89
60	64	54	93	18	38	53	94
99	42	40	30	27	49	11	50
36	17	69	58	23	5	34	23
75	17	87	89	96	47	26	55
56	79	55	78	8	94	88	16
23	30	94	60	76	20	7	34
52	53	46	70	13	71	16	1
99	84	55	13	27	96	13	95
3	3	3	3	88	30	80	42
57	7	15	36	85	17	73	49
36	14	79	94	84	32	59	75
81	65	72	56	26	76	19	76
47	44	42	38	93	93	93	93
9	9	9	9	97	97	97	97
29	35	31	12	67	26	57	3
8	65	40	95	67	8	1	93
50	92	39	5	38	77	35	42
98	42	79	70	86	5	72	37
8	88	1	15	8	80	94	82
5	19	34	14	33	87	32	18
9	53	6	22	44	62	94	16
26	68	83	75	31	20	42	60
51	32	28	67	75	20	67	34
44	69	69	35	22	60	93	60
66	65	27	31	71	95	60	74
27	32	34	88	15	57	8	70
58	87	20	63	49	59	89	17
23	38	24	48	72	92	73	47
56	54	78	91	96	48	32	38
13	20	33	2	85	71	30	77
37	31	83	9	49	40	71	83
36	63	31	38	92	40	41	63
74	32	23	20	28	9	36	61
25	86	84	19	21	72	41	26
68	96	32	36	73	90	67	100
8	54	40	5	13	54	13	9
97	71	86	69	84	67	21	8
59	85	77	48	4	93	100	59
43	10	85	75	8	20	62	95
57	83	46	28	5	55	90	42
38	87	77	31	77	100	46	80
68	58	72	96	67	15	2	14
73	78	77	10	38	16	7	32
5	76	13	78	73	79	88	9
8	45	10	58	74	85	11	82
20	100	18	97	78	14	32	79
27	7	10	9	92	70	67	1
4	89	57	12	48	22	90	90
83	21	43	59	42	37	50	93
77	29	21	66	89	75	39	70
25	34	20	39	47	10	60	67
4	10	7	36	21	70	88	6
97	17	38	93	49	72	14	26
11	48	93	16	69	65	48	66
6	6	6	6	23	40	9	2
14	73	36	96	99	29	60	75
7	21	36	21	62	5	59	7
24	7	49	33	76	12	83	68
56	37	3	77	96	96	96	96
7	7	7	7	96	96	96	96
11	30	32	68	97	51	47	37
7	61	51	37	2	75	55	79
59	80	93	13	53	82	25	97
81	12	8	32	19	38	31	35
71	14	62	47	6	23	43	72
59	47	41	93	100	72	94	53
39	58	94	24	2	11	86	79
66	68	26	89	91	30	66	57
64	26	41	46	34	30	65	14
14	49	47	51	50	13	75	94
5	34	77	30	84	41	91	21
33	32	48	5	96	77	65	80
79	95	46	3	83	76	82	89
55	97	13	77	28	14	24	33
19	58	17	95	44	71	75	24
62	29	96	13	62	49	41	68
46	18	42	17	87	65	98	65
22	75	84	87	39	57	87	51
7	30	7	69	8	31	45	4
70	96	98	95	24	10	30	83
24	99	92	60	2	54	22	98
52	71	3	89	63	89	40	91
7	87	70	99	54	47	51	80
45	52	57	67	97	95	59	80
64	86	34	22	91	11	75	97
18	92	72	82	37	11	18	22
8	49	28	92	25	82	81	21
40	60	26	56	76	1	13	80
55	49	50	49	54	67	2	76
63	15	94	52	32	53	71	23
27	21	97	88	90	57	2	11
1	23	83	63	92	40	78	69
59	81	80	6	35	95	97	53
69	99	60	94	100	51	61	68
35	5	47	79	26	97	91	83
9	78	97	6	73	43	15	95
98	15	61	29	87	43	34	91
45	20	80	39	12	97	84	72
15	51	50	10	51	7	82	18
56	12	47	27	49	95	56	3
10	10	10	10	1	56	90	58
20	92	64	14	17	20	4	52
87	27	87	53	1	95	88	21
97	77	42	60	18	77	81	10
8	58	19	74	95	95	95	95
3	3	3	3	97	97	97	97
27	81	15	50	18	89	98	61
44	81	54	59	15	65	24	44
24	52	24	36	58	69	98	44
33	42	42	56	55	30	9	20
38	27	42	58	71	59	62	1
99	16	84	20	18	48	33	56
99	80	8	68	47	18	27	100
89	55	8	10	46	89	94	60
56	99	53	18	85	92	37	59
46	76	31	63	15	22	41	100
99	55	46	16	84	49	6	1
82	51	79	3	26	60	100	17
19	56	37	30	67	25	4	13
9	30	51	60	40	86	15	95
38	62	5	96	61	78	90	92
23	69	5	69	55	25	20	49
64	77	42	100	86	52	29	22
62	74	97	12	34	71	27	82
76	57	45	38	70	19	60	63
57	66	90	7	11	42	72	80
65	54	3	8	51	67	67	79
78	28	10	99	22	52	92	1
86	37	84	29	6	7	94	95
2	6	37	97	95	69	81	23
7	27	12	50	75	55	97	63
28	63	51	47	67	91	93	75
89	20	81	52	54	27	20	91
68	58	30	21	73	91	32	25
7	62	74	86	74	26	94	47
45	79	71	62	93	87	35	94
1	99	90	65	68	41	84	69
48	8	21	76	25	29	44	7
29	44	20	3	71	69	89	100
96	19	63	64	33	97	2	78
87	33	30	85	31	64	46	93
53	63	23	52	8	26	100	48
23	52	58	8	65	2	18	41
77	34	66	61	84	52	77	26
79	24	49	15	87	2	83	46
27	45	16	61	25	23	34	94
4	4	4	4	94	54	6	85
46	54	79	12	6	48	64	93
21	75	6	17	96	56	30	13
84	40	2	60	14	23	100	15
37	42	77	8	97	97	97	97
3	3	3	3	94	94	94	94
82	3	31	27	86	35	28	75
46	86	2	49	97	68	43	4
96	84	2	65	39	50	48	89
82	88	61	69	73	29	68	55
41	66	26	22	10	91	40	73
75	29	42	75	11	80	4	53
25	76	61	47	69	20	33	64
55	85	79	47	39	73	33	81
54	13	53	93	8	21	16	100
90	9	54	75	83	54	63	81
48	15	92	64	75	24	40	74
100	64	8	77	73	66	45	73
90	77	46	66	95	50	4	17
43	10	51	80	55	90	60	86
30	61	22	23	40	49	37	41
15	73	13	65	16	29	16	76
15	51	7	8	28	24	8	70
58	81	92	29	20	38	84	75
7	23	64	95	42	99	6	46
86	86	14	26	98	67	17	66
93	50	17	31	1	41	58	80
47	69	69	16	27	63	56	83
79	13	96	69	92	3	78	87
98	29	59	5	7	69	10	53
93	41	32	45	59	66	86	61
9	33	31	100	97	80	80	51
93	8	3	84	31	80	94	91
23	26	34	91	51	27	81	31
92	80	70	86	59	78	31	85
55	3	39	39	1	42	25	7
6	52	66	13	62	34	11	71
35	45	44	60	85	54	52	32
10	71	4	22	55	1	4	81
33	75	64	9	49	74	76	32
26	63	21	99	64	80	70	51
58	2	98	68	81	96	80	73
3	96	72	12	72	85	98	39
39	83	88	62	73	84	30	76
91	24	8	54	21	71	21	42
25	69	77	11	72	25	59	37
2	2	2	2	90	2	51	16
64	8	7	94	46	85	67	62
11	43	28	81	73	20	82	42
8	8	71	57	3	94	4	85
41	20	84	51	92	92	92	92
1	1	1	1	90	90	90	90
25	71	39	98	96	37	13	46
90	53	16	13	93	41	56	19
10	90	28	84	64	40	70	22
16	95	98	37	28	65	16	27
3	29	62	33	97	49	20	27
4	83	2	62	2	20	63	35
6	59	9	25	32	7	4	68
83	47	16	68	58	27	67	86
67	9	99	61	53	98	32	49
40	56	48	77	54	25	65	53
75	37	14	22	1	69	80	100
85	83	9	61	14	57	83	94
54	98	77	56	2	47	92	50
36	92	60	19	70	75	41	56
32	20	92	19	88	10	86	67
76	100	21	37	46	93	49	64
30	72	24	73	97	100	66	98
19	79	72	94	33	36	19	59
31	20	60	26	86	52	29	23
24	43	70	44	23	11	98	74
80	45	97	35	42	52	19	29
25	29	93	30	31	58	31	50
81	4	44	93	44	70	98	34
19	74	96	25	75	62	14	29
25	86	50	33	52	16	55	71
69	5	100	52	20	76	96	17
77	100	12	22	3	44	65	64
98	17	46	41	97	26	46	51
13	41	15	27	25	100	72	44
58	24	79	22	56	40	5	16
50	7	32	68	39	72	57	74
68	63	51	7	53	44	15	95
36	27	58	86	29	44	69	42
24	4	86	77	7	54	87	20
53	54	60	66	35	22	41	80
1	78	14	17	77	29	1	53
45	52	33	10	22	94	24	34
14	8	100	14	50	89	56	12
37	92	52	68	52	36	21	97
22	97	39	41	97	68	48	29
8	8	8	8	16	97	27	30
11	73	48	54	26	5	65	26
19	97	61	85	49	65	72	12
59	15	91	21	99	31	48	32
67	70	12	28	94	94	94	94
5	5	5	5	91	91	91	91
32	95	66	61	78	92	96	82
1	84	9	80	8	16	38	39
49	73	20	9	73	36	18	54
24	37	51	58	78	13	85	80
39	76	4	71	83	93	81	68
6	66	53	20	59	32	19	43
86	28	35	57	26	44	50	71
60	11	22	34	60	39	79	58
3	89	38	11	64	73	33	14
86	15	3	44	44	7	15	71
28	28	33	20	56	96	92	88
41	59	67	98	69	33	88	25
95	24	64	43	15	64	82	55
55	86	8	99	56	6	9	35
29	7	44	55	57	50	71	60
95	18	15	42	52	75	50	59
31	34	31	35	8	21	79	55
27	6	17	16	88	97	92	51
89	73	72	50	7	29	67	45
74	4	52	89	79	25	78	97
17	92	19	58	5	39	6	31
90	67	64	84	72	57	72	18
48	68	90	99	24	20	43	32
90	80	91	79	9	86	24	72
52	55	42	69	58	57	76	5
25	66	15	52	37	8	59	85
83	98	3	9	54	70	5	65
48	93	78	43	79	22	86	52
64	93	84	100	79	68	86	90
24	64	39	29	56	66	55	21
96	73	54	94	48	6	18	60
30	51	57	93	15	23	2	26
32	44	97	71	52	72	52	61
87	6	20	88	47	52	46	97
95	23	5	37	58	22	69	94
98	63	29	40	7	33	48	13
72	51	9	25	29	4	89	93
89	97	21	3	14	43	70	31
97	11	3	6	19	92	79	86
46	69	89	91	51	92	71	55
8	8	8	8	46	100	52	31
5	39	16	16	94	85	29	93
96	98	5	87	94	32	71	85
90	30	70	59	33	18	48	66
54	64	46	72	90	90	90	90
7	7	7	7	97	97	97	97
80	38	28	61	90	71	69	62
39	25	80	91	59	100	12	52
33	50	68	1	83	91	87	52
65	5	36	98	98	61	14	23
62	51	76	2	19	75	49	4
79	18	83	48	97	51	90	58
77	93	74	90	46	37	9	14
90	89	86	14	27	76	76	35
7	76	93	34	32	7	47	37
86	11	70	6	50	99	34	99
51	34	73	25	89	15	15	86
26	22	12	66	45	95	11	91
57	90	95	76	30	20	64	86
10	9	22	45	33	33	73	95
70	86	47	21	74	69	18	53
94	15	7	47	94	2	98	72
17	13	79	11	70	36	15	36
65	85	52	28	65	5	19	98
12	28	63	87	31	30	5	12
23	63	92	46	84	62	21	21
38	5	41	65	94	4	51	40
96	26	91	16	37	94	71	18
28	17	44	35	68	19	43	54
86	67	49	91	71	20	95	38
27	98	84	90	30	8	76	37
59	28	55	37	18	73	7	54
74	99	41	25	51	90	78	32
63	49	65	70	5	74	46	2
75	89	34	36	43	24	70	15
35	78	99	43	45	5	89	88
15	55	23	66	79	11	23	84
56	43	80	1	87	30	11	40
42	68	62	94	3	42	18	10
20	50	85	55	86	43	38	20
100	66	74	86	48	96	53	71
80	72	92	36	97	94	26	98
86	17	93	33	77	84	29	63
24	78	7	55	10	68	13	84
31	65	17	53	68	37	11	22
34	72	59	67	12	25	37	4
2	2	2	2	45	2	58	62
47	64	51	57	52	91	87	87
41	35	46	42	68	47	32	22
36	13	53	47	66	42	5	97
83	10	55	100	91	91	91	91
10	10	10	10	92	92	92	92
82	38	89	92	20	20	99	62
41	3	49	87	94	22	65	25
96	39	2	20	61	53	77	35
82	4	26	61	9	40	70	92
22	87	41	98	84	17	3	20
68	34	48	83	25	11	99	12
33	51	58	5	64	100	84	56
55	32	24	9	37	94	79	59
89	49	54	4	46	77	52	40
15	34	87	20	45	52	88	75
58	16	20	73	65	73	51	99
94	78	91	68	83	6	60	90
21	80	75	42	10	75	56	8
89	91	28	65	35	83	99	38
69	93	15	84	67	52	19	41
46	85	85	29	87	32	10	84
51	54	99	47	40	72	75	86
71	32	91	41	55	71	64	26
74	49	72	22	12	6	92	36
81	84	40	96	40	42	100	4
5	79	42	53	34	36	51	54
57	26	84	59	58	26	73	100
50	50	75	57	75	76	8	62
84	52	77	3	91	79	23	8
37	98	36	71	88	28	71	65
86	90	24	98	1	95	35	28
14	60	96	70	25	71	90	21
61	62	25	45	21	19	95	15
24	28	90	91	60	64	19	66
61	60	40	61	66	45	66	76
75	90	49	58	42	49	23	3
85	88	86	4	73	1	89	91
49	75	5	8	59	92	52	39
27	95	35	28	40	13	8	96
90	95	2	79	74	54	54	46
69	100	97	44	16	38	61	46
88	47	9	12	61	7	73	41
6	18	38	23	18	14	42	33
19	18	27	63	100	8	75	47
3	50	59	21	57	68	76	56
1	1	1	1	39	91	81	13
42	91	48	11	36	6	25	44
56	59	15	31	55	10	50	11
60	69	50	25	3	8	4	46
50	24	71	47	100	100	100	100
8	8	8	8	93	93	93	93
97	65	8	27	94	74	85	77
59	97	65	97	67	30	80	12
80	48	13	33	62	71	58	62
54	33	12	94	93	53	8	46
3	49	61	52	42	50	78	63
100	98	92	75	80	61	43	13
15	56	93	55	3	10	66	42
19	35	44	33	80	95	9	75
11	49	2	91	51	20	78	39
27	46	94	23	97	42	35	43
59	83	28	34	49	53	74	39
97	32	27	54	95	67	6	26
10	11	25	3	66	58	19	7
24	76	69	44	10	26	87	17
32	66	52	11	63	6	1	57
74	13	26	48	32	11	16	93
46	76	42	6	81	5	6	20
40	63	83	82	64	86	47	23
47	87	38	8	99	12	72	4
99	16	51	71	97	49	51	39
24	72	12	44	100	42	48	29
29	6	42	39	37	15	99	1
9	7	100	100	39	20	36	15
7	74	55	52	83	78	80	59
63	43	64	14	63	50	79	70
67	86	44	57	32	74	92	67
93	62	37	75	59	76	91	65
22	14	25	49	54	85	9	81
71	73	56	88	64	2	55	58
62	21	78	97	32	15	70	65
81	82	70	77	66	57	47	66
69	9	5	24	2	80	23	46
97	43	61	70	34	11	66	27
16	34	16	72	38	30	87	48
86	64	3	62	13	85	18	4
25	60	45	80	51	54	27	36
59	37	70	98	57	38	18	17
67	85	84	18	35	18	28	68
81	70	87	73	22	3	20	21
91	60	19	43	35	38	44	51
9	9	9	9	67	85	72	41
57	60	73	32	14	75	21	41
8	94	26	25	97	12	34	71
22	47	2	5	30	47	99	94
7	69	36	92	93	93	93	93
7	7	7	7	99	99	99	99
71	35	23	35	24	39	82	44
76	78	18	50	68	17	93	9
74	63	16	29	10	49	82	59
40	29	13	12	18	61	84	87
21	44	64	32	59	58	24	10
92	98	57	2	26	14	7	46
83	21	13	46	64	43	59	11
16	27	90	63	46	29	74	81
18	22	66	66	67	30	19	45
15	31	73	63	24	4	32	21
49	49	93	69	63	23	34	2
4	60	89	67	47	70	87	71
92	43	7	78	91	58	91	78
78	9	76	12	17	58	48	50
56	88	64	64	20	46	96	63
4	33	27	64	59	94	69	46
95	46	29	65	72	48	53	29
22	5	51	53	18	89	5	41
27	70	45	33	62	61	35	10
56	95	13	80	33	26	9	73
50	84	63	91	48	67	71	2
52	42	1	62	18	64	54	95
72	84	18	69	82	66	77	73
40	16	4	29	90	72	82	13
59	35	46	44	53	30	66	26
58	48	77	76	25	65	44	5
42	25	57	11	21	14	3	8
76	36	89	50	2	38	29	25
41	92	73	65	57	71	70	41
64	22	42	2	40	26	40	73
91	68	83	25	18	88	95	69
96	68	62	61	82	91	95	65
99	45	73	49	80	79	99	24
32	69	56	96	4	75	56	25
23	24	6	17	55	42	11	28
53	72	14	47	96	34	90	71
31	30	22	15	23	39	55	90
94	21	93	40	1	9	58	9
49	46	15	39	17	27	55	20
98	80	50	64	89	65	74	34
3	3	3	3	22	73	19	74
63	40	73	54	88	46	53	90
69	56	26	31	5	75	45	76
7	24	4	51	96	7	97	85
73	26	27	23	90	90	90	90
2	2	2	2	100	100	100	100
11	77	95	14	55	51	48	28
28	11	75	66	10	10	95	69
38	73	86	6	77	34	70	82
3	26	38	21	28	4	73	14
21	98	38	79	87	51	69	38
97	11	21	92	23	42	67	90
29	30	38	67	22	36	14	50
69	70	91	58	1	63	94	39
88	61	30	92	40	73	34	22
13	84	87	91	42	65	78	30
79	43	68	69	64	37	28	10
13	88	96	82	15	83	94	50
83	64	58	4	55	77	60	38
84	83	15	83	32	31	99	86
81	30	13	56	85	2	47	77
60	67	84	21	25	30	2	94
37	51	45	51	70	4	83	3
83	45	64	35	14	24	39	52
68	76	9	24	79	55	67	54
14	89	40	65	6	34	67	49
84	98	70	100	86	90	38	22
49	79	42	93	96	15	57	8
42	95	49	83	50	64	22	51
30	93	87	14	81	60	81	45
87	20	37	67	5	58	98	68
12	4	58	100	80	44	22	54
66	38	74	44	46	29	50	49
79	87	97	71	40	78	78	6
41	95	13	97	93	73	59	36
70	7	51	66	1	9	62	8
72	89	77	43	73	73	28	63
43	17	46	23	64	86	24	35
82	92	36	89	54	71	36	71
4	38	26	78	41	81	49	87
12	51	54	14	90	87	54	51
11	24	36	13	87	75	15	32
72	71	37	6	91	68	25	40
46	4	92	76	9	26	81	59
91	6	46	10	38	39	77	62
60	78	60	10	26	40	49	2
4	4	4	4	66	18	49	59
77	86	33	5	45	67	94	90
100	16	93	80	86	10	47	11
73	84	16	27	67	58	48	59
31	53	95	69	97	97	97	97
5	5	5	5	96	96	96	96
4	32	25	1	79	49	24	44
96	21	92	85	71	73	60	23
46	26	64	89	71	6	71	98
63	8	18	19	80	66	85	48
92	61	67	28	11	63	49	18
90	19	5	74	100	93	14	49
46	62	29	3	70	3	22	42
5	58	72	72	100	67	4	3
75	74	29	92	28	67	8	28
19	87	97	96	48	1	51	62
77	27	79	80	89	62	36	1
68	25	98	70	12	87	80	52
82	83	20	72	67	76	36	77
42	65	98	54	80	26	23	69
23	6	8	60	38	48	59	48
23	24	62	96	70	51	46	30
30	100	48	79	31	20	80	68
87	39	36	14	85	5	92	33
4	50	30	96	90	41	72	67
38	20	17	11	97	4	55	13
20	44	38	21	78	93	32	89
87	85	38	14	65	62	66	78
97	7	34	98	3	47	62	39
76	72	8	32	59	75	52	8
97	43	71	90	53	31	49	22
81	72	47	81	1	62	7	27
71	46	75	24	38	51	85	50
47	63	38	97	4	42	67	81
82	65	20	76	92	89	40	80
81	43	92	52	48	83	45	51
25	61	51	17	42	71	88	19
14	22	100	52	27	37	67	89
53	34	19	99	19	74	34	71
8	84	16	86	28	99	80	72
47	65	37	81	35	15	68	32
73	66	68	54	26	14	92	48
49	74	48	64	100	29	13	76
4	89	1	1	67	84	12	24
9	31	93	52	16	72	21	85
24	87	69	14	100	79	97	67
2	2	2	2	35	33	33	24
1	57	78	48	98	28	86	1
53	31	13	71	26	28	80	96
45	48	32	69	25	10	61	21
20	68	82	38	94	94	94	94
6	6	6	6	92	92	92	92
71	7	13	86	12	29	16	24
65	7	86	81	9	2	57	63
93	88	11	48	91	11	72	26
49	53	40	94	40	31	35	53
13	65	23	48	47	62	53	19
81	60	48	32	35	58	87	45
72	77	3	23	14	60	82	53
58	34	28	56	67	84	97	85
98	22	46	45	97	30	90	12
57	30	39	97	47	63	55	92
8	54	35	11	61	34	95	72
53	98	57	19	74	69	62	42
69	82	21	24	28	63	93	10
4	14	63	18	56	4	24	18
40	30	69	58	47	82	74	15
57	60	74	89	49	50	45	36
81	66	30	26	81	19	98	31
67	6	22	58	67	7	60	35
38	66	93	100	34	90	35	52
48	90	65	95	98	86	31	97
75	69	16	22	83	85	7	62
82	69	58	73	74	59	79	12
90	73	27	88	49	43	59	68
66	59	68	63	90	20	100	9
100	80	94	88	6	31	87	62
26	66	10	9	67	54	59	83
10	74	27	59	99	93	1	63
37	60	53	54	59	49	66	35
59	19	93	44	85	82	69	44
76	87	35	4	51	9	4	3
20	37	54	18	21	32	89	18
92	96	59	53	51	34	1	67
82	2	93	40	59	67	1	18
89	63	81	14	51	73	90	30
98	69	66	53	30	76	78	82
19	79	92	3	13	58	8	56
41	58	28	55	52	6	89	44
8	47	17	100	37	36	3	74
13	85	47	21	77	47	56	36
27	44	41	69	33	27	88	38
5	5	5	5	73	3	24	18
34	44	33	10	60	45	27	93
84	59	79	91	55	85	92	20
23	43	26	69	86	39	71	22
33	28	51	30	99	99	99	99
2	2	2	2	90	90	90	90
28	60	2	14	47	68	91	18
56	58	69	46	86	83	32	55
47	90	75	35	22	27	79	87
39	1	29	34	6	44	20	86
51	48	5	56	71	27	70	73
43	44	71	16	26	33	55	80
40	31	9	38	57	62	16	20
43	96	3	86	13	1	11	26
38	60	59	89	57	6	69	82
23	37	2	37	19	85	15	33
61	94	1	54	77	4	84	67
98	36	33	67	30	2	22	32
80	89	16	100	56	69	64	6
99	2	4	50	44	99	18	9
87	56	37	82	79	12	7	35
74	44	96	20	57	22	29	65
65	29	35	55	20	47	83	40
81	64	5	95	35	59	100	90
29	88	25	83	97	36	32	1
25	61	86	60	30	27	80	69
7	24	44	20	94	87	11	90
17	97	49	41	66	73	50	65
67	21	61	5	49	84	70	87
43	86	97	37	87	19	8	1
12	53	78	10	55	94	48	85
17	45	30	96	84	92	53	92
57	20	52	96	53	2	84	91
32	62	54	25	83	31	55	32
29	52	3	71	82	29	61	43
72	92	59	57	37	54	41	7
79	23	61	19	16	52	85	5
32	94	82	95	45	93	72	17
30	58	73	85	8	36	45	83
69	74	80	21	58	11	4	32
10	38	6	5	98	49	86	52
1	29	7	31	37	45	56	85
53	85	35	48	68	34	9	84
92	40	44	13	40	49	99	96
68	47	50	96	57	87	28	12
60	5	54	74	54	99	32	12
5	5	5	5	79	17	23	86
40	36	99	3	41	51	36	33
17	85	5	68	8	25	75	99
80	25	75	44	55	63	17	61
100	98	66	66	91	91	91	91
7	7	7	7	97	97	97	97
3	57	42	36	92	38	82	38
98	29	64	26	8	53	27	90
99	1	81	35	27	14	23	24
19	81	59	15	75	55	84	99
22	69	26	50	62	2	21	64
54	56	8	17	54	10	58	86
26	57	15	74	63	58	94	60
43	54	37	5	21	89	57	43
58	88	66	78	52	58	7	94
100	29	53	57	4	10	59	98
77	28	77	3	27	66	79	27
38	96	7	59	99	25	83	13
52	74	76	4	81	61	38	43
34	70	4	97	5	37	53	50
9	100	44	66	22	55	76	97
22	48	8	100	63	83	12	83
71	4	46	84	75	9	36	51
48	95	90	100	77	61	12	34
18	34	70	28	95	24	52	98
89	63	42	98	55	75	25	1
67	17	16	79	32	37	73	63
27	60	32	94	41	99	13	53
73	50	46	25	80	16	80	40
29	88	78	84	83	70	91	16
7	89	77	58	16	51	90	67
16	86	9	1	34	82	30	15
35	14	31	4	65	19	17	80
81	39	47	39	85	59	2	56
48	87	67	3	21	70	1	12
99	53	20	52	47	35	53	2
20	68	43	80	57	31	42	64
30	94	14	30	98	51	58	66
83	91	29	12	92	36	76	39
87	46	63	80	76	12	87	34
86	16	55	72	48	90	86	97
78	41	81	97	97	30	80	5
79	2	96	18	55	85	67	56
26	77	22	12	35	27	5	61
24	99	74	25	87	49	99	94
3	83	62	31	11	48	78	55
5	5	5	5	55	92	83	18
33	56	44	59	85	75	95	78
10	84	28	91	77	88	54	97
19	28	26	86	37	53	19	87
70	47	63	40	100	100	100	100
8	8	8	8	97	97	97	97
83	73	13	79	76	100	91	89
51	5	37	91	21	37	46	20
49	42	9	93	57	26	10	74
28	64	34	41	73	41	84	73
96	39	89	68	37	24	46	43
93	30	2	21	39	52	52	90
79	96	77	1	59	94	93	89
76	52	9	93	62	36	100	11
13	9	67	37	88	84	7	27
35	78	98	44	56	36	82	17
10	65	9	38	93	60	1	9
50	74	68	53	50	80	62	77
66	63	14	4	40	14	54	64
7	24	58	76	2	100	63	5
53	49	60	6	95	12	57	88
33	44	56	98	56	61	41	51
92	22	48	92	67	37	38	40
37	42	37	84	11	69	99	97
42	75	32	29	84	30	76	11
63	91	69	38	48	72	86	14
44	10	83	82	83	10	3	82
22	30	52	77	95	41	90	87
86	40	11	71	75	63	5	86
10	63	56	38	48	53	16	19
16	81	17	85	4	35	23	37
96	7	12	78	29	48	15	47
79	52	60	32	42	79	85	51
80	26	37	92	58	23	82	77
100	8	6	84	46	80	93	86
23	11	98	82	83	43	80	45
16	66	52	41	14	27	90	58
62	75	52	72	35	38	52	70
7	85	82	53	78	71	19	51
56	76	51	32	34	82	43	34
26	20	90	82	69	45	64	97
38	86	33	55	95	66	21	1
6	43	50	21	39	77	69	72
74	77	90	63	2	63	47	3
40	32	46	89	87	36	23	57
13	11	95	14	45	38	47	55
7	7	7	7	57	84	90	26
28	22	68	78	42	67	27	76
52	50	44	100	60	31	94	41
59	60	93	1	9	25	81	19
74	43	22	87	94	94	94	94
9	9	9	9	92	92	92	92
28	38	21	32	56	99	99	64
4	1	62	53	7	11	81	100
85	68	83	43	62	44	19	30
17	73	58	3	38	87	54	59
46	27	61	75	67	50	59	23
48	83	72	28	12	59	23	29
65	62	94	80	98	63	84	31
94	30	74	72	5	41	85	50
71	68	40	63	28	70	56	35
55	3	50	70	8	15	8	91
30	93	58	81	20	99	58	35
30	30	10	34	96	70	37	73
54	30	73	89	63	47	9	31
45	50	39	3	28	36	50	82
12	17	39	1	46	94	14	48
97	68	21	91	64	17	25	20
51	59	14	24	18	36	38	92
40	95	50	7	59	95	8	55
10	92	94	19	62	78	54	66
54	48	44	91	23	33	41	52
81	80	99	7	63	17	8	74
74	16	73	65	77	67	96	92
69	35	44	85	66	52	92	99
10	91	79	61	95	12	49	36
63	93	44	25	38	79	25	28
96	3	31	17	48	93	88	19
9	52	27	30	55	99	25	26
28	94	51	58	7	96	11	49
22	60	21	85	78	12	83	76
55	50	22	12	91	85	21	64
18	7	12	23	80	2	87	72
14	39	19	60	95	2	93	77
44	97	88	58	53	45	60	98
40	2	25	76	42	98	37	13
44	76	78	71	61	67	78	22
12	69	2	49	78	26	63	90
94	64	29	26	38	53	85	32
89	86	87	97	2	22	46	76
28	87	57	75	37	72	48	47
67	28	86	37	19	84	35	7
6	6	6	6	56	56	66	60
85	88	61	15	4	42	57	99
94	78	4	30	73	51	52	34
79	42	15	32	78	30	9	56
13	71	90	34	94	94	94	94
1	1	1	1	100	100	100	100
76	96	98	72	1	64	87	92
6	30	77	82	19	65	81	59
32	5	33	30	31	97	27	75
75	33	95	95	35	9	93	37
40	99	6	2	63	29	89	48
5	30	29	92	79	94	76	79
82	84	12	60	39	5	43	38
82	87	82	13	2	19	13	74
63	65	75	2	34	75	65	65
66	64	63	59	88	19	51	60
46	5	18	91	64	75	27	5
27	49	10	67	75	44	85	7
78	17	76	38	64	87	1	67
74	49	92	21	93	76	61	55
15	6	2	90	2	75	82	1
51	88	56	68	26	39	81	66
34	60	55	72	97	35	71	29
34	64	43	58	89	80	43	52
83	45	60	98	74	32	20	88
74	42	52	98	3	57	60	13
36	21	12	53	71	98	68	84
9	56	48	42	5	6	32	93
93	71	55	12	76	49	8	86
100	47	60	90	65	98	73	66
4	45	30	25	22	85	52	96
25	95	96	68	59	29	3	84
77	70	10	11	68	64	37	65
76	19	30	72	12	41	89	24
17	79	42	8	3	99	65	29
37	80	44	62	84	17	62	97
33	75	60	89	37	62	32	47
83	5	61	33	36	15	98	10
57	46	37	72	29	93	67	68
85	22	100	44	90	47	87	33
67	19	98	94	7	99	91	34
18	34	73	96	40	79	38	19
67	18	16	34	69	93	62	33
45	24	72	51	73	3	34	13
29	93	96	25	33	13	66	77
64	54	7	49	25	30	8	25
5	5	5	5	69	30	67	74
84	65	62	48	99	15	61	83
42	88	98	99	77	22	75	20
1	84	84	43	25	56	51	63
68	69	57	43	95	95	95	95
4	4	4	4	99	99	99	99
77	94	57	8	50	27	24	53
63	53	49	40	97	84	79	35
38	7	51	76	98	21	72	59
76	42	69	89	92	66	19	61
65	71	28	56	64	21	12	93
19	27	7	7	96	71	77	63
22	33	44	23	6	60	88	25
69	76	74	80	53	1	29	61
7	88	69	34	98	67	36	53
51	48	54	99	42	19	46	26
85	10	14	7	9	17	2	56
94	19	37	68	56	64	19	41
30	57	3	90	17	28	89	2
88	91	85	57	20	54	22	60
50	45	94	13	27	48	73	88
3	100	88	92	78	48	13	27
12	100	10	43	71	46	53	35
12	69	81	22	29	22	74	58
97	6	36	21	55	63	72	36
77	91	86	7	93	22	100	93
10	37	24	30	36	29	7	32
52	58	43	65	53	53	63	86
21	60	74	73	15	25	50	79
25	7	28	9	38	75	13	58
66	88	99	97	31	97	75	60
92	67	63	72	20	92	31	78
53	24	63	9	44	15	34	60
95	78	38	44	74	28	73	13
5	32	52	31	37	78	2	49
47	77	60	90	65	37	77	3
76	19	78	69	99	8	35	94
37	24	80	85	82	62	73	29
12	37	18	24	1	7	83	95
61	31	54	89	53	50	72	81
55	35	41	16	35	66	17	1
57	42	78	49	1	7	4	58
33	93	72	59	12	91	4	23
93	58	76	73	79	72	15	12
57	58	7	56	92	14	26	1
16	25	91	9	9	21	67	19
8	8	8	8	61	21	1	48
8	78	7	68	80	96	100	67
34	88	70	89	68	1	21	7
15	22	86	77	62	100	53	85
93	90	69	34	92	92	92	92
7	7	7	7	96	96	96	96
94	83	90	79	70	54	23	32
75	63	98	41	73	48	10	17
85	59	55	97	67	48	45	38
62	87	58	13	44	50	55	18
81	63	28	72	69	41	14	74
94	29	53	21	89	35	70	83
91	31	16	97	27	7	84	92
89	72	93	4	38	87	91	89
77	78	57	53	91	95	5	93
35	28	52	11	60	34	55	40
91	58	27	58	44	22	85	97
79	24	11	70	75	17	47	92
91	53	57	95	37	26	66	17
81	61	98	74	14	22	10	6
43	29	72	87	59	8	41	37
55	69	78	48	91	28	69	78
57	40	78	97	3	72	96	67
88	75	96	77	1	29	8	14
79	64	5	12	47	53	5	10
31	23	70	4	68	23	70	89
63	6	90	84	49	71	50	71
32	43	89	82	80	65	39	99
98	75	74	92	16	28	10	64
15	56	33	26	24	60	27	7
54	27	7	95	65	55	72	55
47	99	35	46	28	14	54	77
57	10	60	94	78	28	13	41
57	4	63	85	23	21	44	28
9	98	44	9	54	33	4	56
91	67	39	58	87	92	43	24
34	86	78	27	10	54	87	66
55	48	25	29	6	2	29	30
62	87	31	31	17	15	1	59
59	50	27	68	80	80	57	54
86	21	32	25	39	28	87	33
48	71	23	21	58	8	33	12
98	14	20	66	24	40	77	33
39	95	44	11	17	18	49	70
21	91	97	84	98	30	94	97
92	86	13	63	37	56	41	9
1	1	1	1	82	83	83	89
43	64	48	98	59	23	85	57
92	44	69	98	60	55	83	55
6	93	69	55	53	40	2	100
76	46	86	52	92	92	92	92
5	5	5	5	100	100	100	100
54	29	44	76	96	48	44	2
34	92	80	81	37	4	28	80
11	4	95	49	63	56	83	45
49	13	63	93	44	73	12	32
60	92	75	28	64	50	79	29
30	3	43	86	8	15	3	57
26	38	33	70	37	64	58	90
98	51	76	7	16	48	80	62
60	1	89	45	19	34	13	20
81	36	19	65	47	13	81	43
19	4	97	35	10	16	26	89
34	63	26	76	64	39	86	29
78	94	59	80	40	4	94	21
85	99	97	72	73	1	76	68
72	8	96	26	10	74	91	62
79	91	18	46	83	91	56	98
98	50	18	64	26	46	23	52
47	25	3	73	88	5	76	42
4	44	14	12	9	18	45	94
94	18	19	61	41	34	100	92
90	83	44	16	4	52	16	85
88	9	90	99	33	31	68	6
3	50	70	96	94	76	88	73
35	45	100	93	23	77	49	98
58	46	82	24	36	12	45	38
52	61	39	12	5	29	90	75
56	70	70	69	12	59	84	8
15	24	84	10	54	45	10	72
53	71	15	62	34	95	89	32
36	52	69	95	67	98	73	29
36	28	90	72	39	21	84	75
98	16	76	23	13	2	76	73
89	98	74	48	68	60	62	83
5	93	29	6	18	52	82	75
24	10	96	21	9	28	30	91
28	1	51	67	16	47	77	96
34	44	48	91	94	17	59	61
61	68	93	98	64	56	56	81
93	59	96	100	32	45	91	27
32	8	86	1	92	2	54	3
9	9	9	9	29	13	46	37
4	6	33	54	63	98	40	92
62	78	17	64	3	40	5	70
46	30	50	53	42	35	73	72
98	2	46	87	96	96	96	96
5	5	5	5	90	90	90	90
58	74	42	14	7	21	47	7
61	97	83	13	24	91	66	65
54	17	74	51	27	79	80	10
11	35	51	8	50	41	3	63
34	99	57	47	68	82	23	60
29	20	12	80	96	86	34	69
35	66	53	31	95	35	48	19
58	96	93	89	34	69	96	76
36	61	70	2	47	11	43	69
64	19	47	72	31	32	59	33
8	70	20	9	85	43	4	50
10	80	96	52	10	77	42	72
9	23	60	38	36	35	8	10
85	41	94	29	83	57	7	23
50	51	56	82	87	8	20	17
39	68	65	36	9	17	97	25
92	23	78	38	92	35	25	52
78	92	18	62	39	82	53	84
8	8	46	18	84	75	68	45
75	36	79	88	45	11	87	53
60	54	19	82	7	26	94	58
52	91	95	66	81	96	62	73
61	77	42	47	49	95	36	42
61	54	71	89	61	54	65	71
81	6	80	44	41	60	65	22
31	82	54	29	68	87	95	27
2	50	21	1	47	28	38	61
14	28	91	56	9	86	54	49
37	72	27	42	55	75	25	4
92	79	50	3	70	12	35	34
30	95	1	77	6	69	72	5
46	32	16	93	9	58	60	47
5	63	90	10	61	74	96	28
48	88	83	13	49	38	39	44
19	78	86	24	37	20	24	68
59	43	81	57	76	44	26	43
21	57	47	54	33	65	15	76
85	52	70	60	79	75	97	38
31	38	22	32	50	85	11	77
92	99	51	97	33	41	14	93
10	10	10	10	71	33	66	36
71	64	24	61	73	71	63	54
100	6	24	20	35	5	83	24
78	41	38	90	24	65	2	4
59	93	86	42	100	100	100	100
2	2	2	2	92	92	92	92
90	8	47	11	21	84	21	93
75	32	10	36	19	34	23	19
92	59	22	56	73	76	4	25
96	50	46	22	6	70	55	38
32	56	57	12	59	86	44	36
30	39	67	93	91	5	68	44
52	7	27	78	7	71	19	11
69	33	26	75	69	13	83	89
51	2	42	6	30	34	44	56
37	14	92	84	72	88	6	76
86	30	6	5	72	55	50	56
52	94	12	81	34	65	74	63
90	74	8	96	79	70	35	97
21	27	10	90	93	81	6	87
41	35	51	12	96	86	23	53
92	9	35	46	16	5	64	69
18	2	19	47	4	24	72	32
12	71	36	90	18	75	50	73
46	48	57	33	2	36	82	3
22	61	77	39	72	75	51	43
17	24	4	75	23	68	63	63
40	88	14	27	93	92	67	6
94	31	5	33	57	97	28	3
79	7	42	2	56	33	42	15
92	29	1	22	48	27	37	4
34	56	10	33	72	68	66	47
100	60	16	34	73	59	93	8
99	32	2	7	80	2	78	74
74	9	23	86	19	7	35	59
61	97	33	43	88	56	10	66
1	76	46	53	90	43	84	1
10	83	63	86	38	8	15	22
40	51	88	79	16	88	46	91
2	44	76	54	66	92	92	7
34	23	61	93	17	97	100	24
4	54	21	27	87	80	31	62
90	36	12	57	5	28	75	81
6	20	79	32	37	19	55	36
77	61	64	85	3	36	40	70
80	74	73	4	56	60	61	47
9	9	9	9	81	79	61	76
52	37	64	34	85	92	24	50
71	73	77	25	16	17	8	11
64	32	12	23	40	68	8	13
47	48	34	73	95	95	95	95
7	7	7	7	99	99	99	99
23	31	80	81	66	93	10	35
65	49	55	89	95	48	27	25
45	37	86	74	34	31	93	25
84	69	25	45	34	41	76	15
25	13	39	96	39	31	17	41
52	78	11	10	74	3	30	29
62	98	8	44	7	82	80	44
58	78	39	25	40	48	99	69
55	79	67	9	48	28	44	56
49	98	98	17	45	83	84	93
24	86	47	93	91	91	65	21
46	43	79	80	83	45	31	97
69	95	59	94	78	70	95	50
48	77	81	69	33	76	31	45
35	83	53	45	38	29	1	58
8	50	70	54	18	100	21	64
5	70	35	72	39	39	40	51
14	91	27	84	85	4	20	62
39	28	19	30	67	89	48	78
10	67	79	77	32	18	34	100
82	77	3	80	38	27	37	3
80	88	80	74	15	37	84	20
14	42	16	4	88	57	2	28
75	83	81	64	64	73	83	95
54	87	51	78	60	15	8	93
65	85	85	82	40	90	46	54
55	100	29	9	8	7	30	91
10	98	12	5	18	15	39	82
39	57	39	78	63	14	37	1
88	28	27	26	59	100	73	35
31	89	59	92	10	61	38	64
52	98	65	85	91	73	45	52
14	38	60	35	77	84	66	36
65	56	92	72	21	51	33	54
60	36	49	30	17	6	45	19
69	66	99	1	49	35	40	27
57	31	20	31	39	23	64	63
52	23	78	83	33	53	18	22
70	32	26	62	68	59	92	97
51	48	23	86	4	86	67	79
2	2	2	2	31	95	73	30
32	2	73	88	56	97	47	66
46	56	56	15	74	52	30	58
82	66	58	73	51	55	2	60
27	43	62	53	98	98	98	98
7	7	7	7	93	93	93	93
70	37	65	65	15	28	34	30
99	94	91	44	82	98	98	86
37	14	84	43	84	86	72	76
23	92	79	72	60	59	40	51
75	24	94	18	57	34	78	80
97	77	27	88	84	63	14	76
14	71	89	7	79	48	32	26
12	65	91	99	15	59	19	6
6	24	66	21	48	90	46	51
13	64	58	2	29	35	21	85
56	37	29	15	84	94	82	47
19	58	74	10	14	43	90	62
71	40	52	15	90	77	12	11
86	94	61	33	4	73	1	75
50	38	42	28	17	50	75	8
81	67	26	25	31	29	48	31
28	43	30	89	13	35	7	78
4	26	90	98	30	57	38	100
74	93	21	42	22	82	29	53
80	76	48	5	64	98	32	70
49	68	92	26	6	19	45	11
59	69	64	30	36	65	51	15
33	36	61	31	51	79	60	45
2	73	60	94	23	91	49	92
8	47	79	24	23	23	47	57
90	60	57	97	17	94	24	48
24	66	73	72	69	53	29	53
88	18	43	89	82	8	23	1
51	18	98	43	22	48	9	35
10	25	75	73	3	90	17	2
29	58	74	7	84	3	5	26
72	16	38	78	61	74	75	4
67	11	94	15	86	88	2	79
27	9	72	46	7	38	97	68
5	65	51	9	44	74	49	65
10	6	57	38	77	81	17	79
11	49	15	86	51	43	87	20
52	24	37	21	16	57	100	53
45	62	38	39	35	12	93	6
99	57	39	75	56	4	33	83
1	1	1	1	13	72	3	96
90	22	20	27	57	81	35	12
28	98	8	10	77	19	89	35
88	51	52	75	83	22	88	21
65	23	85	73	95	95	95	95
9	9	9	9	100	100	100	100
40	95	34	73	4	38	9	65
89	61	97	15	71	1	21	30
80	96	35	23	54	14	35	76
82	40	26	31	72	20	81	33
54	5	68	96	28	1	96	97
79	92	46	89	15	93	19	21
48	48	22	62	48	89	84	37
46	47	23	62	90	48	35	16
7	58	41	26	90	4	96	21
96	1	60	72	49	21	30	99
98	79	28	4	45	46	80	44
42	98	33	10	62	31	50	100
60	90	98	40	27	66	85	68
78	59	21	37	69	56	83	34
83	97	27	16	47	69	19	60
76	77	31	24	40	27	61	87
85	70	27	30	91	51	74	75
51	82	5	1	43	28	68	44
1	29	28	2	44	45	37	34
73	74	43	56	82	81	56	52
1	39	77	61	2	22	62	54
80	74	53	32	17	83	49	15
60	51	80	73	95	59	87	54
61	21	5	8	79	26	35	87
94	97	64	64	35	29	69	66
23	61	23	56	85	2	30	88
74	4	8	19	83	5	31	24
57	8	37	80	19	33	28	66
17	27	99	57	94	18	21	45
45	22	13	66	18	53	37	98
63	21	39	85	96	96	79	31
46	17	7	80	80	24	50	65
29	39	55	2	95	9	77	90
28	37	64	78	96	81	70	11
57	83	40	86	45	52	80	45
80	29	73	9	50	41	46	26
29	63	57	43	80	9	23	40
67	1	11	54	75	42	73	54
7	68	97	30	64	33	57	68
72	27	1	55	22	74	65	84
4	4	4	4	88	92	19	70
71	47	80	38	56	61	70	100
46	5	69	27	48	25	85	32
19	13	85	68	26	37	90	26
20	6	46	78	93	93	93	93
10	10	10	10	99	99	99	99
49	51	84	80	50	12	39	23
83	69	11	72	7	17	57	88
50	63	66	53	91	92	99	76
82	86	81	32	13	8	20	3
41	48	47	56	37	93	2	77
3	76	76	47	56	34	53	73
21	86	74	84	27	43	87	19
74	3	87	57	70	54	26	60
88	60	68	83	38	69	74	59
63	84	17	3	100	81	91	49
47	41	96	84	43	7	65	72
70	31	94	55	48	19	40	37
83	59	55	64	14	86	91	31
98	81	80	99	44	76	21	72
4	4	95	28	62	55	73	43
21	97	78	43	35	61	86	62
90	37	16	75	41	19	31	24
66	48	27	60	98	17	53	35
6	63	61	66	29	15	59	63
70	18	47	58	98	59	36	92
37	7	48	75	17	92	65	68
69	100	83	72	45	66	24	1
1	59	72	38	35	90	65	54
42	43	20	75	13	7	46	98
28	13	72	1	14	71	59	53
82	41	20	59	42	1	13	61
90	5	42	3	63	47	88	49
38	42	13	91	38	97	29	66
32	88	88	22	19	45	48	79
15	96	23	17	100	66	41	43
81	20	11	57	100	35	21	84
59	45	81	60	88	69	44	13
87	41	27	69	11	3	62	34
87	66	37	28	47	67	65	46
50	22	81	45	97	60	31	92
15	79	47	83	90	78	84	51
86	95	49	96	23	77	21	36
2	85	96	48	56	14	89	93
36	82	67	3	98	8	53	39
50	70	51	65	10	64	31	84
3	3	3	3	52	91	7	98
33	40	77	9	75	38	14	25
5	91	32	67	96	68	85	17
67	25	51	53	78	3	46	91
57	31	53	96	94	94	94	94
3	3	3	3	95	95	95	95
62	49	35	81	32	62	85	92
92	58	56	48	40	18	96	65
22	24	20	17	48	45	77	53
79	40	49	5	31	54	45	69
76	6	15	2	16	99	80	30
89	4	7	41	62	77	41	50
35	78	60	79	48	14	32	28
1	39	12	85	19	82	42	62
57	23	41	28	42	98	87	84
20	73	46	49	3	99	96	76
46	28	67	68	5	27	76	93
78	20	76	89	76	17	53	40
90	13	24	36	3	67	41	99
9	90	92	86	52	18	42	9
97	31	43	69	17	60	53	6
67	96	66	99	13	65	59	75
43	68	88	67	69	9	66	42
73	96	14	99	73	97	85	90
55	84	51	42	88	33	15	66
73	48	42	67	10	15	62	30
68	71	35	69	94	33	99	53
22	65	65	93	77	61	91	99
75	67	46	16	28	36	90	98
28	18	16	69	84	75	3	21
43	36	46	66	4	25	58	45
57	88	76	24	22	60	5	8
74	8	52	13	80	36	62	79
77	28	4	74	40	14	93	45
8	53	2	66	72	81	44	56
58	48	30	35	77	91	18	57
52	12	77	32	2	55	100	17
51	48	78	90	36	92	23	64
81	91	99	94	13	28	90	90
33	77	45	33	69	69	72	37
16	70	46	65	18	20	18	46
98	12	66	44	49	40	80	53
65	73	45	18	89	13	43	86
33	17	40	96	66	94	40	83
89	70	59	64	31	52	57	17
49	85	88	18	80	6	17	93
9	9	9	9	96	15	90	22
48	6	72	81	93	51	2	69
27	11	24	68	36	38	83	88
39	43	93	35	51	83	98	19
66	7	62	98	90	90	90	90
6	6	6	6	94	94	94	94
98	81	35	74	48	4	77	17
66	22	34	14	87	98	13	56
78	60	55	100	20	96	90	59
9	16	15	8	40	78	1	30
73	68	44	93	87	71	86	62
74	70	79	99	28	96	20	82
45	2	7	56	31	10	63	24
11	69	1	88	76	35	89	10
15	36	33	11	90	43	2	37
27	32	28	9	11	93	39	52
21	47	8	30	39	56	31	38
6	26	26	35	55	17	37	83
6	10	50	43	64	15	15	45
46	61	8	15	28	40	93	63
15	69	88	52	59	66	79	46
1	85	3	73	65	60	59	70
98	71	13	66	98	19	17	67
61	66	43	10	100	72	20	95
76	61	76	45	18	40	6	42
45	58	76	38	65	63	47	58
64	59	15	34	52	70	13	96
61	33	17	79	57	42	54	17
30	31	57	17	27	69	68	76
18	98	39	68	13	29	64	61
68	69	84	87	32	9	100	50
31	18	8	26	37	67	49	30
88	5	7	85	88	21	70	81
39	10	49	49	41	91	29	3
24	69	20	99	9	47	44	23
67	23	12	11	34	24	50	8
4	47	91	41	16	27	63	23
44	26	92	79	21	83	14	25
67	73	46	26	48	73	20	12
15	78	60	90	33	36	24	61
1	32	2	86	62	12	22	98
45	14	81	97	91	7	15	29
18	17	23	90	54	81	97	72
16	39	81	14	87	49	43	22
16	94	47	62	72	66	97	7
39	65	29	68	39	17	67	79
9	9	9	9	26	63	84	29
21	28	98	13	41	57	84	79
92	100	21	99	96	75	44	71
18	63	78	19	52	36	55	92
15	55	49	81	93	93	93	93
1	1	1	1	97	97	97	97
72	45	43	97	91	43	31	3
42	50	78	70	4	32	57	73
29	85	3	4	10	83	70	7
25	1	29	54	93	19	80	73
4	14	39	79	73	81	62	23
41	16	65	14	95	98	96	76
44	27	83	22	38	91	90	7
96	86	22	69	100	44	1	28
77	51	3	94	41	33	22	4
87	48	36	99	16	62	64	80
3	75	94	70	95	49	33	32
23	87	19	67	99	80	60	70
90	14	54	46	15	63	31	35
19	76	48	74	69	81	6	21
31	33	43	14	24	12	68	25
55	71	81	100	78	85	91	75
37	60	76	88	54	17	17	49
59	34	92	65	18	84	8	83
4	50	76	90	40	85	27	88
90	72	97	20	77	26	26	78
26	30	18	86	87	64	40	50
70	60	38	30	84	62	99	21
84	24	31	44	81	82	6	35
66	1	6	61	5	100	62	15
22	64	87	3	54	75	7	87
39	54	52	47	9	89	59	34
50	28	48	7	88	11	6	100
97	71	15	42	2	8	52	95
25	48	67	90	13	61	8	35
73	15	76	22	57	67	41	23
84	94	90	40	50	77	26	46
73	100	74	92	55	44	88	96
54	71	38	37	20	20	44	51
1	68	30	54	26	93	70	64
3	66	46	67	29	34	95	77
28	9	9	100	8	61	78	10
12	21	54	72	11	83	89	100
14	98	67	64	61	35	93	91
95	37	95	76	18	10	23	53
17	23	2	32	20	44	7	76
7	7	7	7	49	27	8	40
47	87	64	91	51	47	81	78
80	69	40	1	62	84	4	72
54	99	87	17	13	80	4	51
37	21	36	58	94	94	94	94
2	2	2	2	96	96	96	96
69	61	32	64	60	25	11	74
91	65	24	78	68	10	72	91
33	88	8	71	58	90	89	51
19	58	84	49	47	13	62	19
51	89	43	37	41	74	82	99
13	46	29	25	51	33	45	44
50	80	93	61	35	90	13	82
84	90	85	30	22	61	52	64
68	31	74	19	18	47	4	49
12	91	72	22	52	5	1	34
5	68	41	100	57	91	93	66
91	21	82	73	9	46	13	76
93	40	61	8	54	34	43	77
54	9	25	35	13	33	86	44
10	56	92	35	29	5	100	40
6	4	47	66	11	35	49	43
72	74	73	5	16	51	23	98
86	23	34	21	34	86	61	4
95	3	18	95	83	17	33	32
82	35	27	20	96	57	52	15
23	66	96	46	22	85	97	7
54	61	88	54	75	69	27	59
63	13	88	79	36	3	24	97
71	91	91	71	99	52	6	96
76	79	42	66	23	97	7	81
5	48	29	4	5	69	85	71
67	65	42	95	12	30	91	4
69	86	3	78	72	86	42	5
65	5	27	2	68	98	1	27
96	87	32	69	87	92	70	39
13	33	99	85	17	94	40	21
57	35	10	14	75	83	79	80
14	17	7	18	46	73	82	74
56	29	28	14	55	62	40	57
59	74	8	77	23	14	34	65
76	93	100	73	90	56	12	92
46	72	11	60	29	2	63	50
75	65	44	86	89	31	29	90
49	17	85	15	36	6	31	5
4	29	25	50	13	55	22	73
9	9	9	9	28	45	30	81
2	55	68	58	59	5	84	24
92	12	99	22	41	72	5	72
65	72	85	12	1	76	79	81
81	55	21	98	97	97	97	97
3	3	3	3	92	92	92	92
4	49	98	78	41	71	70	17
100	57	95	83	40	57	36	18
43	70	50	16	57	76	56	5
43	29	65	44	47	86	99	92
61	3	42	79	50	24	31	98
88	36	22	85	63	72	59	52
28	65	79	67	96	76	26	64
86	94	37	92	32	27	98	21
45	75	53	53	59	1	79	5
60	3	22	66	79	55	13	17
9	61	56	88	66	27	14	81
68	42	52	66	8	37	21	45
36	84	98	85	58	7	17	4
10	82	35	44	29	3	86	46
3	20	17	59	98	89	66	93
20	61	28	64	48	68	57	22
70	6	42	19	8	37	10	98
66	28	12	76	76	11	83	45
53	92	80	7	47	8	73	68
92	92	30	70	15	16	75	39
89	16	78	63	5	82	88	10
4	19	40	93	47	53	27	80
46	9	47	53	31	7	84	60
53	71	9	92	67	45	52	39
27	2	11	76	91	73	52	82
63	78	64	34	71	80	82	55
21	34	22	80	6	88	51	89
31	27	98	1	66	46	37	52
28	91	15	94	5	95	70	32
62	36	23	52	42	59	68	45
82	93	81	12	79	12	99	89
33	97	89	32	35	77	2	85
56	75	90	42	31	96	3	3
85	70	97	36	78	4	45	8
95	44	39	87	68	36	7	100
91	49	16	26	20	26	54	89
39	92	86	84	77	32	36	13
67	88	77	76	36	35	100	87
52	71	39	34	43	53	48	86
61	50	99	41	85	60	87	10
9	9	9	9	49	32	60	81
81	1	90	41	23	73	24	45
64	86	90	12	32	41	64	22
96	7	26	81	45	31	59	98
22	98	92	29	95	95	95	95
2	2	2	2	92	92	92	92
62	94	32	32	18	52	36	81
58	95	89	86	27	88	51	47
86	31	40	39	68	75	5	37
70	91	73	26	94	38	21	16
45	96	64	14	44	57	54	92
18	3	18	63	60	7	48	74
68	32	50	43	58	5	95	3
56	81	41	32	6	84	38	48
49	79	84	76	19	38	76	44
75	97	89	74	54	87	75	88
92	70	100	31	95	47	83	76
29	39	96	74	11	32	5	98
67	97	35	9	54	17	75	71
62	100	21	52	45	34	28	93
89	60	71	6	97	98	77	63
51	7	48	1	54	47	98	91
70	52	69	49	50	83	52	100
71	32	49	20	90	39	27	54
43	96	59	88	86	39	52	65
86	81	86	43	21	60	39	89
4	11	11	69	5	6	55	81
66	41	70	86	55	70	74	33
16	42	91	98	57	22	100	65
26	75	97	65	98	100	34	33
73	79	88	24	32	74	39	62
69	72	14	21	13	54	83	69
68	51	30	93	96	80	29	54
73	22	98	22	28	72	3	96
8	7	39	18	41	24	98	41
28	59	68	18	83	56	58	36
32	96	66	21	6	71	23	99
20	40	55	34	75	52	64	75
7	9	95	31	33	24	11	74
55	7	9	38	57	77	77	17
100	49	73	23	42	53	35	86
48	75	14	70	6	47	68	91
53	87	37	5	26	58	38	50
83	14	72	72	29	23	64	15
94	58	91	51	35	5	74	61
88	68	77	95	54	43	92	14
10	10	10	10	9	22	41	80
34	17	87	68	28	61	75	84
37	43	27	39	87	64	30	95
82	10	58	35	53	51	67	86
7	7	40	80	100	100	100	100
5	5	5	5	95	95	95	95
72	83	95	73	79	10	91	29
24	41	11	38	55	76	33	27
51	65	91	13	5	52	63	17
72	76	12	80	95	2	86	95
65	59	79	61	31	11	54	75
72	37	11	91	54	24	45	20
59	93	10	36	17	54	67	37
51	86	15	51	94	4	30	2
34	81	27	81	71	59	4	52
74	42	65	26	39	12	7	81
47	41	95	45	86	38	25	56
37	72	71	85	14	17	16	36
92	6	40	34	6	71	58	68
46	19	17	87	6	47	43	17
42	47	66	63	35	67	90	49
37	39	20	7	26	57	50	67
50	50	70	27	67	9	22	49
24	10	70	7	39	33	93	76
96	70	93	27	95	81	69	5
21	46	80	29	77	33	60	73
96	8	56	32	95	9	95	68
19	100	16	13	62	13	71	88
85	96	49	42	52	28	97	12
22	8	40	5	84	68	46	87
37	92	86	57	90	39	24	55
56	1	58	7	6	50	81	29
75	9	58	38	56	39	99	35
74	99	91	10	38	55	6	35
39	71	87	41	82	60	59	61
26	15	24	21	50	73	55	49
18	39	75	74	37	32	37	19
20	98	56	25	42	28	30	39
49	98	2	26	78	62	84	85
15	84	77	70	95	87	83	70
11	81	93	43	5	69	13	19
21	66	19	14	53	27	31	51
66	63	7	39	74	45	95	80
79	38	85	87	25	30	83	34
47	25	49	80	32	23	93	64
17	12	59	34	57	41	27	82
6	6	6	6	53	54	26	61
42	43	45	47	69	73	3	21
76	55	12	35	53	4	44	90
62	19	43	41	80	72	86	17
66	62	71	54	93	93	93	93
1	1	1	1	94	94	94	94
82	56	74	10	63	62	93	40
81	25	32	59	59	92	96	4
17	61	82	95	20	68	29	24
34	92	90	2	15	81	26	15
7	93	81	97	53	24	20	68
41	38	26	6	56	81	15	9
54	5	95	38	47	45	70	16
98	98	71	63	44	69	58	23
37	38	75	4	29	3	19	14
12	98	14	73	44	77	18	54
58	64	81	54	8	18	26	6
82	93	83	58	85	2	21	83
31	64	80	54	94	1	98	92
95	22	37	85	30	1	73	30
36	86	65	78	63	15	15	96
17	82	96	67	29	34	55	2
59	60	44	92	15	67	63	38
16	11	76	67	39	97	9	55
40	22	92	5	34	19	74	11
6	54	71	4	93	8	20	15
53	21	98	61	97	76	62	66
36	8	32	6	88	66	86	3
10	81	28	7	61	59	26	19
83	66	66	66	69	73	62	44
61	32	75	34	45	77	86	86
15	29	50	55	7	23	20	67
11	29	13	27	68	43	33	17
74	50	70	61	17	24	8	23
6	3	14	39	56	43	11	83
89	32	12	66	6	80	72	94
94	90	76	91	62	24	75	52
86	31	68	38	42	23	83	59
49	2	94	54	72	47	45	68
38	36	6	14	91	82	24	9
96	21	67	77	7	52	34	84
42	82	35	22	81	88	15	22
64	39	76	5	9	1	6	46
55	65	98	74	57	81	27	23
42	1	100	95	88	56	27	58
11	90	70	100	24	22	84	39
8	8	8	8	34	42	89	18
99	77	28	89	81	96	94	66
95	98	30	8	29	18	33	18
26	83	90	53	99	50	41	3
41	11	66	74	91	91	91	91
1	1	1	1	95	95	95	95
72	40	17	3	44	29	69	83
74	34	34	61	64	30	1	73
39	3	5	50	22	66	97	44
5	12	26	92	87	13	90	10
71	32	66	41	64	9	4	26
8	74	74	91	79	24	70	92
52	81	77	78	39	74	5	88
72	43	28	89	21	42	32	2
45	88	58	31	22	77	90	84
48	63	92	99	54	76	85	3
32	38	18	16	80	39	24	48
83	46	46	7	32	98	76	60
22	93	79	44	23	31	41	87
84	25	7	97	94	8	17	99
26	50	97	10	17	20	97	50
36	93	54	72	34	85	30	26
14	46	7	29	22	84	22	58
21	77	79	15	36	56	10	73
92	7	48	53	23	61	5	50
87	50	45	12	5	53	72	38
95	52	23	32	28	33	48	47
96	28	35	57	99	67	69	84
68	58	97	52	93	56	1	71
45	60	60	26	81	32	16	74
16	78	52	2	12	86	42	25
91	58	50	11	83	88	48	17
82	34	77	36	45	67	80	43
100	94	6	97	22	24	63	58
29	70	97	63	51	47	86	55
41	68	62	70	97	4	66	27
51	36	91	20	20	10	68	66
69	80	25	2	23	33	92	60
3	60	36	22	18	9	83	68
3	3	89	79	56	80	75	67
59	31	44	60	27	50	73	41
4	89	62	65	13	92	97	23
55	17	26	61	62	67	81	72
99	26	61	57	92	16	76	85
65	73	97	16	24	16	26	73
41	63	94	88	30	80	12	80
2	2	2	2	71	14	61	30
81	61	84	79	38	70	4	55
32	74	17	12	49	92	10	74
91	44	19	28	32	8	100	39
69	4	15	100	91	91	91	91
7	7	7	7	98	98	98	98
75	41	29	40	5	42	24	6
5	52	49	69	37	30	85	33
48	1	22	26	85	79	15	94
30	96	56	41	89	97	87	75
82	20	3	99	43	51	8	15
2	72	64	89	21	21	38	79
15	11	91	22	6	88	99	1
58	76	81	3	74	35	48	33
50	85	25	57	98	5	11	96
78	7	21	38	64	93	15	27
83	21	52	32	43	80	16	19
90	45	14	79	63	46	69	40
62	41	47	92	44	88	17	4
32	54	3	19	57	26	26	15
93	68	64	75	33	96	90	40
96	66	26	76	41	44	56	58
33	75	10	36	75	89	57	14
71	51	74	89	76	53	99	80
6	91	65	3	15	36	72	69
27	58	35	47	77	32	26	60
45	1	70	42	47	22	47	6
17	84	81	19	44	49	73	89
47	5	85	36	65	62	32	19
100	66	49	98	36	88	92	90
8	78	60	74	7	58	38	10
2	88	61	76	83	23	82	19
19	73	46	53	81	76	66	61
37	31	16	28	16	5	42	59
7	37	90	20	55	50	69	6
79	24	9	67	28	20	5	40
43	17	33	78	73	9	27	99
44	56	56	24	79	83	9	41
57	12	28	16	21	95	29	20
79	96	42	7	34	80	88	89
96	73	25	34	22	89	58	39
46	64	72	73	62	87	15	100
57	99	74	27	74	2	5	79
66	93	62	56	23	60	92	45
65	24	95	43	39	30	19	72
60	5	24	53	28	79	9	92
6	6	6	6	37	70	89	48
3	95	68	83	21	76	58	28
60	21	76	14	34	18	35	24
50	16	72	80	43	14	92	29
57	16	4	60	99	99	99	99
9	9	9	9	99	99	99	99
12	57	8	58	29	62	18	14
59	2	1	100	83	20	75	29
43	91	8	33	74	26	91	85
21	98	91	94	75	23	88	8
73	89	61	26	83	98	96	54
19	65	39	76	3	47	83	42
49	7	41	28	98	50	32	42
12	90	88	90	3	22	82	89
69	20	65	21	89	81	15	62
66	30	10	81	33	39	49	94
51	78	17	60	62	38	87	66
53	72	6	62	74	66	74	100
22	11	60	29	41	47	1	100
92	40	79	4	22	46	90	38
99	88	7	43	24	37	37	55
3	53	100	73	93	7	61	18
9	57	72	75	10	97	58	43
87	70	18	99	34	88	88	70
65	26	50	73	86	62	25	97
47	63	99	61	2	56	15	76
20	89	23	70	33	71	77	42
87	89	8	65	76	80	17	57
78	64	67	2	1	34	55	33
80	97	20	68	45	25	30	42
12	93	42	24	22	3	75	78
62	49	93	35	56	97	44	16
57	85	4	14	2	78	94	38
55	76	98	75	70	55	30	67
15	3	47	96	96	29	83	27
53	36	41	6	47	10	52	34
83	5	89	79	38	69	7	74
71	64	50	33	91	50	60	18
41	34	64	66	41	48	60	10
21	82	24	37	89	76	66	75
20	73	2	13	59	34	41	38
99	91	11	48	9	68	11	15
66	15	14	37	40	70	15	14
41	56	17	57	59	18	57	88
37	8	10	79	77	42	6	50
54	22	23	49	58	100	54	32
3	3	3	3	44	97	50	92
99	9	98	56	68	65	36	6
43	71	60	73	40	57	53	49
47	63	7	75	49	76	3	28
54	36	97	99	97	97	97	97
9	9	9	9	96	96	96	96
21	65	20	46	45	71	59	88
88	53	44	48	10	60	97	12
26	3	28	76	79	65	74	92
15	53	5	64	35	78	64	2
100	85	75	93	64	13	23	90
23	89	50	4	44	13	29	26
70	46	49	76	86	28	93	27
93	31	38	91	66	89	27	50
91	72	20	100	72	61	88	22
9	40	64	7	9	8	85	5
7	100	92	26	5	30	26	7
18	16	32	77	83	77	92	92
89	72	57	78	75	36	78	6
66	6	45	49	80	90	41	58
86	97	1	73	72	19	96	25
31	96	31	4	60	56	50	62
26	82	62	91	88	18	47	34
97	75	14	94	51	43	58	66
36	71	89	81	72	42	85	3
53	23	7	75	94	1	90	98
95	72	96	50	16	76	81	37
93	84	30	51	46	12	93	2
84	16	47	74	80	78	55	14
57	67	41	70	25	98	97	8
12	99	46	93	46	70	49	64
64	14	79	35	37	57	26	34
65	16	15	73	6	26	48	11
73	54	57	86	49	57	33	77
94	80	58	58	77	95	36	99
23	45	54	10	61	6	99	55
34	15	15	12	21	20	67	1
87	70	66	18	11	39	52	85
32	98	59	83	81	90	18	29
80	64	13	72	22	49	75	60
47	26	3	46	4	12	66	18
80	50	82	83	76	20	80	89
8	9	58	8	38	87	5	31
13	13	42	13	25	8	3	24
28	55	56	95	44	55	58	14
25	57	23	55	20	35	60	63
6	6	6	6	7	33	57	21
78	88	5	46	61	83	21	64
22	78	15	18	41	12	74	21
94	73	34	48	78	96	10	52
94	40	2	38	94	94	94	94
5	5	5	5	96	96	96	96
25	61	8	93	18	77	84	46
46	46	20	80	69	14	48	48
62	3	91	98	55	59	41	40
29	55	85	87	53	78	68	43
32	27	45	92	80	75	58	50
76	83	39	55	43	76	36	39
40	89	4	38	11	59	4	20
65	4	31	68	35	49	31	61
44	58	53	7	50	28	93	16
55	16	9	30	83	56	63	5
76	63	36	81	23	76	41	44
30	85	56	82	67	45	82	72
23	80	68	39	68	60	9	53
9	40	13	2	15	35	38	10
93	35	77	90	16	65	67	59
36	58	11	44	1	11	24	60
22	47	14	78	4	51	80	38
95	62	79	34	26	60	38	14
67	27	41	30	31	27	39	90
62	59	59	22	89	13	99	2
90	66	55	32	45	11	74	12
6	14	14	24	50	50	56	8
33	91	39	36	4	86	33	54
45	5	65	2	65	55	4	52
74	71	28	86	95	3	67	45
89	45	33	21	41	2	40	8
46	40	72	84	99	65	17	24
30	63	57	82	71	5	26	96
72	41	55	100	2	76	60	63
24	18	19	28	61	12	72	28
30	35	13	56	71	73	34	30
14	75	83	53	29	49	92	70
76	89	57	39	33	89	37	94
39	64	41	51	8	15	99	89
28	89	49	61	33	23	57	80
34	86	3	100	22	64	37	8
86	66	50	99	16	47	70	78
13	27	62	73	10	52	73	53
22	85	60	10	78	89	80	34
86	95	43	54	48	3	24	56
10	10	10	10	27	52	41	28
26	18	86	47	41	44	5	38
48	21	79	77	41	82	30	10
46	25	19	80	61	96	27	27
65	87	81	28	92	92	92	92
7	7	7	7	99	99	99	99
12	81	77	10	26	36	60	44
31	15	41	73	11	68	38	90
46	31	72	28	57	72	53	77
38	37	66	22	87	31	92	58
38	23	59	92	62	95	59	7
42	25	32	33	47	53	26	87
98	7	78	22	91	31	21	51
63	34	83	33	13	63	9	64
90	64	72	22	90	75	36	21
67	53	71	30	83	60	15	71
52	9	60	3	92	44	39	41
44	57	68	27	29	69	95	98
75	95	81	40	66	21	55	77
92	78	35	6	43	18	6	79
86	64	85	48	35	65	54	62
69	88	77	99	52	100	28	61
86	16	6	10	57	6	77	87
54	78	33	49	12	26	58	88
88	4	98	60	17	94	54	60
89	68	29	62	86	7	37	10
72	55	80	88	78	60	9	51
26	23	99	13	10	50	68	98
41	77	50	67	82	93	18	31
16	67	83	86	35	63	11	62
89	15	71	48	42	93	45	84
10	78	36	43	48	75	11	90
23	38	33	57	40	34	15	98
9	90	41	19	5	99	58	70
97	11	42	76	7	7	50	87
39	41	45	5	73	22	76	78
98	93	63	6	32	14	50	83
60	42	15	67	23	10	58	61
52	32	85	14	36	67	65	32
86	51	35	58	50	71	8	5
1	35	88	3	31	100	63	62
74	90	58	93	40	83	42	9
80	100	10	73	62	46	96	9
61	52	31	13	56	23	76	74
61	15	74	21	70	96	3	88
29	47	25	68	8	38	14	91
3	3	3	3	42	56	55	19
84	37	90	81	89	32	85	14
53	87	49	39	1	87	55	65
79	97	73	2	35	99	50	83
19	42	41	84	98	98	98	98
2	2	2	2	94	94	94	94
32	93	73	93	60	85	85	9
94	10	67	14	86	63	53	26
5	21	74	17	63	25	23	70
83	43	70	66	13	58	19	48
5	42	51	5	79	77	37	90
97	94	8	21	34	46	35	79
9	93	39	27	42	48	4	17
13	43	66	75	69	29	95	19
58	17	92	24	55	8	63	51
46	99	84	72	39	50	55	71
68	27	53	58	5	7	94	84
9	45	91	57	34	24	58	9
37	62	26	69	79	49	73	6
13	47	22	97	30	41	44	25
2	74	82	83	3	83	11	46
79	50	31	3	38	41	11	38
66	89	17	28	37	54	10	78
27	72	28	59	25	95	46	31
26	32	38	55	29	87	39	81
100	94	75	88	9	4	27	75
39	45	94	95	52	55	13	72
77	83	38	38	63	15	35	69
29	95	29	66	68	55	21	73
90	13	55	17	84	24	90	8
49	34	30	86	5	55	40	50
100	63	22	51	4	98	34	98
32	50	46	66	37	57	66	59
57	41	48	37	39	95	84	59
78	24	50	79	19	8	13	87
86	55	65	57	91	66	9	10
40	58	60	9	43	32	77	68
55	7	77	52	65	74	99	52
7	58	69	78	62	59	17	2
91	46	45	94	83	69	76	2
85	29	79	43	55	51	2	91
81	77	4	58	48	36	23	45
45	30	26	10	18	31	82	46
98	63	67	70	77	43	48	99
61	58	76	86	1	38	12	31
48	89	55	82	100	47	1	57
5	5	5	5	57	14	32	82
20	45	29	46	16	4	19	34
86	36	45	82	35	38	72	95
79	63	75	32	94	36	34	91
43	31	61	89	93	93	93	93
1	1	1	1	99	99	99	99
24	88	71	22	19	18	78	38
78	70	14	42	84	2	95	30
10	73	67	51	64	98	16	40
92	33	100	19	87	60	67	79
1	89	100	68	44	82	4	60
27	100	2	18	83	46	58	66
77	38	44	79	90	75	61	71
60	58	64	53	19	63	49	53
88	89	43	45	26	88	70	5
83	47	95	16	5	11	70	65
68	66	30	75	29	22	71	41
96	7	10	21	17	62	80	60
28	54	85	70	54	35	25	42
12	34	26	67	50	75	7	63
12	77	54	46	49	17	92	73
84	58	43	17	87	25	82	1
79	34	68	91	46	17	13	19
41	39	86	16	98	47	83	67
2	99	58	38	33	5	46	36
34	86	97	36	31	39	14	95
23	55	42	12	45	4	63	34
56	41	9	44	33	45	98	27
9	19	58	6	6	56	28	49
94	66	67	88	77	3	27	1
67	71	59	95	78	95	18	64
54	67	62	66	12	26	61	17
59	98	37	39	34	35	23	17
30	48	42	1	40	51	40	25
46	12	43	31	51	35	65	25
83	8	70	73	19	10	9	1
53	10	90	49	95	95	87	68
45	66	90	38	21	80	30	42
88	97	54	2	50	84	80	91
1	57	95	6	80	61	71	98
34	46	96	24	94	54	43	49
89	38	22	85	55	48	2	78
4	3	80	6	100	17	24	60
68	41	76	94	42	99	31	6
42	55	26	7	16	36	37	98
5	7	26	85	26	93	85	51
9	9	9	9	3	79	86	73
70	29	30	53	57	90	52	64
50	40	95	75	6	2	41	8
95	52	34	66	91	91	90	14
89	88	62	22	95	95	95	95
9	9	9	9	93	93	93	93
17	99	83	67	42	90	28	77
79	64	91	2	34	26	99	95
13	85	97	86	9	98	100	1
98	61	70	22	57	16	64	2
49	40	85	84	6	1	49	26
80	27	8	46	47	78	67	65
69	60	7	52	45	94	8	72
11	74	76	29	33	24	25	52
50	71	11	68	2	12	58	22
22	90	50	15	67	74	11	82
26	51	71	53	8	64	83	88
66	11	20	76	4	4	1	32
91	18	51	3	54	24	50	35
30	1	61	60	62	75	99	64
64	100	97	98	59	75	73	61
50	38	68	13	38	84	39	81
84	77	40	44	90	93	17	81
58	2	93	49	95	2	96	54
55	63	6	88	94	81	68	34
86	13	23	62	35	30	89	99
97	76	51	4	96	56	7	6
66	53	6	58	45	5	41	95
45	58	5	48	34	93	24	11
26	61	17	13	35	70	3	19
59	95	2	21	89	83	87	5
42	91	15	99	96	70	7	4
26	66	96	35	38	84	44	64
81	83	83	26	37	2	69	48
96	23	12	83	37	16	28	35
46	17	78	1	56	94	30	5
72	34	85	91	35	90	79	14
73	39	22	41	60	17	89	39
97	95	69	48	84	46	17	17
34	13	98	7	52	71	65	55
14	27	78	82	1	63	27	19
78	52	97	99	24	40	36	96
32	5	42	53	75	89	51	33
47	64	40	22	6	98	30	24
65	5	78	86	21	9	32	67
74	31	32	98	35	14	39	64
6	6	6	6	1	38	7	35
29	15	12	20	70	62	89	35
65	70	78	61	65	55	77	50
14	50	92	22	25	37	52	100
50	31	79	3	98	98	98	98
7	7	7	7	99	99	99	99
11	17	68	30	57	54	76	82
84	39	73	65	47	65	78	3
62	81	48	62	43	1	92	24
31	36	72	69	67	81	96	4
10	92	91	12	42	74	67	88
4	64	48	39	9	77	74	56
97	69	11	81	30	77	45	81
76	86	71	29	35	69	60	24
92	56	42	23	33	66	90	63
62	57	44	35	81	64	94	13
88	22	24	97	99	68	45	77
40	41	44	95	7	25	63	70
22	15	70	88	84	82	33	85
17	37	60	76	4	48	50	94
44	56	27	12	76	22	85	1
80	33	67	24	8	93	22	84
12	79	99	61	34	15	18	90
60	22	87	11	71	62	16	78
72	50	81	34	97	71	41	67
77	75	92	73	16	68	74	60
54	48	34	60	73	56	88	80
2	5	14	60	89	62	1	43
65	19	35	94	31	8	7	25
83	73	42	15	96	14	90	100
99	32	45	81	30	57	37	32
88	17	49	88	34	72	31	27
55	72	13	7	3	61	17	4
60	83	58	100	21	68	49	14
36	18	4	92	80	59	44	78
65	97	63	66	17	61	59	100
84	57	39	21	16	23	36	14
15	96	96	66	92	78	60	100
35	52	59	95	3	78	50	19
68	70	11	100	52	14	53	83
14	55	33	73	34	14	76	9
84	93	19	86	40	8	4	96
33	49	87	72	40	3	60	6
76	30	54	96	87	6	28	47
37	91	86	12	67	50	21	17
1	1	97	36	5	11	27	67
10	10	10	10	56	43	76	89
14	61	74	92	52	7	71	89
62	30	86	32	45	52	17	54
81	53	33	10	8	2	49	25
58	75	45	62	94	94	94	94
9	9	9	9	90	90	90	90
93	41	73	98	20	79	47	8
72	22	14	29	63	51	47	67
41	92	71	36	5	8	79	40
24	39	23	23	16	80	3	24
82	13	63	35	16	33	47	36
26	97	58	54	37	37	9	12
87	58	29	48	47	1	90	97
83	100	41	62	84	71	31	38
11	8	3	62	98	9	54	37
8	46	46	8	3	74	91	82
33	86	30	28	69	18	59	6
95	74	70	60	64	11	47	56
25	40	7	65	1	100	84	39
95	61	2	51	65	46	94	22
84	58	99	76	94	13	76	82
33	59	40	69	6	18	29	63
2	7	42	22	2	86	95	89
34	19	73	70	94	83	23	35
12	65	22	64	100	96	85	4
46	61	1	81	44	50	92	77
83	84	23	94	29	88	89	29
43	3	89	53	89	24	100	41
66	47	51	15	93	11	86	13
88	51	34	19	32	75	84	88
38	96	94	89	52	60	88	72
45	91	80	48	99	23	100	56
74	42	3	54	72	82	30	67
43	8	48	68	52	87	35	75
18	25	6	47	37	12	77	36
10	95	63	35	99	79	2	6
96	29	23	81	47	53	77	70
67	13	86	81	19	20	87	78
32	38	91	3	67	16	47	82
54	23	41	12	64	25	1	48
41	44	47	22	85	38	90	77
72	6	75	82	41	14	84	98
40	1	86	99	11	21	62	83
21	68	4	53	17	87	35	90
5	75	52	21	3	75	49	88
24	95	90	11	16	47	83	94
5	5	5	5	58	80	26	76
62	13	95	22	37	9	92	52
88	51	16	36	46	22	46	1
93	54	39	1	62	78	67	47
41	38	69	29	91	91	91	91
6	6	6	6	93	93	93	93
37	29	66	24	24	32	15	64
84	35	49	31	9	17	77	44
16	96	65	62	84	34	46	84
23	30	73	20	32	54	72	7
71	56	5	96	64	38	8	35
9	46	95	7	48	60	27	80
53	87	100	27	89	92	39	26
12	96	51	38	97	60	70	14
88	67	100	34	25	83	13	16
49	8	77	42	61	96	2	58
8	49	55	19	40	42	14	63
22	29	5	27	2	39	86	42
61	17	22	16	25	77	74	93
10	40	74	52	87	33	9	39
22	25	80	91	7	97	28	31
84	87	69	19	88	24	52	84
65	43	97	31	17	53	67	78
86	27	98	60	79	74	55	29
89	32	43	54	8	76	22	12
4	67	62	68	44	48	60	3
80	15	73	70	27	99	48	68
82	41	10	58	92	41	12	23
3	10	88	38	61	41	41	12
68	43	91	80	73	40	75	28
16	20	23	64	10	97	6	1
61	47	33	36	15	55	71	39
55	34	22	79	85	19	35	78
79	56	87	29	65	74	53	7
71	91	40	38	32	17	70	34
4	87	93	24	29	46	27	57
23	92	27	64	7	24	53	6
5	74	65	44	11	72	67	72
89	13	40	95	85	74	18	5
9	13	89	21	72	36	68	76
98	26	82	74	54	56	19	40
95	88	87	86	42	86	13	52
19	82	16	77	66	81	63	28
96	76	100	18	18	50	43	20
54	77	38	37	15	32	3	14
22	57	1	34	60	99	73	57
9	9	9	9	13	8	29	32
48	33	97	40	55	33	33	32
11	68	18	89	11	69	55	71
63	31	33	19	56	100	5	82
10	45	35	40	99	99	99	99
8	8	8	8	95	95	95	95
21	5	22	16	71	8	22	54
98	18	48	10	62	54	53	33
33	24	25	64	46	77	67	19
70	12	55	35	99	49	20	2
47	41	92	10	60	34	3	28
38	69	8	51	75	32	40	68
53	80	87	93	11	61	74	87
71	89	98	69	3	86	75	14
50	78	71	33	99	35	75	53
21	54	92	55	39	3	70	43
60	53	83	44	3	10	48	71
7	88	30	90	14	11	7	3
25	38	41	94	15	27	28	77
56	74	81	12	28	82	24	90
56	58	87	23	25	36	50	17
59	83	18	18	87	37	28	59
34	78	29	8	61	31	42	33
87	29	44	6	21	71	71	95
95	83	58	100	67	40	94	54
4	59	81	54	50	35	62	58
51	79	79	94	94	23	22	2
74	50	28	74	30	3	53	62
81	82	51	87	100	73	29	8
39	77	51	11	33	54	18	99
93	50	35	47	50	62	29	74
48	61	43	35	14	69	19	40
91	77	4	26	80	74	45	94
69	27	57	24	33	26	84	72
12	87	76	39	98	17	86	33
4	34	23	78	51	14	84	21
58	49	61	44	34	81	82	72
96	27	19	74	47	78	66	87
1	22	34	29	4	92	100	92
9	13	72	80	97	51	28	4
92	37	55	4	12	52	88	10
53	12	72	57	62	3	52	99
94	59	54	6	47	23	39	37
53	73	10	79	72	41	31	38
48	11	100	96	28	41	4	80
98	88	50	42	21	18	42	81
1	1	1	1	60	64	81	2
52	10	77	30	84	61	4	9
74	10	1	25	63	53	53	55
66	89	65	7	30	91	77	29
42	47	78	44	94	94	94	94
5	5	5	5	90	90	90	90
12	52	21	96	83	23	66	44
87	2	72	15	45	82	8	50
17	97	32	13	1	3	43	82
91	40	20	22	53	70	98	52
25	38	34	84	85	29	65	45
34	95	32	57	42	55	93	10
7	48	34	88	18	15	57	92
54	98	95	77	52	54	83	2
48	15	35	79	77	34	37	94
33	56	93	32	44	26	39	14
29	91	11	13	93	57	61	17
83	22	77	21	88	28	32	52
91	99	34	16	66	12	48	10
61	7	20	58	49	29	18	57
43	79	49	8	12	52	78	77
25	87	81	48	32	40	82	98
28	47	82	63	88	68	19	79
72	93	46	67	89	62	97	46
66	54	30	18	5	80	83	6
81	33	28	81	91	87	2	87
30	73	20	56	86	48	54	21
1	74	58	12	41	80	98	36
78	29	86	32	69	67	94	91
77	23	98	46	95	41	65	12
15	85	66	7	100	98	83	5
2	53	4	30	20	18	17	73
12	44	47	44	52	1	89	15
27	80	27	40	42	13	12	54
20	20	77	61	70	3	13	86
35	30	75	72	11	34	74	50
72	61	82	28	85	41	49	84
65	25	55	11	80	69	87	31
19	13	70	98	12	76	21	88
79	32	27	39	13	12	96	53
20	18	41	15	51	55	58	35
51	24	41	45	27	64	8	84
100	65	13	52	28	85	20	55
59	75	22	56	77	62	21	98
26	27	96	80	75	96	47	6
43	91	22	76	25	80	93	30
8	8	8	8	15	98	88	50
36	26	51	58	5	56	55	47
4	48	11	27	59	18	48	88
55	26	29	53	86	32	11	50
42	86	38	55	96	96	96	96
8	8	8	8	91	91	91	91
6	94	90	79	77	99	36	51
25	18	38	13	26	38	80	8
33	24	64	60	68	70	84	75
94	65	23	91	18	81	46	66
83	82	87	89	10	73	100	91
42	72	99	13	55	91	95	59
91	60	98	68	41	91	67	12
71	33	21	48	39	36	10	84
3	100	57	41	52	28	16	37
77	97	91	26	16	3	45	56
20	19	72	93	30	22	98	51
45	62	69	89	85	82	41	91
83	20	3	16	39	72	51	60
94	69	84	85	3	37	24	31
69	78	67	89	33	62	11	26
13	2	81	6	58	71	81	92
62	55	1	35	95	71	72	76
60	74	19	15	9	94	99	53
90	37	9	80	8	24	27	22
83	14	46	87	80	46	20	100
14	24	91	56	6	4	83	14
81	70	11	2	67	84	59	31
99	69	46	77	69	44	14	61
46	78	27	99	36	31	94	30
86	3	67	64	93	45	84	13
68	39	3	65	15	71	1	6
1	34	78	40	61	37	15	5
25	62	5	47	56	19	81	56
27	75	70	51	65	57	18	57
56	83	32	77	51	28	44	37
4	35	41	77	6	17	4	13
9	90	21	37	69	3	5	89
45	45	14	5	17	48	77	21
61	8	11	95	3	95	89	16
24	80	22	86	22	11	71	50
77	25	45	39	100	68	48	63
15	95	2	80	13	68	87	44
69	23	1	9	50	7	36	25
51	46	74	88	44	35	48	87
84	40	39	65	62	28	56	84
4	4	4	4	37	37	37	27
16	18	1	7	38	60	20	34
1	18	18	97	19	46	2	96
46	21	65	1	6	20	63	78
62	13	39	3	91	91	91	91
9	9	9	9	91	91	91	91
61	45	9	45	19	45	62	96
83	32	41	6	36	76	22	86
90	37	7	25	66	74	28	33
16	78	93	36	96	77	72	54
27	46	76	81	43	55	16	100
83	36	48	94	33	4	11	87
59	32	72	34	58	88	57	6
73	37	86	20	94	4	30	5
5	11	93	4	62	96	19	12
35	94	65	59	70	97	81	2
23	35	13	87	24	6	51	61
29	26	54	75	17	1	6	84
9	98	52	75	90	39	8	63
41	66	33	41	93	37	85	54
54	75	72	14	1	88	61	91
37	34	50	33	7	38	65	61
26	42	71	5	6	83	92	18
20	52	91	23	38	95	72	26
11	59	1	87	71	59	74	43
21	100	35	64	60	13	15	78
22	51	78	79	7	52	28	30
26	45	15	86	40	41	74	45
64	10	7	3	46	49	34	14
13	57	14	31	14	58	8	63
81	83	13	74	46	69	97	26
82	19	57	3	31	66	15	18
100	11	61	31	76	4	15	50
56	8	41	81	79	83	65	89
78	25	1	57	71	66	92	39
67	27	83	32	55	11	3	58
79	55	23	100	79	15	71	77
78	59	17	69	77	26	46	96
37	41	45	4	98	39	100	74
10	97	20	92	7	25	39	69
58	29	19	80	27	39	32	81
26	69	4	91	79	50	28	89
49	94	47	56	84	39	65	59
100	95	8	74	67	36	21	23
42	38	84	78	60	20	8	62
59	44	76	46	33	29	65	56
1	1	1	1	71	97	67	100
55	10	69	62	36	52	22	84
84	48	82	20	53	72	22	70
69	39	24	50	15	54	43	40
24	37	4	6	94	94	94	94
1	1	1	1	100	100	100	100
13	24	71	79	43	9	17	28
55	17	82	99	31	38	56	46
31	7	37	63	53	79	8	47
6	31	89	39	24	30	81	39
47	89	79	74	75	92	16	65
8	43	16	59	97	24	42	16
57	95	71	34	89	29	54	50
70	12	80	43	2	97	88	47
16	45	14	45	75	53	55	51
51	65	70	8	14	39	72	62
11	56	33	28	42	32	33	92
84	56	63	33	88	88	11	24
7	54	44	54	74	45	80	9
27	96	3	32	54	5	12	73
86	92	94	58	40	54	75	11
91	35	98	36	74	38	18	53
48	8	74	58	93	68	79	80
89	32	41	57	86	26	34	76
56	76	27	90	99	91	63	82
62	9	48	49	49	11	76	88
18	37	66	36	58	73	99	95
19	39	93	12	74	67	75	31
80	16	27	40	55	36	40	23
49	19	89	74	43	71	79	68
59	67	39	6	36	76	61	68
69	8	18	74	74	57	41	15
58	62	56	3	39	41	51	92
20	72	6	47	83	94	29	88
66	69	78	63	36	41	28	85
92	39	81	43	1	72	70	32
36	90	99	55	80	20	9	2
30	90	88	56	78	29	93	7
46	24	8	77	36	72	6	13
54	86	85	51	51	86	16	38
76	93	66	66	43	35	53	19
12	80	72	37	80	24	77	57
13	52	10	52	99	40	56	24
9	53	22	100	42	35	13	44
6	64	73	53	84	25	71	15
54	76	81	75	42	63	96	8
1	1	1	1	53	100	92	65
39	57	19	96	43	67	39	95
63	90	77	100	88	83	69	1
11	1	42	60	2	99	22	10
77	4	82	61	100	100	100	100
1	1	1	1	92	92	92	92
33	83	6	72	88	78	86	9
15	67	62	100	52	68	20	98
91	12	100	27	78	72	61	7
25	95	68	78	12	47	61	74
45	62	28	85	64	29	52	5
61	72	60	27	79	84	77	77
76	4	95	44	49	36	93	70
18	82	7	4	15	94	96	15
53	83	85	87	67	59	2	8
3	67	95	73	100	61	25	68
92	2	2	3	31	56	80	34
26	57	40	47	27	31	71	55
2	66	38	28	71	40	89	53
79	2	76	37	29	45	57	29
50	92	26	26	59	16	35	87
46	84	96	12	36	83	79	19
32	1	26	20	78	87	31	1
47	98	84	70	12	56	66	36
33	81	67	42	74	44	17	86
20	100	46	30	29	57	27	56
24	73	99	35	89	17	2	79
38	95	13	79	5	92	97	91
39	2	76	7	54	58	77	44
33	13	39	10	12	71	47	61
9	71	58	6	43	100	23	45
25	74	83	45	84	94	36	12
64	21	10	87	61	39	92	1
93	70	63	99	3	18	72	13
5	71	63	89	13	38	85	97
19	48	55	13	63	4	54	32
67	27	100	80	92	14	33	7
45	39	52	73	70	19	43	44
73	12	30	27	20	31	69	79
91	60	11	34	23	14	16	65
89	74	61	15	28	85	27	73
61	32	79	31	84	22	6	21
63	47	57	46	48	28	70	57
8	86	70	18	55	2	95	41
78	48	65	94	77	98	22	27
45	20	34	75	22	87	88	16
7	7	7	7	71	50	68	17
41	67	63	15	91	52	2	88
46	53	71	21	3	99	26	82
17	50	21	80	21	78	12	2
84	9	54	67	100	100	100	100
5	5	5	5	91	91	91	91
83	7	5	6	29	99	9	62
93	27	49	41	91	24	11	89
64	38	1	83	78	87	67	47
90	67	58	36	92	4	84	92
99	47	43	89	65	50	64	89
33	58	15	28	86	9	75	20
67	30	62	25	36	38	89	9
96	48	71	80	89	94	86	82
40	42	35	36	89	42	90	84
26	48	76	11	99	3	99	25
100	38	53	34	81	65	28	10
85	80	18	65	36	20	56	65
43	62	91	89	79	89	33	15
35	99	33	56	66	42	43	85
49	90	55	39	77	41	34	6
79	82	25	40	97	93	3	76
97	66	34	100	18	11	20	81
6	30	90	1	70	62	9	32
21	93	10	1	97	40	39	18
36	64	54	20	86	12	77	3
100	53	89	34	100	57	9	32
67	3	65	11	47	21	28	28
75	65	77	49	85	65	69	75
78	74	10	23	35	53	73	86
55	59	75	67	5	18	49	30
94	40	6	71	54	48	63	28
84	40	60	53	6	62	1	38
8	4	100	58	48	13	79	38
23	42	69	5	88	31	55	14
18	94	20	49	23	15	9	69
36	34	7	54	47	36	12	43
51	1	13	41	8	6	80	75
9	75	2	87	100	93	48	45
62	48	67	42	72	95	77	49
90	49	66	97	78	86	11	17
43	68	55	79	25	9	49	63
11	54	66	82	50	16	54	33
3	14	53	86	77	15	16	13
84	29	10	96	7	73	92	75
67	27	21	44	70	91	85	99
3	3	3	3	57	55	62	80
14	79	8	47	64	72	61	82
95	53	18	69	87	75	52	32
73	78	79	57	82	51	6	94
97	20	92	65	90	90	90	90
10	10	10	10	98	98	98	98
64	87	61	93	92	26	72	41
12	37	31	85	62	89	4	44
97	8	93	24	4	31	46	34
58	72	69	14	4	92	11	70
36	9	70	66	51	27	7	31
37	60	31	82	30	67	48	44
91	88	94	95	99	18	40	91
55	74	9	59	59	2	41	47
74	51	87	35	97	46	34	38
47	55	2	97	75	37	41	6
50	96	65	4	30	37	45	56
21	3	13	54	29	53	2	72
19	14	88	73	58	96	81	9
92	9	67	26	80	24	5	67
38	37	51	68	25	87	18	62
57	51	14	46	19	19	84	25
10	27	6	74	81	11	12	69
25	64	39	41	88	90	80	78
24	56	19	31	20	3	63	47
50	27	2	55	39	91	11	71
25	43	87	58	1	94	73	44
47	59	32	71	25	18	89	80
72	46	91	67	17	25	76	50
24	88	80	83	22	57	91	12
87	44	43	56	19	81	54	47
10	67	31	36	48	30	27	26
2	83	57	99	22	8	43	9
58	10	12	25	61	82	65	67
50	38	59	98	71	86	15	48
58	88	69	60	34	13	65	20
68	42	8	84	29	18	39	22
58	8	96	21	37	79	72	70
93	80	52	43	60	65	49	45
13	52	81	70	6	65	15	76
29	72	76	5	63	15	98	54
21	94	17	93	63	58	16	46
21	87	3	85	61	11	40	54
30	100	2	19	21	3	53	15
90	71	19	90	45	96	36	97
46	23	62	93	45	24	62	100
9	9	9	9	58	94	96	47
87	93	90	17	73	100	99	85
92	88	91	99	38	3	25	65
27	39	38	42	40	56	87	67
51	60	83	95	97	97	97	97
8	8	8	8	93	93	93	93
10	69	77	14	36	44	8	91
20	15	13	34	59	17	20	75
96	5	24	83	3	5	15	94
49	49	70	13	89	57	72	3
74	83	49	56	71	83	70	89
65	81	23	35	54	99	2	64
93	53	66	32	10	21	28	93
88	21	36	63	33	80	25	87
31	40	84	82	95	96	65	19
10	15	92	3	18	30	15	72
61	69	37	65	61	61	4	52
34	34	18	94	31	56	40	2
53	8	79	39	91	8	78	26
21	97	11	92	33	24	16	64
52	10	55	28	38	52	96	5
70	72	26	61	39	81	46	85
48	40	2	6	61	30	31	50
44	37	38	43	99	26	62	25
75	41	18	74	40	18	16	74
28	16	31	74	62	80	45	25
18	55	52	31	83	87	36	56
21	97	27	60	78	65	76	65
83	97	46	64	77	35	30	34
94	100	6	21	20	22	86	66
11	51	56	94	16	63	18	27
3	20	59	20	85	81	24	66
26	67	76	5	68	45	79	3
48	58	23	76	43	32	90	23
17	22	82	94	39	23	92	39
5	69	70	55	2	23	39	85
59	22	84	58	16	67	87	53
11	76	52	6	74	94	15	23
40	95	39	24	9	28	25	41
14	21	16	70	77	30	66	42
44	65	78	49	62	61	35	53
10	24	22	25	65	15	30	81
61	34	7	67	44	33	11	7
41	96	81	56	97	22	18	62
59	50	40	58	15	68	16	84
1	66	93	80	75	81	29	88
6	6	6	6	47	35	95	84
1	25	22	18	55	44	47	33
13	4	7	40	23	64	78	88
98	84	58	93	45	1	32	32
27	48	6	70	99	99	99	99
7	7	7	7	95	95	95	95
8	12	12	66	88	63	74	39
30	83	6	7	47	96	66	69
81	82	90	48	76	81	69	68
26	43	76	29	23	81	68	14
78	98	90	94	100	83	91	79
44	22	45	41	58	38	5	57
48	67	57	74	20	21	89	77
2	66	86	100	59	43	18	87
75	45	78	37	77	26	52	66
66	33	22	48	92	83	45	26
53	81	1	3	28	32	63	24
19	68	4	54	10	68	39	90
30	58	56	23	33	10	33	70
63	70	45	58	31	29	72	33
24	45	88	43	32	2	18	77
97	98	52	21	68	41	33	50
96	15	66	88	84	66	99	39
68	59	77	21	36	53	53	32
47	65	38	16	23	72	24	86
35	80	25	89	54	2	45	6
18	85	49	16	57	78	42	32
27	41	39	47	82	27	63	92
54	29	82	35	66	60	9	61
95	39	87	79	58	62	84	4
4	20	38	81	3	80	48	5
62	42	10	75	48	44	18	78
90	36	12	2	72	94	67	67
4	20	65	8	11	91	5	13
38	13	80	82	86	54	82	70
58	64	32	54	13	7	63	95
81	61	7	72	78	8	43	30
91	49	36	5	68	72	31	96
17	87	11	89	92	34	45	72
27	84	40	25	81	81	65	89
75	30	96	66	74	28	5	88
70	26	42	33	6	25	73	79
62	13	54	75	49	59	2	86
5	37	8	32	55	60	79	41
86	17	52	24	3	48	51	87
9	63	61	80	61	79	40	80
1	1	1	1	64	81	58	67
4	56	46	29	14	28	54	69
19	67	70	86	45	43	37	53
14	41	78	19	60	27	89	90
30	60	6	96	93	93	93	93
7	7	7	7	91	91	91	91
44	39	85	28	25	72	27	65
56	36	56	87	40	34	56	32
20	19	19	64	94	58	68	79
26	78	53	80	56	61	85	56
31	78	93	61	98	100	61	8
43	66	32	11	46	91	100	59
24	82	54	74	35	62	10	86
73	13	11	24	27	77	31	80
47	42	4	3	95	49	60	40
67	72	50	51	24	63	33	86
65	13	79	60	51	21	100	56
14	84	57	83	49	44	88	46
62	14	74	80	2	6	86	62
17	79	8	70	10	37	63	26
79	94	11	27	97	75	1	82
33	96	76	88	36	44	11	99
45	66	51	99	15	35	85	82
53	89	84	22	53	85	32	41
63	31	7	37	46	86	38	69
76	70	19	39	11	52	87	40
93	64	80	86	45	2	98	74
78	25	30	5	4	36	1	63
61	40	92	7	8	81	57	23
39	1	96	42	48	9	35	52
7	74	48	11	22	62	32	58
70	18	53	72	75	81	70	65
24	75	25	9	51	95	14	68
88	7	49	44	93	79	31	60
40	37	88	49	20	50	36	62
40	51	33	48	92	54	32	68
38	52	51	1	7	86	90	92
80	26	64	9	89	28	16	23
32	14	45	1	60	83	52	90
27	1	9	22	87	17	34	64
56	9	74	25	96	100	20	85
92	67	85	31	11	19	46	38
7	56	60	5	76	9	40	19
56	95	13	86	84	90	42	97
56	44	95	92	86	51	86	61
13	83	74	80	69	24	78	51
3	3	3	3	50	52	31	89
18	39	40	73	52	40	42	27
51	85	67	69	3	13	13	28
27	37	61	18	40	64	97	62
84	73	99	21	95	95	95	95
5	5	5	5	93	93	93	93
98	34	35	8	61	49	52	18
59	52	58	75	59	77	52	91
14	12	40	30	33	55	23	67
41	53	2	59	47	22	2	92
48	13	30	13	52	1	66	88
85	69	60	67	81	4	9	43
87	2	23	17	15	83	41	56
51	41	41	27	41	84	98	40
59	11	59	94	31	90	20	91
41	9	77	8	44	48	3	1
34	26	70	78	65	47	53	35
19	45	50	88	73	90	5	47
86	7	85	43	41	96	84	7
79	74	35	53	69	17	72	18
43	52	18	81	68	46	61	98
10	74	35	48	83	71	28	37
34	27	44	27	77	85	33	78
9	12	22	10	27	40	66	1
44	64	86	81	96	12	20	7
33	15	45	55	27	58	22	9
76	68	71	69	17	48	28	84
75	66	12	75	63	79	53	85
25	43	88	58	69	44	13	56
84	8	53	32	63	9	19	94
35	13	72	74	30	94	66	81
47	31	64	8	29	65	28	86
13	87	56	91	53	46	52	36
93	24	74	12	10	78	46	6
19	79	69	18	21	83	84	72
64	59	35	56	91	98	80	98
89	90	59	92	57	88	11	29
25	80	70	86	12	1	15	28
12	16	13	25	33	60	15	56
18	89	79	38	12	10	64	34
59	4	93	87	1	65	43	4
78	76	23	84	21	77	79	23
86	79	18	59	13	15	42	54
38	44	58	58	41	59	20	32
57	24	41	80	97	73	31	74
7	4	20	92	6	7	94	71
3	3	3	3	49	23	14	4
8	3	15	43	58	83	26	41
89	44	17	36	67	29	50	4
31	54	57	53	36	23	49	73
26	7	25	58	95	95	95	95
8	8	8	8	99	99	99	99
81	80	46	76	6	2	20	99
15	86	7	20	53	29	88	90
24	68	67	53	15	71	64	28
97	82	64	60	13	67	46	29
20	85	18	73	68	87	29	30
5	48	2	15	9	19	23	25
32	96	67	51	89	82	53	88
91	15	93	51	53	8	11	9
76	29	36	9	44	38	64	19
61	58	44	18	16	23	45	12
53	39	2	63	78	52	44	77
18	72	22	1	65	22	51	33
20	34	56	13	98	5	93	19
5	54	81	9	25	19	73	25
64	10	67	21	82	13	89	55
16	17	100	95	9	20	34	17
39	66	98	51	96	15	60	71
31	52	52	25	3	40	71	3
21	87	36	34	42	13	2	49
46	52	77	42	83	9	48	98
64	81	2	78	73	79	99	53
98	40	64	79	91	8	57	54
15	96	33	53	52	23	60	57
89	25	69	38	6	8	18	40
84	23	95	94	83	71	1	48
30	25	4	42	73	28	14	51
56	40	36	55	62	94	97	61
1	13	53	32	45	86	42	78
98	57	4	11	25	70	96	52
2	84	90	61	14	45	32	78
68	35	36	6	64	95	39	92
91	35	46	37	28	86	39	24
34	60	37	6	65	54	13	98
94	27	77	62	14	46	4	58
14	50	24	70	56	82	66	9
55	5	83	96	85	10	88	82
8	96	47	1	35	39	86	36
87	73	84	29	8	3	74	53
16	69	62	24	78	4	34	43
88	25	11	21	88	63	59	71
3	3	3	3	90	77	92	73
36	7	89	75	72	77	45	34
85	28	23	84	49	11	34	77
35	83	45	76	9	43	15	61
93	99	33	71	97	97	97	97
9	9	9	9	96	96	96	96
44	90	23	33	52	8	68	9
45	73	65	90	7	53	1	63
96	71	68	60	83	95	81	88
55	32	88	7	32	39	79	61
97	91	8	68	28	68	17	59
39	72	51	14	92	49	92	78
57	4	48	17	29	49	60	63
100	65	57	56	95	35	20	63
50	51	23	65	10	81	69	56
87	70	26	39	43	34	11	24
46	12	85	77	16	47	63	38
10	45	18	41	22	38	73	59
33	66	98	81	95	52	64	21
14	26	69	95	1	52	47	55
36	66	39	81	70	66	82	43
82	64	43	77	8	53	72	63
69	7	54	17	1	75	61	99
19	3	36	92	42	52	56	30
57	25	38	39	84	30	79	66
90	80	25	88	65	57	31	13
100	63	76	19	73	62	37	62
30	44	28	14	34	66	77	92
69	99	85	54	53	71	16	80
84	53	14	2	31	53	96	51
66	66	75	94	72	2	21	82
25	34	46	96	36	66	48	33
70	72	59	9	70	10	39	37
90	10	74	47	59	10	49	21
38	24	1	49	84	35	81	7
64	76	42	82	68	84	92	89
23	73	61	38	58	33	10	66
48	57	26	66	25	15	74	95
35	87	88	45	49	91	72	47
44	13	22	51	59	79	23	66
5	16	59	40	50	100	47	25
14	7	58	66	64	30	90	68
100	44	66	86	96	22	72	76
86	65	75	4	74	18	9	36
17	88	11	65	3	83	35	66
76	69	19	53	99	48	45	84
9	9	9	9	73	96	98	45
66	54	73	66	38	14	92	17
77	56	12	13	10	22	22	96
21	92	50	20	12	72	93	58
24	56	8	64	91	91	91	91
8	8	8	8	98	98	98	98
40	5	2	83	65	17	23	36
27	51	88	9	16	70	60	58
96	83	2	71	4	54	65	82
77	27	49	47	77	38	29	26
13	42	8	89	48	56	38	87
60	44	20	3	53	10	66	38
82	47	31	95	2	46	28	58
9	33	83	61	20	72	6	33
42	34	52	55	22	27	15	99
7	100	43	27	4	43	83	91
4	27	57	70	47	75	17	72
41	5	10	42	19	18	30	70
73	22	79	80	7	51	15	18
22	84	22	95	35	100	43	45
37	54	63	4	12	80	27	86
9	70	72	80	74	27	85	61
42	65	89	30	68	67	59	69
49	17	79	40	37	33	82	79
17	25	100	65	56	54	27	36
44	98	85	7	77	21	52	7
74	49	6	63	66	14	55	17
64	87	59	52	93	14	91	72
78	38	97	88	55	69	68	53
91	28	44	50	3	62	37	64
95	41	41	18	86	9	51	3
26	18	77	17	26	15	87	7
96	57	38	73	25	100	44	20
31	100	10	40	25	64	25	7
31	72	8	38	17	79	13	59
22	24	23	82	89	60	7	21
46	5	92	65	56	68	80	90
15	57	67	15	38	55	85	93
90	49	69	49	42	8	7	36
17	52	82	29	6	21	48	53
34	88	30	81	59	39	40	11
16	83	66	19	14	8	35	45
89	21	15	73	77	14	26	10
17	78	62	12	94	9	83	2
53	16	95	43	25	17	1	60
68	59	32	5	8	43	10	87
5	5	5	5	22	37	80	71
69	57	81	62	69	26	87	1
36	80	93	65	91	56	44	65
35	30	5	71	14	34	31	44
67	37	35	12	92	92	92	92
5	5	5	5	99	99	99	99
51	92	26	78	86	32	33	9
39	42	43	97	66	8	66	19
63	78	12	26	91	24	82	33
97	29	25	75	26	83	24	60
92	21	67	94	86	57	91	26
29	35	25	87	9	16	59	6
82	69	81	5	16	51	46	37
11	59	22	81	48	96	68	64
37	28	25	48	79	75	63	9
12	65	24	17	3	32	40	85
71	69	67	1	15	9	73	79
92	46	56	80	3	71	41	95
92	96	92	40	62	42	96	13
58	4	3	42	27	58	78	18
23	78	92	31	67	19	9	33
24	25	75	4	35	48	31	43
59	5	58	23	35	60	85	55
28	70	28	37	13	78	84	51
82	52	93	10	96	49	79	94
11	20	99	89	44	46	97	81
77	3	36	83	29	10	95	88
76	15	58	45	38	100	73	100
66	63	39	37	8	99	33	25
76	44	42	36	78	45	48	19
46	12	70	86	76	16	32	21
45	44	63	58	74	99	14	41
50	91	53	12	53	59	49	40
21	41	60	37	2	53	46	25
87	54	44	49	88	83	58	10
37	70	10	1	95	94	62	44
43	23	77	15	8	53	54	46
53	91	40	52	36	30	47	4
46	15	70	80	10	50	21	69
45	86	27	92	72	21	55	47
69	22	35	100	21	29	84	55
82	84	68	34	16	77	19	62
98	50	89	82	71	62	96	41
67	96	25	38	65	31	77	46
27	18	42	33	25	69	30	44
32	10	11	33	84	77	96	26
10	10	10	10	3	69	73	42
55	67	92	11	48	45	86	95
97	39	99	66	48	61	42	57
52	26	37	17	28	30	20	65
3	95	88	25	99	99	99	99
7	7	7	7	93	93	93	93
98	99	78	23	77	42	87	95
23	7	36	79	57	58	34	10
25	92	40	48	35	83	15	85
23	5	92	62	43	60	33	39
57	41	19	33	18	1	73	5
56	10	8	4	49	98	72	35
16	26	50	54	62	1	91	28
29	44	88	44	80	85	35	25
84	60	24	13	37	38	8	84
33	80	27	36	55	44	30	65
82	84	50	50	57	34	33	73
47	29	5	50	22	46	22	55
97	30	5	68	58	80	2	97
9	92	55	12	63	10	52	88
57	41	19	18	79	31	70	23
70	93	39	10	29	11	29	64
46	65	23	47	58	38	14	25
68	80	18	22	49	50	90	64
12	11	98	35	50	61	93	3
82	89	65	64	85	100	29	99
3	60	83	82	62	51	73	90
12	8	59	43	64	83	42	81
75	38	32	3	21	20	15	61
55	20	35	45	11	52	86	42
24	1	13	17	99	66	54	68
36	94	89	88	30	32	84	99
67	17	28	66	59	13	14	49
76	51	24	55	97	18	49	10
77	39	18	83	99	44	27	5
91	67	70	29	58	4	87	23
76	41	92	73	50	59	47	44
55	2	35	43	93	28	17	11
79	11	37	2	16	63	42	38
88	27	21	63	54	17	36	95
56	7	36	49	43	41	79	88
55	83	59	41	65	98	26	37
14	34	74	92	72	11	54	36
34	49	58	47	80	20	98	1
38	32	50	31	77	64	60	47
82	18	13	64	18	19	51	2
3	3	3	3	33	2	19	13
4	98	82	70	78	65	24	13
34	100	28	36	93	84	94	94
72	73	29	62	88	37	55	27
9	8	67	63	95	95	95	95
8	8	8	8	90	90	90	90
37	71	43	42	71	83	57	80
53	99	69	59	19	91	40	56
73	61	47	6	97	99	53	20
44	61	18	82	21	5	7	85
79	10	18	8	12	73	56	89
19	82	42	73	20	71	62	9
8	90	27	25	37	2	40	91
83	55	9	79	68	41	63	4
92	54	43	32	89	43	30	17
43	53	96	59	13	22	60	6
55	11	70	33	50	81	29	35
55	5	73	40	78	64	26	42
40	37	66	13	25	23	49	4
86	36	87	87	18	39	83	82
54	56	72	17	3	99	44	18
93	49	3	58	100	75	26	68
25	62	77	48	21	95	45	69
92	66	31	16	71	88	36	96
17	17	34	29	25	25	79	20
91	22	55	44	50	21	77	43
5	24	10	4	63	9	91	2
84	85	16	28	35	87	72	53
14	70	97	74	83	100	64	34
57	82	77	20	96	71	50	55
91	51	80	97	46	17	71	37
8	88	85	52	10	79	63	47
6	65	6	10	28	95	91	6
59	35	54	11	19	23	84	81
76	44	76	92	54	3	27	84
40	81	93	66	11	70	44	6
61	27	5	74	83	77	50	25
6	51	42	55	88	25	38	60
19	9	78	51	37	95	6	77
97	80	6	90	11	96	52	19
91	47	72	39	62	91	61	46
76	100	33	3	88	49	26	15
10	67	69	73	21	50	27	94
68	86	19	33	79	2	9	48
6	42	61	1	86	88	22	93
20	18	71	88	39	55	99	90
10	10	10	10	73	25	28	42
8	21	49	72	70	18	54	24
90	62	47	2	12	76	40	93
55	79	52	88	21	37	35	77
57	45	23	23	92	92	92	92
3	3	3	3	90	90	90	90
91	81	100	51	35	24	25	100
35	26	91	28	52	8	11	77
45	9	57	46	8	75	72	46
43	50	5	32	83	59	7	23
66	81	15	69	20	24	51	49
63	89	8	25	64	2	65	10
55	58	55	15	36	21	52	93
13	33	52	17	75	19	46	20
23	97	62	67	10	99	11	56
42	76	52	88	48	96	33	69
51	56	83	50	67	94	78	35
84	29	19	100	43	15	67	96
8	1	19	90	3	81	94	43
46	55	73	39	100	32	86	61
13	44	88	55	21	32	48	33
48	90	80	65	50	11	9	73
63	37	6	93	86	18	78	51
98	11	14	62	87	40	77	99
19	44	51	92	53	14	90	9
13	14	86	39	91	48	31	81
55	64	97	83	50	28	74	79
70	5	98	82	54	28	23	60
96	42	33	46	22	91	25	45
32	3	66	64	17	18	13	46
28	16	25	62	64	86	53	40
82	3	33	90	52	6	63	91
88	100	71	42	30	88	83	82
40	26	17	71	58	14	79	65
32	95	56	25	83	97	41	66
78	12	59	17	11	25	67	43
82	64	34	11	73	28	43	73
98	100	81	21	27	47	43	1
66	21	21	84	10	10	97	54
98	26	36	6	34	83	29	18
11	7	10	92	31	96	24	19
22	61	87	69	18	17	37	99
79	87	50	58	77	78	4	60
45	42	21	39	23	7	88	5
65	20	46	82	16	50	38	75
41	2	94	82	71	76	42	72
2	2	2	2	3	68	78	34
35	38	92	69	14	51	36	65
57	71	4	99	67	84	47	12
71	8	45	68	14	28	22	50
44	27	74	39	90	90	90	90
2	2	2	2	93	93	93	93
27	1	42	81	36	63	81	62
89	11	92	79	51	71	3	7
16	39	35	73	88	93	94	92
57	70	71	2	31	96	28	56
97	36	42	25	75	92	36	70
74	7	75	97	76	82	8	76
25	29	61	45	56	87	55	2
98	53	99	50	60	31	22	77
67	11	91	63	12	5	71	3
78	68	49	97	31	6	68	33
70	36	56	11	40	89	63	57
25	64	80	12	96	9	17	55
75	90	78	53	51	77	37	75
59	78	48	97	40	53	93	82
49	88	19	36	24	45	31	97
46	30	72	33	91	32	59	32
4	46	24	73	92	78	99	34
45	68	65	63	95	89	63	57
4	3	17	75	69	76	86	9
30	54	96	56	36	79	59	68
14	46	2	36	52	77	97	69
87	7	34	8	41	55	80	19
43	41	34	65	18	89	12	77
81	41	13	71	13	84	67	74
11	53	36	7	8	59	66	13
56	49	69	9	88	50	15	60
52	39	43	25	76	73	78	31
78	3	89	67	48	75	14	21
10	86	99	9	50	9	97	90
5	45	54	83	75	78	31	57
31	75	17	96	84	20	5	42
73	75	21	88	61	17	86	75
76	2	2	84	83	17	99	89
87	38	69	7	78	58	33	21
29	24	24	19	64	21	2	74
37	36	60	38	96	8	23	91
30	95	42	8	55	73	50	73
52	11	38	46	99	17	15	37
77	59	51	100	28	6	19	15
4	68	31	23	27	34	67	72
6	6	6	6	91	75	59	88
68	36	60	57	4	31	93	40
41	47	3	9	47	72	37	82
60	63	1	12	78	2	58	14
56	71	69	95	99	99	99	99
4	4	4	4	95	95	95	95
7	46	9	4	71	4	13	58
75	12	36	44	64	41	13	34
20	40	72	63	87	86	99	7
34	76	20	56	24	19	38	95
89	65	98	89	94	30	51	88
12	50	31	100	28	7	34	13
40	2	61	26	96	34	14	40
30	96	43	93	2	32	19	3
96	49	58	34	60	19	71	98
53	95	60	35	11	71	12	13
68	61	42	30	38	42	19	98
60	3	69	26	5	60	65	32
27	12	83	96	20	39	71	48
8	14	83	95	54	5	19	85
82	69	52	68	68	55	45	51
39	78	43	35	11	86	68	5
97	31	39	85	48	96	91	78
85	99	88	11	31	51	60	35
75	94	37	10	3	72	99	55
15	8	54	67	29	40	47	10
92	35	56	16	85	98	48	93
61	46	62	84	3	65	20	13
83	13	85	98	67	72	92	37
48	11	64	93	35	10	54	51
81	41	63	41	74	48	4	64
23	33	38	43	29	23	78	9
10	29	96	88	85	71	56	9
90	49	15	84	15	79	74	50
61	79	21	96	22	27	45	24
6	5	64	25	73	12	62	86
7	43	90	6	3	51	90	21
5	51	21	58	45	96	42	77
30	79	48	51	99	21	32	73
43	82	65	87	41	87	89	42
85	100	23	41	59	91	86	89
7	77	90	39	23	68	16	82
31	36	20	66	2	43	52	84
9	57	68	54	90	65	60	16
15	90	40	32	21	23	5	59
9	60	55	21	26	12	9	53
8	8	8	8	46	89	9	10
6	53	67	9	69	60	60	14
77	17	19	70	77	18	51	25
33	99	56	30	22	98	22	17
9	61	93	38	96	96	96	96
8	8	8	8	94	94	94	94
49	66	42	12	63	65	55	62
42	49	66	4	24	39	65	84
64	84	69	67	70	52	100	64
43	92	27	13	94	51	66	2
84	21	89	36	15	75	72	68
4	40	47	82	9	17	21	30
91	50	20	58	45	28	73	30
25	95	41	5	90	77	53	42
57	58	34	17	100	92	71	59
80	80	97	73	70	75	4	33
96	62	59	88	3	17	3	69
49	100	98	31	91	85	94	51
26	39	54	83	68	21	20	8
75	19	10	88	94	87	35	47
54	3	84	65	30	73	58	81
70	9	85	62	11	33	6	61
23	52	2	18	66	42	52	75
2	88	74	58	18	54	87	65
63	22	77	70	65	26	43	66
21	87	75	58	2	59	26	33
53	86	41	73	87	7	93	45
4	97	61	23	68	48	52	95
1	44	14	97	13	64	36	69
33	92	66	19	18	95	71	91
86	21	93	38	27	47	58	96
11	26	30	15	49	28	16	35
71	86	68	17	31	29	58	40
6	35	45	13	23	43	96	1
13	43	98	60	51	49	99	68
85	45	64	26	30	89	58	79
96	77	59	59	51	98	45	1
97	11	59	19	35	86	32	83
27	49	91	60	36	60	80	32
17	2	63	15	26	61	56	53
59	71	93	28	22	22	32	97
13	62	32	9	92	33	39	29
22	91	82	50	38	50	63	83
50	37	83	42	95	22	50	81
30	64	70	73	58	41	60	81
6	95	63	83	67	25	53	57
3	3	3	3	64	90	46	61
79	100	5	93	9	42	33	25
38	28	81	68	6	17	85	99
22	71	78	76	12	53	53	41
64	45	41	67	95	95	95	95
2	2	2	2	95	95	95	95
95	20	73	18	40	88	62	32
92	73	45	28	65	32	51	32
43	90	73	97	7	1	82	48
60	25	48	26	1	69	18	31
70	55	50	23	46	60	90	95
86	11	96	99	8	58	60	5
89	100	16	95	44	10	84	11
73	14	17	85	89	32	6	90
88	9	60	69	17	27	30	29
21	33	11	17	75	75	10	31
40	28	67	31	9	23	7	39
91	63	98	51	42	27	94	65
14	13	46	10	94	38	44	22
29	41	4	69	9	39	75	11
19	69	6	43	37	65	28	83
83	80	81	40	51	68	87	53
38	93	64	78	24	87	28	1
90	39	76	58	25	55	3	90
3	59	49	98	53	37	31	41
51	5	94	29	96	28	7	51
37	3	33	14	22	8	52	41
59	17	11	78	96	2	69	28
6	66	2	48	79	42	34	90
72	64	73	15	78	20	47	59
30	88	70	3	38	96	74	32
95	75	26	3	33	21	70	69
98	51	96	38	56	25	41	28
61	96	66	30	79	13	38	57
62	43	66	25	66	50	17	50
71	91	10	33	54	56	75	34
7	2	73	50	77	91	45	72
99	71	34	32	90	18	90	49
38	14	93	73	71	46	38	63
82	34	78	52	89	94	93	100
72	40	82	47	46	98	86	89
26	58	41	58	4	94	70	82
73	33	80	1	85	46	34	8
37	41	71	23	86	45	6	74
65	38	34	86	66	18	55	25
67	51	97	53	95	20	13	36
7	7	7	7	94	3	51	58
61	67	59	81	18	36	80	23
68	91	99	21	64	49	12	26
6	29	15	38	3	20	29	22
66	62	92	40	95	95	95	95
8	8	8	8	99	99	99	99
34	35	26	24	9	99	32	43
24	69	59	30	75	42	81	11
49	91	26	36	25	85	42	23
45	1	47	88	85	81	52	31
80	82	57	88	79	31	100	47
95	95	8	68	24	59	74	25
10	85	39	12	33	31	80	75
54	99	52	97	26	26	55	30
88	98	68	6	9	75	17	92
36	42	86	15	3	77	34	8
14	59	94	35	48	51	51	82
6	42	79	64	99	57	24	14
98	45	65	31	44	78	70	37
22	41	2	56	43	16	3	43
42	23	52	51	10	52	33	85
19	26	94	65	56	47	37	22
59	78	98	75	14	25	49	56
57	66	19	99	62	71	45	95
69	28	8	40	16	49	6	48
96	74	28	20	8	42	93	13
63	38	68	69	10	63	87	27
90	97	82	62	92	1	77	13
14	18	88	56	18	6	82	22
37	21	74	14	96	58	94	33
85	20	91	99	5	1	73	55
80	71	34	5	65	68	66	11
69	82	56	21	10	85	18	20
69	1	92	54	44	24	75	35
48	95	13	78	87	41	19	62
73	78	11	71	85	49	72	75
4	82	66	44	38	97	42	67
54	28	22	53	48	77	12	3
13	39	41	27	90	30	72	60
41	95	40	3	57	61	69	75
57	8	4	9	42	43	33	54
29	20	45	85	20	31	38	93
28	26	44	43	57	69	83	15
62	62	62	13	59	36	15	47
10	72	73	15	44	71	16	21
100	30	75	80	88	47	16	16
3	3	3	3	31	55	32	71
25	76	80	39	91	45	56	83
20	26	44	99	43	25	51	72
94	71	36	36	15	96	76	53
78	26	99	60	94	94	94	94
3	3	3	3	92	92	92	92
83	86	16	88	48	45	60	75
52	64	37	24	64	17	27	93
22	31	90	46	84	14	21	55
96	69	35	37	60	72	85	35
63	38	94	49	10	64	50	73
86	37	43	42	78	25	68	41
39	62	37	61	69	100	23	1
97	19	27	53	91	20	23	40
40	39	93	65	40	35	58	81
49	15	66	10	90	64	73	61
88	89	14	68	9	11	48	14
90	40	14	34	27	52	11	56
99	19	84	7	84	63	8	36
4	89	94	14	73	85	45	12
47	6	27	29	20	4	65	15
6	78	53	72	64	26	91	81
8	67	34	49	45	6	73	93
5	95	41	79	96	26	4	42
59	62	82	89	93	56	60	45
50	33	59	1	25	87	14	48
81	44	96	83	86	38	37	95
9	52	44	13	68	41	96	83
56	89	14	68	58	55	32	34
16	46	53	32	93	61	66	100
13	100	67	83	65	4	15	15
79	3	12	38	88	93	29	86
66	15	28	8	28	47	97	84
26	100	50	53	71	13	34	60
95	64	64	16	45	99	28	46
10	40	21	29	74	64	21	2
83	8	55	27	33	23	23	53
68	65	37	76	33	29	40	73
34	66	51	77	28	18	54	17
78	66	96	11	46	55	73	64
58	94	2	96	64	82	95	62
82	7	5	27	4	78	82	72
12	59	55	67	72	35	50	54
34	29	91	50	66	87	53	35
27	86	98	82	29	31	59	41
91	24	1	36	19	95	4	32
1	1	1	1	54	44	61	50
13	59	15	83	13	82	20	32
8	83	64	14	16	54	58	56
93	90	67	24	6	13	32	30
81	47	35	63	93	93	93	93
6	6	6	6	90	90	90	90
71	43	74	3	92	25	86	53
83	23	51	80	66	29	51	9
52	1	93	40	16	95	45	90
43	41	58	96	70	38	33	73
41	13	92	44	69	61	15	13
67	74	36	7	71	95	66	98
9	4	39	60	34	86	52	42
23	71	20	2	13	78	33	82
70	98	19	76	86	18	3	78
59	56	13	84	4	1	56	50
46	57	98	8	27	88	15	12
70	16	58	89	69	40	62	30
80	21	44	26	6	70	36	53
51	41	84	50	55	5	88	78
56	4	87	58	37	5	44	50
73	41	96	18	20	42	48	98
24	17	27	20	77	50	2	81
79	45	69	15	62	43	67	91
37	83	26	27	75	10	100	22
73	35	9	100	74	16	36	95
18	4	57	63	69	9	9	45
91	45	62	39	36	28	46	83
23	41	33	57	81	5	8	81
57	80	14	32	58	49	21	5
79	85	79	88	86	63	27	11
53	68	69	53	84	58	1	40
99	14	4	92	29	76	94	47
9	91	71	78	13	19	39	64
82	14	52	60	56	24	92	79
24	21	36	34	80	51	89	36
94	46	50	45	67	52	90	79
87	20	96	20	45	75	81	77
21	23	86	87	56	22	21	12
79	91	54	52	40	9	61	88
97	30	72	2	65	51	74	71
85	44	84	43	87	60	55	68
57	33	7	5	26	8	1	88
63	71	86	93	17	9	72	57
30	65	53	49	85	18	21	35
24	66	98	13	14	83	41	8
2	2	2	2	45	77	99	20
33	10	15	72	65	42	51	48
54	19	32	53	57	76	77	31
29	36	6	24	85	61	30	3
40	61	72	76	93	93	93	93
7	7	7	7	91	91	91	91
84	26	36	79	3	12	24	24
76	86	5	1	56	71	59	11
78	1	11	98	51	55	62	93
67	2	52	7	95	57	91	31
81	28	70	24	21	95	25	47
82	39	1	44	48	80	57	7
16	44	96	53	33	46	61	84
74	29	58	44	19	52	38	41
4	63	17	93	36	26	59	50
7	28	36	48	100	24	42	51
65	30	65	18	39	17	33	22
43	97	29	45	3	80	60	87
45	74	41	100	74	15	43	30
62	45	86	12	49	60	45	72
66	81	100	90	67	37	38	93
79	34	16	49	19	72	57	3
25	47	56	34	40	2	25	35
12	97	98	15	99	76	68	21
17	10	97	7	86	45	79	76
19	70	9	33	65	45	74	9
43	48	61	44	62	8	61	69
75	23	85	73	77	92	37	36
73	8	10	79	50	26	73	89
4	91	79	56	68	60	67	24
74	5	53	47	34	57	16	73
54	98	59	33	51	85	93	61
57	41	69	12	62	44	23	65
11	55	57	96	48	61	84	88
24	1	83	91	38	81	94	31
25	43	46	22	28	58	87	41
97	52	30	34	14	66	56	64
1	40	33	91	26	77	69	46
37	13	88	82	50	39	66	63
7	59	12	7	12	55	62	11
47	83	51	60	3	88	55	15
80	26	36	38	44	38	48	100
26	88	9	43	40	18	9	97
12	41	52	33	57	82	29	73
96	35	37	67	67	74	61	42
13	32	51	96	100	94	87	96
3	3	3	3	23	91	11	75
68	54	64	11	26	86	25	43
80	55	49	50	15	44	96	39
45	58	6	27	92	82	10	71
48	26	86	39	94	94	94	94
5	5	5	5	95	95	95	95
77	2	39	99	62	78	4	85
59	63	73	82	76	2	90	11
76	6	52	78	8	67	48	10
8	33	78	53	89	85	48	12
95	41	90	67	54	19	28	55
47	18	6	85	51	4	75	20
54	2	30	67	27	95	79	51
86	91	65	89	85	76	55	41
57	25	40	62	50	70	91	94
47	21	50	63	38	31	33	26
81	21	17	43	83	85	94	53
61	55	27	86	84	75	16	66
65	12	76	13	14	13	9	45
10	69	56	63	19	24	86	86
3	45	17	7	80	57	79	59
87	98	19	23	19	15	75	93
52	21	1	59	59	37	78	33
97	87	93	40	36	59	3	28
38	95	41	78	20	88	77	87
65	89	7	69	37	4	8	89
18	12	55	5	64	97	1	49
13	98	78	55	65	11	58	56
40	85	23	12	27	68	59	33
45	63	31	16	23	7	47	58
95	74	23	69	48	89	24	79
25	92	72	30	49	99	89	98
61	93	41	24	77	86	48	45
69	3	6	66	64	75	55	65
87	78	26	43	1	44	5	81
29	6	95	37	98	82	71	23
41	81	36	44	58	45	94	69
44	69	46	12	63	17	87	51
12	69	30	12	44	65	32	12
71	91	29	51	54	73	100	31
72	77	87	15	66	45	54	50
1	4	38	73	33	99	65	71
53	100	95	15	36	30	52	54
72	28	78	65	16	11	14	81
7	84	53	46	65	14	63	28
98	44	63	34	94	94	49	6
4	4	4	4	72	12	37	54
41	69	33	30	18	27	25	91
22	97	40	30	47	4	51	67
52	61	65	57	1	78	8	57
27	3	57	93	92	92	92	92
3	3	3	3	92	92	92	92
67	5	11	96	23	35	67	71
6	90	88	95	78	25	74	55
30	44	98	72	94	95	100	20
84	46	43	65	11	15	61	7
70	89	63	95	93	34	9	99
8	65	83	44	82	53	6	7
58	100	3	27	16	40	85	97
63	62	23	52	90	68	89	68
8	17	87	52	31	6	7	59
50	40	53	32	74	47	80	12
79	10	8	73	89	92	49	47
98	72	14	33	14	52	92	97
88	37	43	78	76	88	95	29
88	40	67	78	3	6	59	32
8	89	6	64	16	21	13	19
38	64	33	45	92	42	57	86
76	97	47	52	23	6	54	14
25	39	56	2	77	22	5	31
18	1	23	33	35	59	84	49
31	12	7	19	31	33	75	15
45	51	55	13	35	71	13	53
14	72	38	44	15	32	47	60
63	56	94	99	64	2	81	95
17	50	25	83	5	99	70	10
5	65	62	83	12	88	92	34
81	54	20	67	73	65	50	25
44	7	44	10	63	65	68	21
24	44	2	21	57	89	54	35
52	67	17	19	66	74	59	33
56	73	57	68	47	5	72	27
83	29	44	66	74	10	65	81
29	100	52	36	85	11	99	37
58	84	46	12	22	11	97	11
40	23	86	94	20	25	1	79
31	65	14	88	71	30	85	18
22	93	6	44	87	64	43	88
12	72	27	24	50	61	30	67
70	64	50	69	4	66	88	51
73	12	30	31	49	31	16	50
100	40	88	97	20	29	28	83
9	9	9	9	28	82	59	96
50	3	69	10	42	92	7	59
78	61	47	26	100	100	3	6
44	21	6	75	75	56	75	13
79	18	9	96	100	100	100	100
2	2	2	2	99	99	99	99
24	81	84	78	62	39	35	78
35	87	34	15	71	6	92	44
70	71	72	18	24	35	86	68
43	63	15	25	82	38	90	94
69	62	72	27	54	98	1	41
17	19	24	47	18	19	25	11
5	35	36	56	58	38	82	3
45	55	25	40	63	30	43	23
88	67	61	99	99	92	62	34
89	56	34	66	36	82	91	48
49	18	68	73	76	54	65	55
35	20	41	71	81	3	71	4
15	3	98	95	47	71	45	15
76	70	27	63	11	45	42	19
100	78	47	72	25	36	100	60
5	69	20	60	64	53	76	62
81	81	21	65	73	27	75	32
23	61	55	48	59	12	16	41
36	65	66	5	20	1	1	19
14	68	63	40	42	54	7	5
4	87	35	20	89	46	83	74
43	38	76	80	2	75	26	6
16	51	46	37	60	3	25	41
99	45	6	70	90	51	12	3
59	42	24	70	2	65	84	18
70	63	70	57	23	42	95	86
62	52	74	52	37	99	75	1
55	73	63	28	95	79	31	98
64	3	55	37	43	76	80	35
45	19	46	50	97	90	30	3
92	61	53	95	47	32	18	70
58	76	24	49	41	57	56	92
27	13	30	33	17	61	56	33
70	1	60	67	72	16	22	73
88	75	55	12	2	18	17	63
49	56	63	40	8	81	92	38
55	17	69	48	18	23	27	44
28	13	65	72	1	23	44	5
18	96	76	15	83	15	94	77
11	49	37	64	78	10	48	1
1	1	1	1	87	90	28	89
88	9	36	85	28	93	99	21
74	71	99	96	25	85	62	27
93	71	14	41	65	50	19	69
5	75	52	26	96	96	96	96
4	4	4	4	91	91	91	91
88	41	33	8	77	64	78	83
16	61	49	13	76	25	80	85
39	47	4	29	62	46	70	68
32	35	94	56	3	15	62	92
5	90	40	15	68	35	94	73
92	31	39	49	59	40	92	33
86	20	60	73	72	63	33	1
87	38	68	48	51	39	34	74
34	76	18	46	50	94	41	21
52	32	30	8	94	96	85	57
47	68	20	23	20	1	50	87
71	31	36	78	99	52	7	54
84	45	54	52	97	3	43	6
40	49	1	9	31	39	25	48
96	10	80	22	80	69	38	32
18	14	70	49	84	36	73	69
37	2	32	88	93	84	100	73
37	91	46	64	58	17	60	43
25	81	42	71	12	45	100	99
51	47	22	90	11	89	28	98
21	17	9	92	51	54	56	24
99	52	39	68	55	13	60	17
20	39	67	97	54	31	94	15
72	59	61	3	85	10	39	53
21	26	49	96	52	34	32	85
60	79	25	1	31	77	56	68
66	82	50	99	35	72	67	44
55	77	4	97	2	33	22	64
77	84	95	93	41	23	27	43
65	3	23	40	90	23	44	48
37	53	39	37	63	30	36	17
30	13	99	16	74	11	8	83
62	85	8	66	62	93	98	68
40	68	42	40	58	70	99	23
8	68	22	18	74	17	14	27
72	98	42	59	52	79	90	23
63	5	18	30	67	50	57	25
87	91	12	25	56	58	31	19
85	15	33	95	4	66	7	51
96	50	95	56	42	75	13	87
8	8	8	8	11	21	64	72
53	27	96	100	46	27	76	5
2	100	75	23	16	62	23	87
75	62	4	63	73	50	59	44
68	46	84	76	90	90	90	90
7	7	7	7	95	95	95	95
54	22	18	20	49	94	30	61
64	35	52	92	84	62	44	92
66	49	39	59	34	12	54	38
59	71	29	24	30	100	98	41
95	74	19	93	28	38	9	18
60	2	54	67	33	53	2	95
61	47	19	17	88	61	14	97
52	93	87	50	15	73	3	99
81	95	55	60	35	28	86	48
32	92	5	12	46	23	74	25
35	62	40	63	94	40	69	65
5	71	10	45	1	27	50	45
97	25	22	6	16	82	2	75
77	15	60	81	88	47	73	98
26	82	23	28	44	72	82	61
62	32	17	47	41	22	76	54
31	20	19	64	69	32	53	76
11	39	9	23	97	6	92	49
5	9	91	44	18	35	28	68
46	97	69	28	67	40	15	10
30	84	4	52	100	3	71	87
71	4	47	92	13	21	64	26
68	94	40	46	41	99	20	23
55	65	29	49	75	84	65	79
15	18	28	59	9	79	40	5
41	74	71	47	58	83	45	31
13	29	1	95	47	57	48	89
83	100	92	94	5	19	18	18
69	46	17	44	48	92	16	38
55	87	84	24	27	30	88	89
94	24	27	20	9	27	97	87
97	55	50	26	95	57	81	60
87	69	62	34	60	28	12	75
27	41	38	61	47	80	8	65
7	30	61	13	2	99	6	18
17	71	44	50	56	82	73	36
51	14	61	30	98	60	63	31
43	53	83	86	85	85	97	83
72	4	11	28	73	85	26	20
82	21	60	52	52	32	57	58
9	9	9	9	9	60	1	93
94	41	39	53	62	83	100	11
57	61	71	7	66	25	1	86
62	20	34	20	39	80	22	72
98	84	56	58	92	92	92	92
1	1	1	1	95	95	95	95
36	87	52	5	94	34	48	63
62	23	79	31	80	100	84	61
82	59	58	29	5	7	72	58
86	49	91	11	11	74	85	36
12	28	19	90	88	23	61	95
69	24	58	83	56	76	15	23
93	54	74	94	7	10	70	51
48	44	20	80	87	86	86	17
21	96	31	13	44	22	75	60
31	73	48	82	90	10	98	3
46	9	54	98	81	72	73	77
80	45	82	55	2	17	16	99
26	1	6	83	1	51	73	47
58	59	65	46	88	75	29	27
79	38	41	91	92	66	62	96
90	84	16	15	34	34	10	100
77	24	9	37	44	3	25	67
96	74	95	71	86	56	12	97
20	70	28	59	73	32	66	95
54	76	99	17	55	36	62	75
32	89	42	72	81	33	2	9
80	12	99	100	85	25	14	14
48	25	54	52	71	53	39	77
66	64	33	35	76	70	54	18
78	97	5	88	17	52	62	58
83	67	95	49	35	81	70	35
65	33	35	87	63	8	26	60
63	81	30	16	23	92	75	53
84	1	76	76	79	21	14	97
74	30	91	81	85	84	10	26
38	94	26	39	32	76	7	12
83	60	81	1	2	4	5	8
6	21	14	9	72	92	2	70
44	45	65	27	74	88	89	6
11	97	24	32	91	27	66	2
20	10	69	47	99	79	4	80
67	9	58	26	48	62	84	30
30	63	30	94	53	54	9	49
64	25	100	6	7	3	96	13
58	13	24	66	73	17	54	47
3	3	3	3	18	76	12	8
56	68	84	33	16	92	66	74
1	88	74	75	60	69	58	21
8	39	3	94	20	70	88	30
21	11	27	48	96	96	96	96
9	9	9	9	94	94	94	94
81	78	20	84	46	60	82	39
38	45	19	70	22	91	77	32
90	36	56	36	35	74	79	51
39	11	98	28	24	20	24	19
67	41	51	56	17	88	21	66
99	41	91	16	82	88	32	65
45	35	67	91	13	79	34	86
29	4	40	64	96	2	4	55
44	41	24	33	31	56	1	80
99	23	25	70	15	30	82	47
83	58	33	13	12	21	96	84
59	5	43	93	11	92	19	74
18	63	75	37	94	42	78	85
72	69	48	50	91	98	12	15
75	80	59	57	97	19	8	57
14	64	90	21	34	41	5	12
40	60	37	36	95	34	97	73
97	40	22	39	68	12	99	29
5	80	97	49	25	50	75	33
14	82	75	63	99	82	91	52
60	22	82	19	42	100	17	78
74	9	14	91	84	54	64	26
19	52	63	20	56	97	68	44
54	41	86	78	27	57	25	94
41	74	13	56	56	11	21	20
65	41	92	31	15	29	84	63
87	94	78	62	38	76	55	4
19	84	11	24	8	45	69	78
47	33	33	54	87	15	67	86
96	89	37	35	9	84	69	84
8	83	98	32	99	84	17	86
62	23	25	6	10	70	63	33
33	81	71	17	62	21	22	48
82	95	37	80	67	52	6	26
67	9	54	22	32	65	39	71
10	10	84	10	42	85	15	77
9	86	31	51	53	46	4	45
85	28	44	74	46	16	67	42
44	51	51	72	79	54	69	15
52	62	74	5	11	100	22	51
1	1	1	1	78	64	69	40
10	47	70	81	86	7	90	35
1	82	4	21	93	13	72	89
99	15	83	16	39	56	45	55
71	58	79	73	92	92	92	92
8	8	8	8	96	96	96	96
77	43	99	62	70	25	89	12
78	35	62	4	26	19	14	99
54	19	4	83	49	22	59	61
26	4	52	33	33	12	93	93
44	78	19	63	92	25	47	77
23	10	73	61	81	51	44	63
2	95	4	7	4	44	33	89
52	61	26	93	93	26	12	82
37	60	44	15	62	5	29	32
72	3	61	79	4	75	25	88
45	37	58	24	2	15	89	4
70	84	37	41	47	34	37	33
8	50	40	60	78	75	91	87
28	67	56	60	67	60	72	64
16	67	37	57	62	20	63	64
8	16	56	97	35	74	67	64
58	54	20	73	91	11	94	12
46	29	52	52	66	78	50	96
87	2	46	90	4	82	59	2
59	42	36	37	55	9	17	19
78	44	47	83	32	55	27	64
68	32	91	14	100	44	89	24
46	97	53	49	81	13	94	54
72	97	35	63	67	88	86	7
4	1	61	64	70	67	20	5
75	52	4	82	29	76	10	12
40	29	75	22	36	96	59	45
68	29	40	86	27	46	83	69
54	52	14	95	63	43	76	17
71	90	94	78	37	84	69	35
77	11	59	52	76	35	80	83
31	41	19	96	30	48	11	18
28	3	27	41	99	42	67	79
36	5	8	26	44	97	64	91
10	21	34	17	40	5	86	33
32	61	65	93	24	61	55	35
2	82	81	24	99	99	60	53
73	26	72	91	83	27	30	44
77	17	48	86	35	20	12	29
88	9	15	47	3	96	20	53
2	2	2	2	1	83	83	2
25	91	44	40	47	97	26	15
39	81	13	70	43	92	63	41
43	48	4	98	1	76	10	43
19	51	2	8	97	97	97	97
4	4	4	4	97	97	97	97
5	65	87	89	47	75	83	65
49	34	82	79	26	91	96	43
58	18	92	91	5	90	39	98
33	91	78	32	41	96	7	63
49	100	10	68	99	71	43	22
73	87	19	1	67	31	22	21
39	73	62	8	53	9	92	90
23	80	4	31	67	98	83	30
82	66	22	96	64	53	67	92
39	56	71	3	72	71	59	98
65	81	81	26	80	83	11	29
67	59	15	37	11	74	81	31
93	34	4	48	64	93	86	31
67	53	52	89	59	98	57	48
5	73	49	96	100	64	27	78
18	82	91	15	46	60	54	53
38	49	35	11	74	92	49	72
77	15	100	74	43	30	62	26
7	9	54	52	54	27	85	27
17	84	57	89	31	83	32	60
73	20	96	45	48	51	44	35
52	96	72	88	55	23	35	6
75	55	51	66	18	94	84	71
63	93	42	12	55	53	19	82
81	62	67	81	69	28	44	8
47	9	53	94	97	50	22	58
43	9	23	87	56	11	50	29
88	81	16	52	27	36	33	73
72	14	84	31	61	40	46	51
32	80	19	54	37	47	59	93
17	7	41	72	86	53	11	54
84	23	12	95	99	27	37	85
1	10	78	11	83	35	100	23
54	98	55	44	42	44	83	60
55	90	13	17	31	88	2	61
97	17	76	13	67	13	93	22
60	35	92	5	69	58	21	52
49	21	82	48	79	25	17	41
36	92	95	27	75	6	33	14
57	27	99	57	40	61	84	34
9	9	9	9	26	100	16	11
30	38	32	1	4	36	18	66
68	50	86	76	29	93	36	26
52	1	87	67	61	24	59	68
93	7	13	9	98	98	98	98
3	3	3	3	95	95	95	95
20	87	59	6	69	13	34	13
80	85	84	34	22	43	57	47
85	90	60	45	29	23	88	92
67	76	31	99	35	12	38	24
12	86	20	14	18	88	6	99
24	58	94	88	87	40	64	67
62	52	20	83	5	72	39	32
36	70	89	6	24	61	36	28
71	86	76	75	85	89	10	79
35	67	67	9	91	29	85	8
87	70	42	20	62	45	69	70
92	54	36	76	2	72	47	57
4	10	60	48	97	22	78	57
76	51	55	40	11	66	46	12
15	69	13	13	79	25	5	45
98	29	28	31	83	75	34	51
2	44	34	11	18	21	71	92
83	24	82	73	31	42	7	20
38	22	22	22	22	65	75	43
71	54	69	21	76	16	98	24
46	22	61	72	43	93	60	51
44	65	86	94	23	32	95	71
42	9	39	100	10	27	34	41
69	41	79	58	56	12	29	44
22	65	23	79	83	34	59	75
48	55	47	72	32	4	17	49
46	78	76	5	13	56	76	42
30	62	15	74	2	23	76	7
29	45	32	96	59	69	83	52
43	7	83	94	47	36	67	42
94	92	71	98	32	30	95	86
23	86	88	36	22	66	80	31
23	61	78	36	50	63	75	42
72	43	9	5	86	14	94	14
85	21	17	63	20	47	57	64
70	89	98	5	10	84	76	45
28	38	22	72	68	58	41	5
71	13	45	4	5	30	73	86
38	26	67	4	81	98	77	25
93	44	43	40	10	84	8	10
6	6	6	6	31	73	60	74
88	59	92	25	86	22	78	55
17	1	3	12	71	99	62	58
60	26	86	25	93	100	58	3
65	83	67	82	91	91	91	91
9	9	9	9	98	98	98	98
15	40	68	83	98	28	53	53
60	30	2	30	28	21	99	91
14	90	71	6	82	63	34	1
59	36	48	10	53	50	18	24
87	73	2	7	45	43	56	30
100	26	82	1	86	33	20	45
90	60	5	12	23	29	6	84
46	75	37	95	92	43	60	62
7	13	39	10	30	86	89	9
5	20	49	53	43	89	40	74
75	15	88	74	18	3	59	77
10	11	66	51	48	27	95	15
71	28	94	35	45	49	89	98
65	42	69	46	74	68	48	97
51	46	81	5	69	36	54	96
99	1	87	6	88	40	92	68
12	67	98	79	55	85	73	5
49	33	98	69	71	15	6	67
73	89	40	33	61	81	90	44
13	48	10	16	85	84	80	20
67	85	55	9	4	45	34	82
77	34	15	73	71	30	33	4
53	69	90	80	79	100	43	65
31	82	69	55	13	56	29	83
32	56	68	72	61	61	28	3
48	86	66	49	25	56	99	68
87	36	100	73	12	1	11	51
43	80	11	10	26	13	43	41
90	36	29	95	21	55	34	22
50	83	46	34	75	50	74	88
62	22	96	65	96	31	92	78
63	45	58	57	74	14	32	20
63	52	73	83	38	2	64	80
2	65	86	28	98	86	49	51
76	32	51	57	53	34	46	69
18	44	49	21	33	11	59	94
17	84	84	6	22	5	5	53
52	78	24	91	63	53	20	12
4	73	23	51	67	65	66	74
22	30	38	91	23	31	10	30
7	7	7	7	23	55	84	42
22	30	97	12	15	43	81	15
32	34	2	61	67	75	38	25
42	44	19	85	60	34	78	81
85	27	4	27	100	100	100	100
5	5	5	5	94	94	94	94
47	14	71	95	13	62	82	16
84	89	16	47	85	35	63	98
77	21	35	67	66	4	49	17
8	38	48	100	79	65	98	56
31	27	14	48	96	15	79	10
64	92	9	60	80	83	96	3
61	54	7	96	66	56	85	65
2	32	94	32	81	59	49	30
85	40	21	14	41	68	19	19
10	29	28	19	56	72	53	79
32	53	16	43	44	7	18	35
59	15	76	42	85	100	74	51
69	18	27	26	56	1	14	2
64	22	38	13	71	70	45	97
62	97	22	37	41	83	49	95
47	41	72	18	32	74	12	59
6	79	90	92	39	26	88	47
33	28	92	56	70	24	75	35
43	30	75	23	97	85	34	33
68	27	90	3	20	85	57	68
8	24	43	60	97	59	4	65
95	6	96	19	35	8	95	48
21	46	23	26	48	60	50	64
17	11	13	61	4	31	82	6
27	93	30	74	42	59	45	41
33	50	39	65	74	58	60	5
76	13	74	1	3	35	61	11
31	76	51	41	14	13	30	95
77	7	71	42	11	54	9	92
78	26	17	79	36	26	45	84
61	19	15	2	68	69	100	86
4	75	83	52	30	53	47	59
56	48	11	43	19	33	12	67
4	4	34	80	32	61	73	10
94	31	89	89	69	89	3	53
29	24	44	66	73	67	47	36
73	73	94	5	84	5	89	90
5	46	41	89	1	32	9	33
8	47	68	44	72	3	68	82
29	5	98	14	23	28	52	58
2	2	2	2	1	16	80	38
60	54	42	40	86	79	53	66
76	7	95	63	22	94	98	93
82	44	84	68	93	18	53	29
94	20	7	46	96	96	96	96
3	3	3	3	98	98	98	98
25	16	70	46	4	10	97	32
41	39	85	42	28	72	92	21
52	17	77	52	3	57	36	71
15	11	43	39	43	74	94	14
11	2	23	8	93	2	54	12
99	4	19	59	84	28	82	68
22	72	88	45	38	11	13	14
32	78	28	73	33	91	50	91
91	18	50	50	10	67	45	90
91	52	49	35	10	9	4	91
62	69	66	67	1	64	64	72
90	31	13	31	37	24	24	33
92	57	5	19	47	8	19	66
5	87	71	55	6	67	46	73
50	90	46	11	56	57	24	13
83	72	32	98	33	17	61	46
64	11	47	89	15	5	2	11
56	50	84	89	65	18	59	33
50	85	40	48	83	47	70	17
35	19	18	50	18	18	5	91
86	22	82	58	5	70	35	76
85	78	11	31	72	18	3	91
14	31	72	46	50	56	86	47
33	59	23	49	95	55	72	74
44	37	84	76	20	74	94	92
72	42	7	53	93	85	81	99
89	52	80	3	1	51	12	73
33	95	3	100	33	21	65	14
61	37	5	7	41	99	84	24
24	78	9	68	70	26	39	2
21	86	30	98	24	26	62	41
66	14	23	40	39	52	87	40
91	38	85	36	22	2	6	51
58	35	25	81	24	92	11	8
68	25	31	97	80	59	15	39
21	11	48	8	80	7	35	25
88	37	93	48	39	37	66	31
32	80	29	57	67	53	5	10
20	36	52	68	9	10	54	94
55	16	1	48	64	70	7	38
9	9	9	9	30	83	77	71
23	32	31	8	83	86	42	65
96	33	78	77	67	33	37	59
51	24	12	4	92	53	19	11
51	63	60	76	97	97	97	97
5	5	5	5	98	98	98	98
22	17	3	72	71	74	39	70
86	15	57	86	80	95	55	89
67	99	81	12	68	83	75	15
96	84	82	56	72	54	9	60
36	66	21	69	1	63	93	8
41	21	20	18	57	8	87	49
88	47	70	17	92	88	44	26
83	32	98	22	15	95	57	94
42	65	57	11	30	31	42	38
22	9	32	5	48	55	1	73
50	47	95	35	22	44	92	85
43	10	14	88	7	98	57	28
23	80	43	99	22	34	86	65
81	29	61	26	27	100	85	11
38	97	41	62	13	54	83	81
31	92	78	5	71	5	37	68
47	60	20	56	98	2	2	98
24	55	61	93	44	40	50	93
98	76	67	69	72	100	78	50
24	15	55	2	37	37	19	25
28	55	34	8	100	37	100	28
47	74	8	52	10	94	20	30
75	73	7	93	63	88	13	91
56	50	88	58	92	78	75	4
50	34	5	70	56	18	65	82
78	38	80	65	49	83	62	72
62	27	31	11	48	65	43	33
59	74	56	12	19	7	39	42
72	54	61	23	33	71	9	52
43	95	62	66	83	35	77	57
33	91	5	41	56	11	69	76
9	34	30	50	54	57	77	73
68	13	86	37	75	6	96	22
3	37	98	40	94	56	5	6
31	66	30	63	94	72	47	95
86	31	53	40	27	78	74	38
25	87	23	46	38	1	79	80
5	45	86	40	58	85	45	95
4	76	77	32	32	35	23	73
1	6	11	60	45	53	44	47
4	4	4	4	51	22	70	88
27	72	3	52	92	93	81	24
63	55	20	93	79	99	44	49
3	64	79	1	57	77	85	95
82	90	55	71	91	91	91	91
10	10	10	10	91	91	91	91
52	84	6	24	81	22	74	83
76	81	24	78	38	66	92	40
20	42	62	67	87	11	87	26
37	49	1	86	57	42	90	23
20	21	2	90	49	38	62	18
20	29	78	92	42	62	58	40
4	12	14	16	46	30	41	86
62	85	88	52	91	12	49	56
42	83	27	37	50	97	78	99
36	55	35	12	18	84	6	91
78	20	35	90	48	38	2	76
46	56	74	48	7	67	99	57
52	8	24	79	1	86	25	47
63	61	25	19	97	44	44	2
86	61	47	95	41	81	95	52
22	69	76	7	50	94	92	15
76	51	95	38	20	8	99	84
61	78	25	22	34	14	48	20
51	90	12	8	10	47	51	60
31	14	17	56	47	100	20	88
22	20	4	25	73	42	66	17
61	61	47	65	76	8	72	91
24	2	82	8	18	6	24	39
80	37	40	8	69	80	1	1
56	90	78	17	85	69	19	38
44	53	52	22	1	29	66	18
79	43	4	23	10	12	19	21
71	94	64	60	85	43	93	59
93	40	15	58	72	86	76	2
64	66	41	69	100	5	10	65
51	1	64	28	41	73	33	17
32	14	14	37	51	11	15	45
71	29	95	11	18	74	58	60
63	63	71	56	47	5	5	54
83	7	62	72	54	75	29	46
45	20	48	21	48	19	56	28
69	47	67	9	32	45	10	7
62	11	40	27	21	68	75	83
60	35	17	29	14	93	10	98
14	81	49	58	68	13	31	4
4	4	4	4	84	13	23	83
74	18	91	18	20	36	42	69
33	100	99	94	71	89	25	28
12	6	50	36	64	88	58	76
72	13	13	63	90	90	90	90
10	10	10	10	95	95	95	95
99	82	100	75	82	65	53	55
3	65	30	11	6	64	30	50
43	64	72	64	93	56	44	73
83	8	5	15	57	81	51	38
71	42	95	25	82	11	45	22
99	51	83	93	30	73	39	72
13	4	79	83	43	28	95	68
30	16	65	74	53	96	14	31
70	16	36	26	82	8	27	39
30	1	100	52	38	68	61	59
48	84	96	29	99	78	71	95
98	42	18	15	82	80	30	3
70	70	59	53	20	94	79	26
3	73	61	99	11	100	49	35
68	45	4	10	81	29	75	93
73	90	52	13	18	46	90	42
95	81	29	93	47	3	70	82
78	7	38	51	65	44	9	78
40	58	41	53	100	66	82	7
98	54	74	77	3	79	1	57
89	77	47	59	99	89	36	51
61	26	2	80	87	51	15	58
40	3	80	13	70	79	93	36
67	74	96	85	37	64	62	99
9	98	31	27	78	39	18	89
91	67	18	67	43	30	11	61
41	49	28	51	29	19	1	32
64	98	50	12	25	98	54	76
14	43	26	44	38	10	85	98
38	26	38	92	9	22	70	50
9	97	2	26	93	20	18	76
96	64	2	65	65	78	50	46
42	10	94	33	47	56	15	13
94	8	60	89	40	86	28	40
39	96	98	20	37	6	99	13
15	98	52	90	94	80	53	54
47	3	27	26	81	17	90	9
93	10	37	54	20	37	69	44
56	4	4	87	65	92	78	4
47	17	100	66	82	16	16	79
7	7	7	7	2	27	38	29
66	67	90	86	48	49	96	84
52	65	44	96	65	71	57	44
40	75	49	47	22	48	3	47
58	52	51	5	93	93	93	93
3	3	3	3	96	96	96	96
43	79	92	52	67	72	2	98
66	60	58	54	85	4	20	17
59	55	89	18	63	52	85	35
42	58	30	63	47	76	38	62
18	60	19	13	90	100	83	26
93	28	36	53	95	40	21	24
36	29	78	83	96	35	53	42
75	83	4	34	5	2	37	95
24	39	86	4	24	12	50	32
71	87	33	36	50	51	36	23
48	11	90	2	84	26	77	65
79	72	12	78	11	46	19	29
5	95	63	86	82	30	37	73
20	56	29	40	90	90	59	5
36	8	44	24	16	51	88	83
5	32	75	45	85	75	56	10
82	14	1	44	20	67	83	89
20	7	35	18	55	21	4	77
99	86	7	25	15	9	29	17
89	85	57	88	32	92	73	89
29	44	27	33	50	43	80	67
36	100	12	26	10	94	59	50
94	72	36	83	21	84	23	95
94	58	23	19	84	92	27	75
64	45	39	92	21	31	67	54
66	62	53	1	64	40	40	54
3	26	74	59	4	17	85	62
63	76	56	52	34	21	29	57
45	52	53	82	13	10	49	85
91	42	71	13	74	51	18	36
92	77	77	14	71	38	46	86
21	15	30	73	80	52	25	80
57	88	63	94	32	18	94	15
26	41	71	43	48	6	79	34
78	80	32	6	91	98	89	12
44	45	56	79	40	92	74	94
74	48	11	42	63	33	81	81
77	57	81	1	2	21	71	16
43	57	29	7	15	65	18	2
26	2	90	62	38	79	62	59
1	1	1	1	16	55	31	12
56	27	45	88	36	2	71	44
78	8	5	34	100	75	12	40
43	88	14	54	81	24	66	42
58	66	4	48	90	90	90	90
5	5	5	5	96	96	96	96
58	91	36	82	29	45	65	14
21	75	89	94	100	30	97	74
78	36	57	77	88	91	1	17
42	55	80	99	91	13	90	9
82	64	95	3	66	79	58	33
63	28	78	96	3	58	3	90
37	53	89	3	30	55	63	97
9	27	80	48	97	46	36	58
10	89	70	4	26	54	79	91
90	55	79	80	24	9	35	56
51	25	84	19	36	75	71	53
84	86	34	44	2	56	66	49
2	2	2	26	61	51	17	41
93	40	95	4	8	28	58	13
20	24	70	16	82	94	94	36
46	76	53	99	5	30	95	66
38	98	89	51	23	17	73	98
91	68	8	86	29	37	68	75
22	11	31	20	31	48	65	43
96	81	93	41	55	58	37	28
91	87	25	49	96	92	52	16
36	54	55	9	7	95	79	36
55	99	48	55	37	77	38	95
32	34	10	82	3	56	40	99
18	36	63	2	1	40	77	51
79	45	65	76	63	12	50	73
77	94	97	78	46	21	88	75
20	69	82	76	4	15	74	6
93	24	71	89	46	58	48	68
92	44	15	15	32	11	35	72
73	59	85	78	14	48	47	28
89	38	86	87	84	11	45	23
32	35	61	77	7	49	24	71
40	12	86	83	20	3	23	21
51	12	67	3	24	93	16	67
34	99	21	61	35	70	21	34
86	10	32	16	71	93	27	16
82	65	26	55	98	35	92	64
75	87	98	99	65	3	15	54
39	2	90	31	23	93	85	23
2	2	2	2	9	51	13	1
4	30	11	58	81	48	60	69
69	21	66	96	96	79	57	62
61	67	32	88	28	63	79	26
52	53	44	90	95	95	95	95
4	4	4	4	90	90	90	90
73	56	85	2	83	51	76	64
95	43	18	29	11	45	42	97
97	5	69	68	97	32	77	97
78	64	54	68	38	24	94	40
55	25	94	42	67	42	96	74
50	9	25	1	89	3	94	86
30	23	5	50	55	7	94	58
35	13	58	8	2	87	68	99
36	27	1	92	37	5	19	30
21	81	53	17	41	45	55	31
87	100	90	82	42	84	74	13
12	16	63	14	64	17	29	100
71	44	97	28	84	4	25	73
91	99	41	23	93	44	91	21
21	50	94	32	89	97	6	23
58	51	30	18	86	53	16	40
5	63	21	73	59	53	30	40
51	1	15	93	7	26	61	46
37	7	90	98	54	89	32	53
19	1	64	69	9	18	47	83
75	37	25	45	13	37	11	56
57	30	63	85	72	60	82	71
82	43	36	9	84	88	37	22
26	46	44	35	46	48	71	57
33	18	56	96	85	18	54	51
59	19	29	27	27	10	67	64
31	86	88	6	64	28	22	31
22	79	3	73	84	64	14	78
24	39	69	25	6	67	71	29
92	64	71	18	100	2	77	98
89	86	70	11	9	49	64	82
64	63	24	18	21	61	43	41
29	79	87	13	80	51	82	78
46	98	24	29	1	61	36	42
75	48	84	18	93	17	42	57
85	35	87	69	96	85	8	21
55	99	44	90	56	83	43	50
48	5	50	20	92	45	13	99
31	17	72	46	52	31	94	81
80	86	63	1	68	31	60	51
3	3	3	3	97	9	39	62
26	89	59	96	54	50	45	83
58	35	34	4	61	42	84	6
4	11	17	2	18	59	61	25
87	10	97	16	97	97	97	97
6	6	6	6	91	91	91	91
90	30	30	23	21	50	65	33
61	95	8	82	61	97	13	39
73	42	72	46	78	63	58	28
83	52	98	57	88	66	26	62
73	53	75	24	97	64	57	26
10	6	52	63	50	86	12	76
99	53	96	69	67	46	97	39
58	47	49	71	1	74	29	41
33	96	15	23	91	7	87	35
63	35	30	21	88	63	31	88
92	38	23	15	18	59	78	97
2	21	96	30	97	74	8	50
45	88	91	75	32	26	92	17
25	79	17	67	35	83	88	31
51	73	40	16	52	41	31	19
72	43	62	53	48	69	3	12
25	41	52	54	23	63	71	29
11	64	33	54	3	47	84	8
58	73	18	94	8	16	70	27
64	22	96	90	30	24	55	91
3	87	3	32	84	85	64	52
50	10	88	14	58	69	30	30
65	75	57	17	57	36	1	80
79	98	74	73	96	1	49	75
94	26	20	79	58	70	21	12
6	10	78	75	35	90	80	30
63	20	71	90	57	9	56	86
46	19	67	79	21	99	39	16
33	43	19	88	28	30	75	50
5	50	99	64	33	72	17	86
9	38	22	20	34	88	31	98
91	8	77	16	48	33	15	15
22	60	60	63	89	33	17	77
76	88	83	28	51	13	73	17
10	57	13	72	30	30	39	2
56	3	83	58	46	52	17	80
23	33	3	87	28	63	22	38
57	27	73	56	34	86	17	28
48	62	6	49	75	50	25	78
55	14	11	63	14	47	20	14
3	3	3	3	91	21	3	96
97	17	60	15	9	90	47	78
50	89	100	95	44	86	84	69
74	77	77	3	42	95	72	87
9	16	10	77	95	95	95	95
6	6	6	6	92	92	92	92
12	25	66	13	3	24	34	82
84	9	24	39	20	57	3	73
71	52	28	6	40	86	50	67
77	90	8	76	31	72	13	31
76	77	12	93	2	32	53	48
100	42	35	97	81	100	74	43
29	46	30	25	43	100	71	73
78	24	74	12	60	26	85	95
68	87	39	39	93	15	16	37
84	52	55	1	70	82	63	56
76	91	53	89	3	14	1	90
59	54	60	38	44	78	87	76
97	6	60	56	72	38	31	56
71	99	69	57	66	100	68	16
10	11	18	23	12	24	82	15
65	86	42	62	5	60	52	17
91	43	88	21	88	71	20	18
44	87	64	69	85	61	32	1
65	8	74	73	48	2	43	1
30	100	69	82	87	90	49	38
40	2	29	66	19	95	29	100
28	53	74	81	25	43	13	35
41	88	21	95	73	37	99	94
5	19	12	90	3	48	55	11
55	98	100	57	19	81	69	96
25	89	95	16	26	33	75	55
32	52	28	6	2	58	71	53
60	72	5	34	77	34	45	30
59	61	62	13	65	69	14	86
80	27	36	13	1	40	9	34
83	46	73	4	69	53	25	33
47	58	94	80	39	98	85	53
52	78	33	40	19	58	10	41
100	45	66	91	31	18	54	95
91	6	35	50	16	22	97	30
20	89	18	84	38	75	38	22
54	2	24	13	86	16	44	66
47	9	60	98	48	97	100	93
53	98	35	88	57	64	55	72
49	19	11	2	79	3	10	94
2	2	2	2	71	92	98	67
80	44	55	36	19	70	31	22
22	36	99	1	17	99	73	99
40	96	50	28	79	36	22	29
72	23	48	96	98	98	98	98
5	5	5	5	91	91	91	91
25	56	1	16	44	11	82	6
87	2	69	37	67	95	27	33
89	83	8	46	28	85	76	9
6	89	55	49	69	24	74	11
96	90	77	79	98	4	1	41
38	34	53	19	9	31	33	80
78	43	1	72	29	59	96	5
85	12	12	15	83	58	34	7
66	91	81	6	95	24	75	74
25	87	50	71	46	21	29	66
20	29	40	7	92	65	58	93
17	44	24	15	56	77	59	65
14	67	80	69	51	34	75	46
43	10	37	78	79	53	7	20
86	14	37	74	28	20	85	34
44	76	72	34	62	85	1	50
3	24	72	81	8	64	15	37
20	27	84	71	96	37	72	92
82	48	6	26	30	31	35	31
90	51	25	38	43	95	55	43
100	29	55	91	46	49	3	96
57	44	23	64	89	63	77	78
50	16	84	93	9	79	85	19
34	24	71	48	13	42	82	72
53	94	73	85	77	93	67	51
54	16	56	67	6	42	78	29
15	17	30	96	7	98	7	99
83	4	81	45	89	36	53	78
64	91	33	71	40	51	52	30
54	22	66	28	13	92	73	30
55	94	23	81	85	28	40	71
55	57	72	58	59	76	84	44
64	12	61	41	4	90	20	14
64	79	30	36	45	51	30	79
32	47	36	1	30	16	86	52
74	39	96	43	83	23	6	24
92	3	34	17	71	28	78	27
90	88	20	10	21	16	8	78
74	58	74	46	70	18	90	69
67	63	70	79	96	14	56	7
10	10	10	10	19	93	82	9
12	34	61	53	9	79	8	54
54	23	13	49	83	4	2	64
34	97	99	34	33	73	6	76
3	97	66	58	92	92	92	92
8	8	8	8	93	93	93	93
59	29	9	43	18	83	96	82
52	52	74	94	71	57	86	50
35	47	58	62	66	61	20	70
77	33	67	21	55	40	90	75
36	84	65	35	15	99	27	84
6	67	79	45	79	34	47	27
66	6	26	8	35	66	100	83
88	79	10	35	52	79	59	59
99	20	50	33	44	70	48	77
93	47	42	5	51	24	49	96
77	58	98	88	99	88	85	51
60	83	76	43	5	40	89	99
90	14	46	64	40	13	81	30
80	38	65	49	74	38	83	73
78	41	94	23	77	80	20	69
18	85	80	81	47	69	67	46
46	20	68	41	77	51	45	68
2	29	55	51	66	94	87	7
10	87	24	96	74	35	74	90
22	13	11	36	13	60	72	86
79	15	48	46	33	58	44	96
18	13	36	82	47	100	7	6
45	37	19	63	35	85	56	10
48	1	57	59	67	35	43	55
28	58	38	25	13	96	61	89
8	40	64	45	27	88	85	100
46	94	4	57	100	27	98	43
56	62	83	26	57	4	67	87
85	46	2	53	5	40	11	95
94	37	30	98	16	85	53	47
78	52	84	34	58	88	68	49
50	84	88	56	20	14	5	87
36	71	30	59	76	80	72	1
58	90	65	19	47	79	60	41
31	17	76	26	34	83	11	24
22	1	4	45	36	18	28	34
50	92	42	31	61	42	63	27
70	1	42	25	79	62	81	99
67	4	88	71	19	24	76	13
30	93	17	82	73	90	7	58
2	2	2	2	18	93	84	98
90	64	21	13	51	22	72	74
55	54	13	96	55	37	84	63
16	84	34	71	78	52	62	69
15	23	94	33	93	93	93	93
4	4	4	4	94	94	94	94
64	75	86	35	100	82	31	18
44	4	24	10	49	3	29	11
35	4	71	24	71	44	42	17
74	18	61	81	94	18	44	54
58	100	73	64	7	88	11	58
24	61	27	2	89	93	17	16
8	17	51	84	9	69	11	97
24	12	56	82	71	51	80	27
88	19	33	56	35	51	26	87
83	59	63	86	88	36	21	34
71	62	82	90	44	44	40	3
62	51	19	55	74	60	83	22
40	92	88	1	76	40	63	82
12	45	1	65	38	92	10	60
93	7	11	68	73	24	75	13
43	27	35	70	86	26	83	48
62	19	53	61	11	59	22	52
12	38	75	25	83	77	95	25
57	15	89	73	50	8	92	65
16	15	27	56	88	96	42	46
20	83	90	78	23	62	58	44
31	69	63	82	12	70	16	35
13	70	60	11	32	36	38	34
50	63	42	82	23	79	99	86
70	82	68	33	96	56	34	73
93	22	50	35	19	52	78	14
52	33	18	37	25	59	60	67
97	4	90	24	3	43	88	95
26	68	16	60	3	41	80	29
23	70	47	74	45	57	12	71
99	42	56	91	76	52	7	59
30	23	50	43	91	41	89	30
79	81	39	75	77	19	82	57
83	12	20	53	39	44	21	99
100	74	55	68	67	15	11	7
39	14	34	28	45	64	17	67
14	40	5	55	47	94	60	24
51	99	100	43	86	11	2	89
10	55	45	76	20	63	79	34
55	86	18	59	88	5	4	65
4	4	4	4	66	99	50	43
62	33	70	65	5	78	94	20
18	14	100	93	20	89	25	99
12	6	43	37	26	25	31	6
2	91	40	30	91	91	91	91
3	3	3	3	95	95	95	95
28	29	9	69	18	94	7	84
26	7	53	87	90	90	88	13
25	46	44	34	34	79	76	87
2	77	14	12	45	74	67	9
25	72	7	30	15	88	38	6
23	60	42	4	92	31	54	9
91	42	1	45	14	89	64	18
21	34	26	65	84	47	60	84
46	76	49	18	5	1	58	8
68	52	68	93	31	3	68	91
2	75	60	61	94	40	67	75
81	25	73	74	46	55	10	60
56	27	1	60	68	82	95	18
69	49	78	43	81	12	40	29
65	93	18	62	17	9	33	44
52	23	23	32	60	93	60	32
83	62	36	5	89	16	34	38
91	40	26	78	22	84	32	97
95	70	64	96	81	94	18	21
95	2	66	21	98	12	32	59
16	63	72	46	69	16	64	14
21	91	72	59	33	57	68	44
68	36	12	71	60	87	95	43
69	16	48	92	56	18	96	39
23	9	36	5	3	54	10	46
55	28	72	68	75	14	88	16
10	16	77	54	35	60	85	95
39	32	79	86	69	59	24	97
42	56	68	58	8	60	93	85
42	79	12	44	72	23	11	87
97	79	25	81	62	81	28	25
13	48	17	82	19	81	83	37
21	67	27	8	37	65	39	12
77	79	88	93	90	89	29	76
92	51	8	79	61	44	2	87
82	48	5	84	3	84	10	57
71	49	70	85	97	28	63	22
54	1	1	35	94	41	89	90
10	10	51	81	76	50	68	93
20	78	21	84	55	48	81	40
1	1	1	1	55	45	58	84
3	5	78	18	15	35	18	32
49	9	20	1	13	2	92	100
56	6	4	17	12	21	81	83
63	42	87	53	100	100	100	100
9	9	9	9	90	90	90	90
89	56	81	20	23	73	28	27
80	11	79	74	26	52	35	16
83	31	70	47	52	44	8	66
61	27	66	81	28	80	40	81
56	22	38	37	52	44	31	36
6	45	32	95	9	72	1	81
20	54	7	66	49	53	100	78
31	53	7	32	18	91	78	88
58	67	64	65	51	100	29	76
77	17	4	22	88	88	17	74
75	55	66	34	14	66	13	39
13	42	39	23	89	16	27	4
42	54	33	26	73	1	25	13
31	52	73	67	96	21	78	2
89	74	90	24	30	97	15	71
8	89	74	83	50	74	93	40
75	67	84	70	46	15	85	32
18	31	90	56	7	90	99	36
12	95	68	97	78	63	1	53
64	76	3	16	42	90	14	62
23	62	21	24	79	41	2	17
95	24	51	30	65	2	18	2
46	49	75	78	91	90	79	18
40	57	66	71	29	40	78	3
24	17	49	85	4	1	58	48
24	37	88	8	95	53	17	23
28	69	47	10	2	22	72	92
60	59	88	63	25	18	5	45
68	20	59	34	37	90	68	70
56	2	56	90	48	43	52	59
13	71	44	1	90	53	26	30
100	59	55	72	37	78	24	86
78	83	74	49	4	5	34	98
48	7	17	89	99	39	52	98
57	41	62	64	61	28	15	46
11	96	51	72	78	90	100	82
40	28	56	26	29	24	69	31
10	29	100	11	96	95	21	54
31	66	14	3	12	87	70	81
38	19	75	84	50	2	33	6
8	8	8	8	11	48	67	72
95	77	1	94	49	49	29	83
34	33	8	27	16	5	20	32
90	78	31	61	49	86	1	12
85	70	40	4	92	92	92	92
5	5	5	5	97	97	97	97
3	83	94	46	17	51	49	77
11	82	60	73	17	28	65	66
99	67	99	100	9	93	40	30
21	21	100	31	44	34	77	10
55	16	31	51	27	42	13	41
68	30	60	8	19	11	35	27
89	40	57	25	66	50	61	84
15	8	75	43	19	2	11	26
62	13	85	23	86	42	47	3
42	1	10	83	25	82	33	33
64	70	9	71	97	35	52	98
6	42	91	14	63	11	31	86
90	14	71	40	62	1	15	86
85	71	63	62	76	57	21	79
65	22	21	26	22	2	45	51
44	55	44	28	90	84	14	72
85	75	63	38	33	41	60	7
37	43	86	64	60	71	16	33
36	19	96	27	42	73	98	56
11	91	23	67	18	89	37	14
11	57	39	33	35	34	26	16
35	25	70	29	74	67	2	35
32	18	6	78	53	21	12	2
59	1	9	58	91	55	22	76
27	14	96	72	48	3	65	32
45	63	91	25	46	58	19	6
92	19	6	66	13	36	90	62
46	99	29	85	25	19	90	62
43	80	91	22	50	41	55	39
39	59	90	92	27	45	65	3
93	94	60	37	37	78	8	33
5	78	24	47	16	91	76	44
23	70	75	67	64	88	80	20
60	47	44	87	12	29	6	7
91	71	54	70	67	5	78	4
49	84	80	66	95	3	49	2
8	55	99	84	18	20	68	39
34	12	10	59	38	9	74	74
28	31	63	89	47	40	68	7
28	78	15	2	16	19	71	22
6	6	6	6	91	14	56	72
90	19	37	41	10	94	77	34
42	25	89	96	6	54	20	77
43	11	98	13	14	48	65	89
64	34	22	15	94	94	94	94
10	10	10	10	92	92	92	92
50	76	99	50	6	81	31	22
27	37	2	89	75	66	40	68
4	38	91	7	41	67	75	37
56	19	85	47	17	78	33	5
79	34	56	72	71	30	83	51
25	13	33	85	14	100	75	37
73	69	46	79	45	94	96	52
61	53	4	61	82	74	10	49
89	60	2	61	100	87	92	49
20	29	54	23	68	93	91	37
65	14	18	93	15	38	18	7
80	65	8	66	67	17	11	17
91	20	4	10	99	71	64	85
26	75	92	46	62	66	68	57
28	72	41	82	19	20	58	36
6	55	37	13	36	24	50	50
55	54	17	89	41	90	26	65
22	60	91	75	24	77	8	4
33	39	4	63	83	16	64	52
86	64	59	45	5	42	45	68
40	86	71	90	72	84	13	98
51	87	62	57	37	25	52	27
85	36	2	67	72	10	13	51
72	94	62	38	11	82	2	30
22	38	38	98	66	26	30	85
22	71	12	80	89	99	18	51
27	85	33	81	96	76	80	40
89	42	78	18	81	52	84	25
20	38	93	38	1	15	99	7
16	100	97	79	28	60	58	37
48	87	71	79	3	5	47	2
48	29	39	86	32	64	37	3
52	44	55	92	84	90	87	85
67	65	23	40	80	19	30	68
19	4	51	91	9	11	94	98
36	54	70	1	27	47	31	48
36	59	16	50	98	67	31	76
91	45	55	87	50	29	20	82
97	71	92	46	64	89	82	37
24	12	14	92	31	92	100	82
8	8	8	8	85	50	97	48
27	65	14	37	82	25	80	87
77	13	36	58	64	26	42	22
34	26	63	74	26	99	2	80
24	42	44	26	97	97	97	97
5	5	5	5	99	99	99	99
68	42	100	92	77	78	63	100
20	4	47	91	21	88	67	87
84	51	11	42	39	73	29	63
35	56	36	99	23	36	41	45
93	67	31	96	93	8	26	39
51	20	84	67	43	67	83	96
2	14	78	98	92	64	56	96
55	18	28	33	28	17	70	29
52	1	96	2	35	67	34	33
26	20	74	51	5	61	12	63
23	31	60	22	25	68	67	42
59	75	14	23	92	98	57	50
63	53	78	51	46	86	56	22
99	50	85	18	43	6	89	71
72	14	64	91	98	73	91	7
87	82	66	76	100	48	8	14
75	67	98	23	2	5	56	53
45	38	3	33	39	92	2	7
85	50	57	77	87	49	65	68
75	3	50	78	9	83	86	99
80	93	22	64	49	43	43	27
97	90	23	42	98	57	9	7
98	34	31	67	18	32	83	43
76	28	41	100	97	97	21	89
91	98	58	5	42	89	79	77
15	80	42	61	56	58	55	42
13	87	82	31	67	95	79	41
81	44	5	8	52	78	7	77
60	73	30	35	67	55	80	38
74	26	71	40	75	47	73	95
32	57	47	38	29	2	89	93
11	79	67	98	79	34	46	46
55	86	38	24	18	45	89	98
62	95	97	85	80	70	42	55
31	5	36	25	85	10	67	88
14	27	48	1	64	86	78	67
18	8	81	95	25	86	64	70
36	21	11	96	93	50	84	56
96	50	10	26	59	37	40	96
97	100	99	68	68	35	89	86
2	2	2	2	36	6	33	53
68	45	68	27	65	48	69	3
100	67	45	33	40	41	26	35
1	43	99	57	29	49	7	11
41	85	20	48	98	98	98	98
8	8	8	8	94	94	94	94
46	28	49	11	62	64	82	64
91	16	74	78	17	15	77	54
10	5	36	90	55	48	33	45
64	96	68	69	8	86	93	75
80	8	63	16	48	27	13	10
2	4	18	42	29	8	19	11
15	41	17	5	99	21	88	39
91	87	90	2	14	20	18	8
94	88	8	94	22	11	6	58
88	92	12	54	43	27	7	41
92	81	41	95	86	19	36	52
37	70	96	91	88	14	41	31
77	85	34	6	89	52	4	4
99	42	45	79	83	52	70	2
29	8	15	47	17	61	70	48
86	16	51	31	94	60	62	42
14	6	19	86	16	84	32	80
35	30	78	83	30	53	22	13
85	2	87	43	94	95	74	68
99	87	93	86	14	41	68	80
25	78	59	41	37	64	41	22
67	62	21	47	91	48	76	4
67	28	78	50	14	67	70	34
25	81	91	30	34	27	24	17
51	8	2	6	57	48	84	44
42	82	60	80	38	7	73	60
26	84	33	45	40	43	27	29
95	46	57	24	55	12	99	9
96	47	38	11	65	30	76	22
58	86	33	80	59	37	66	78
87	79	48	42	69	77	49	25
34	62	30	92	87	66	59	77
51	34	27	60	28	38	10	8
21	23	26	97	20	60	40	88
94	5	29	60	15	56	8	95
33	57	97	98	2	71	83	79
80	3	23	3	33	94	71	2
94	67	66	87	91	30	61	80
62	27	24	62	37	39	83	95
95	37	88	91	44	54	10	55
1	1	1	1	89	58	3	94
22	30	100	64	92	64	5	35
34	9	69	8	65	27	15	18
95	67	89	28	45	61	49	24
6	34	18	12	92	92	92	92
1	1	1	1	99	99	99	99
67	46	93	99	10	99	56	25
25	52	48	13	86	56	11	91
100	62	54	64	41	64	65	4
67	39	21	90	38	42	38	16
21	21	63	48	37	20	12	42
82	80	88	37	63	62	96	92
63	6	12	42	55	79	76	93
68	59	90	89	79	48	68	49
69	2	4	52	18	43	86	45
31	49	3	34	69	22	18	46
53	99	69	56	79	54	43	40
65	96	43	99	73	53	80	86
22	31	99	70	4	30	28	32
9	92	52	83	83	34	19	92
84	45	62	78	94	20	98	41
55	95	77	23	91	99	8	89
51	59	85	99	38	27	23	15
58	69	21	36	76	24	82	92
69	90	84	66	51	83	89	35
61	83	66	93	55	92	1	42
85	50	5	43	19	99	100	66
34	54	37	1	51	27	95	44
85	92	39	74	54	100	94	38
28	62	20	63	63	84	10	59
34	95	43	47	18	18	68	73
8	46	23	5	29	4	19	50
83	88	17	86	55	60	77	86
45	46	20	27	45	26	53	62
82	8	32	76	53	40	65	10
21	82	16	88	52	17	36	79
18	3	57	95	68	8	6	63
5	21	5	40	15	2	100	99
69	50	43	35	75	39	50	57
58	81	29	76	86	56	70	33
17	52	3	44	14	6	15	5
98	35	87	61	48	54	69	22
78	92	71	63	9	10	46	30
84	77	50	79	86	65	73	34
11	98	3	18	39	27	1	13
26	26	53	76	30	75	80	66
8	8	8	8	46	31	25	64
9	66	99	34	71	100	5	4
81	64	13	28	18	3	70	71
20	36	77	42	98	90	6	95
36	99	63	37	94	94	94	94
4	4	4	4	99	99	99	99
11	20	100	53	100	4	73	60
36	82	100	76	5	41	57	93
97	11	98	83	94	65	75	6
98	41	45	48	2	55	47	52
94	6	47	50	84	68	88	88
75	80	80	59	100	45	3	59
46	77	96	5	90	58	97	10
20	5	100	37	50	58	3	37
18	69	23	96	82	16	24	43
6	7	22	41	15	7	87	65
45	93	58	76	2	99	26	80
57	2	1	23	80	41	75	11
88	14	57	70	24	15	42	48
51	85	99	71	13	32	25	98
98	82	41	62	47	1	14	43
35	56	81	77	75	69	79	74
83	78	17	91	95	30	54	5
48	10	32	52	14	95	24	41
67	45	47	80	63	85	74	26
83	55	39	64	9	51	90	88
77	25	99	72	73	19	4	42
99	26	92	44	21	46	93	68
78	27	30	15	78	57	98	19
22	74	57	52	85	52	60	68
100	62	91	8	73	30	62	68
61	91	36	39	8	71	86	53
29	87	36	52	54	16	57	84
18	51	15	68	55	39	92	90
56	33	80	9	87	76	80	6
96	63	30	65	16	97	39	55
29	63	51	72	3	52	82	100
9	73	48	88	16	24	55	75
87	11	42	12	64	87	97	98
42	87	23	11	20	75	54	44
35	97	61	29	93	11	25	63
53	40	11	35	74	54	83	91
99	64	52	9	1	39	66	10
17	15	97	5	38	92	45	2
72	49	43	4	84	69	63	85
15	51	9	100	42	63	63	82
7	7	7	7	52	39	37	53
51	64	5	28	22	38	31	36
4	27	71	83	41	12	11	46
11	85	44	80	46	52	54	9
73	60	89	11	95	95	95	95
9	9	9	9	94	94	94	94
30	1	25	20	84	18	74	3
84	42	66	88	85	6	9	85
34	80	96	46	71	26	85	53
56	46	17	60	16	27	18	39
100	19	94	12	84	55	10	83
15	44	6	18	18	50	1	17
76	76	81	36	14	13	79	3
15	48	9	71	2	58	80	78
69	6	70	78	18	94	37	90
46	22	98	95	30	73	72	36
46	28	23	100	23	58	97	28
42	90	58	68	53	2	90	76
7	32	80	60	83	52	38	81
64	81	77	22	83	26	7	75
40	14	59	45	20	47	49	10
49	54	69	9	31	20	2	43
15	9	83	13	18	22	47	92
81	32	47	13	48	93	4	41
96	49	71	30	44	68	27	86
14	76	28	15	74	37	93	99
15	11	53	49	66	98	14	52
49	69	72	92	5	7	48	6
15	93	33	74	58	20	34	94
5	96	67	40	81	21	30	8
91	6	13	41	4	88	87	60
93	46	4	91	13	7	54	82
53	14	49	23	49	59	18	49
62	60	15	47	93	84	14	21
72	19	55	18	38	59	86	14
58	23	51	84	39	63	96	7
43	95	40	41	42	61	38	97
62	58	95	27	60	96	34	4
75	37	11	34	78	87	50	6
45	25	88	48	85	49	93	24
91	74	4	60	40	85	33	26
81	39	64	79	48	45	61	70
82	53	91	8	18	61	65	59
36	48	37	11	4	48	70	96
41	24	53	23	71	60	13	69
49	61	27	37	51	37	76	54
5	5	5	5	13	57	90	63
46	9	72	96	77	78	70	55
95	49	76	81	70	65	21	44
80	9	72	64	64	59	62	82
20	61	47	10	94	94	94	94
7	7	7	7	96	96	96	96
56	45	9	41	94	47	1	43
88	37	35	71	12	32	56	44
78	21	78	42	21	54	92	60
79	46	26	42	9	28	17	45
12	19	51	21	25	18	57	46
55	59	95	98	77	14	40	26
68	59	7	39	30	58	67	98
36	19	9	7	68	21	41	7
59	88	96	97	86	95	6	86
45	16	57	89	87	65	97	34
68	48	58	26	49	62	37	62
65	21	97	33	80	6	15	3
63	16	59	34	54	4	97	45
20	87	46	60	87	53	13	88
78	80	10	53	77	50	26	28
84	89	17	6	69	11	68	48
75	7	59	34	31	87	83	86
79	78	2	98	57	57	43	59
48	22	13	37	39	83	61	43
43	64	83	93	7	20	34	84
34	46	81	17	44	27	87	1
33	78	87	17	47	69	94	32
5	23	75	34	21	16	96	64
20	54	23	31	21	34	71	99
18	60	18	12	12	2	36	57
98	38	36	38	52	35	34	22
79	13	18	28	18	20	55	67
70	81	42	41	65	6	72	85
61	25	45	91	35	95	24	60
3	10	16	42	61	55	12	78
82	98	65	28	59	78	99	49
100	67	17	61	65	29	30	76
83	99	31	85	84	37	22	92
98	32	47	49	6	80	68	40
51	87	72	57	57	53	5	84
5	82	93	56	9	3	22	33
39	34	76	32	82	44	15	3
6	5	11	28	84	22	49	38
34	3	38	47	13	92	35	64
22	62	35	84	66	46	92	35
8	8	8	8	33	83	42	62
16	91	40	9	77	78	82	100
3	52	43	71	84	47	38	28
18	85	41	63	8	35	70	57
55	67	1	55	90	90	90	90
1	1	1	1	90	90	90	90
81	56	72	43	62	19	72	38
50	63	50	24	16	9	66	33
84	90	82	48	82	62	46	70
23	80	1	85	94	87	6	14
2	18	29	17	25	77	13	48
18	44	71	28	86	45	3	46
62	32	49	81	96	57	71	91
10	82	94	16	46	64	79	46
26	15	10	37	18	100	69	21
49	76	81	99	86	6	37	37
75	63	83	41	33	8	40	1
89	16	74	64	64	22	27	85
57	48	65	65	94	69	76	83
95	13	3	59	78	87	2	75
38	27	72	41	28	60	3	44
31	38	67	9	91	5	71	21
22	72	75	15	58	26	41	75
18	90	16	44	71	17	49	52
45	68	58	28	22	27	11	82
56	25	89	18	28	95	1	58
95	32	81	47	39	20	2	86
100	97	16	13	31	39	94	48
10	34	37	96	74	31	42	65
68	45	77	68	90	66	36	85
75	86	55	80	1	86	60	45
84	93	49	93	45	91	25	21
21	48	32	11	90	75	66	24
76	21	25	58	89	42	58	36
81	67	37	97	35	56	99	4
3	95	25	42	2	52	16	42
15	34	11	61	96	29	35	69
85	54	38	54	57	42	7	93
65	9	99	59	5	5	61	15
21	52	60	70	38	36	92	91
74	36	93	70	56	33	86	34
57	27	11	80	6	22	92	50
41	30	22	19	54	16	9	77
86	28	70	100	43	65	4	32
6	45	50	98	44	93	57	43
74	26	58	80	95	3	7	21
1	1	1	1	85	40	2	3
94	65	57	38	20	83	8	60
45	64	5	52	49	88	58	19
51	9	60	22	88	73	60	93
46	35	4	73	92	92	92	92
9	9	9	9	96	96	96	96
31	30	45	53	84	80	44	64
75	91	44	23	78	54	97	76
33	67	88	12	67	98	5	17
1	43	13	26	1	100	37	33
25	18	29	87	7	73	66	19
88	39	68	81	82	19	43	55
33	37	62	71	67	59	30	4
21	33	86	63	70	41	31	40
40	7	98	19	82	45	45	92
84	43	38	20	43	54	61	28
83	33	45	2	88	99	83	91
46	2	59	83	10	81	52	87
80	89	84	65	31	11	11	72
13	17	71	15	62	4	35	97
22	88	53	91	42	44	20	35
34	81	89	31	63	69	46	80
46	81	20	15	64	67	95	48
49	22	3	26	90	49	14	29
44	24	67	81	100	4	13	5
8	7	26	1	18	10	85	39
55	60	13	43	84	4	22	61
38	89	91	53	23	2	90	77
48	55	15	16	63	40	58	7
3	41	5	71	30	6	51	14
36	38	3	33	33	52	77	89
19	22	12	26	98	5	71	75
63	2	57	70	48	38	26	75
8	44	62	8	37	4	85	76
92	97	21	36	36	11	26	40
46	67	2	35	56	34	50	41
67	1	72	62	75	65	18	61
68	60	90	12	62	64	49	27
41	23	34	90	69	24	60	40
69	54	69	84	100	93	100	97
75	55	62	8	55	82	81	54
12	57	41	25	76	92	84	99
48	72	73	63	89	53	9	17
89	15	6	97	47	48	71	20
28	65	35	65	40	98	9	76
67	32	51	66	52	25	63	6
2	2	2	2	38	87	3	75
36	56	57	70	68	48	22	34
19	57	37	55	37	83	6	45
1	35	76	91	13	63	35	50
87	54	71	52	92	92	92	92
10	10	10	10	98	98	98	98
28	92	43	62	88	87	88	92
4	8	90	86	97	23	42	46
33	68	74	98	66	94	10	47
24	35	74	5	50	20	33	61
6	93	51	56	89	64	50	3
66	44	19	80	53	89	25	13
50	32	99	83	15	35	69	86
75	4	24	89	100	27	58	96
39	59	20	62	84	80	3	70
80	68	91	47	100	17	33	21
41	11	19	91	81	80	9	62
43	91	96	86	87	12	95	69
99	93	1	74	32	17	28	84
8	22	91	43	5	68	63	3
34	58	27	31	96	26	12	95
62	64	56	6	7	31	64	48
10	74	72	25	27	43	24	80
45	70	25	62	66	47	31	76
61	51	2	13	72	63	51	8
20	52	73	34	59	28	53	11
24	47	77	42	90	29	99	25
67	43	63	79	65	12	42	100
43	15	50	22	52	39	32	92
66	46	90	70	77	10	87	43
56	70	22	26	56	55	46	33
76	45	37	95	68	94	69	10
95	64	88	23	69	71	40	11
78	94	25	88	84	59	56	23
19	40	39	2	96	14	71	4
54	15	87	71	82	89	18	14
30	100	55	74	71	53	74	50
62	22	79	58	97	49	5	98
84	77	17	63	71	46	88	46
61	60	56	36	46	92	63	21
22	8	76	94	84	83	21	31
67	60	81	12	58	73	24	85
97	55	4	80	77	67	88	4
91	34	47	16	39	88	47	68
47	79	30	93	2	9	17	12
90	96	59	68	55	23	25	42
1	1	1	1	94	88	7	15
49	6	16	89	62	44	64	5
60	6	30	5	26	3	65	61
32	13	63	99	59	98	68	56
46	92	96	68	91	91	91	91
1	1	1	1	98	98	98	98
96	50	20	23	42	55	62	67
84	6	43	78	50	86	20	44
52	14	70	90	97	65	88	65
3	85	84	22	76	81	87	28
41	37	66	64	35	5	16	43
13	31	70	4	42	39	26	41
72	91	1	63	89	61	39	49
21	86	66	6	32	63	85	11
2	98	89	1	86	24	52	56
14	65	88	97	54	11	94	1
74	23	18	7	49	73	51	41
12	84	39	25	78	96	27	89
47	43	52	54	28	90	7	73
57	18	83	82	74	98	57	37
60	70	66	75	72	22	95	54
29	59	35	99	78	60	6	43
1	94	39	49	48	71	76	35
65	7	97	96	34	45	54	97
73	35	37	28	68	51	18	71
91	22	58	79	6	87	15	93
31	36	32	31	39	31	74	56
48	88	53	96	54	30	99	15
24	17	17	35	53	47	69	64
18	14	53	7	74	84	92	44
10	13	95	98	8	48	4	73
47	53	69	63	53	84	24	87
25	83	31	17	32	79	14	8
90	71	3	54	66	32	67	11
63	80	98	89	79	81	86	57
9	21	6	57	79	32	59	36
77	82	98	15	1	23	1	19
26	66	8	38	37	65	99	32
49	43	57	58	49	85	31	74
77	32	50	45	33	59	1	65
56	20	6	71	57	36	35	78
95	26	3	60	2	16	89	16
10	93	28	22	65	33	5	59
1	90	53	77	17	67	69	16
50	78	74	86	13	19	47	6
45	36	8	34	87	3	86	14
10	10	10	10	100	7	36	56
72	74	7	68	83	85	1	16
41	3	91	80	91	60	66	27
2	60	10	80	49	46	100	27
49	62	24	18	94	94	94	94
4	4	4	4	99	99	99	99
30	46	48	86	13	10	95	18
79	44	20	97	65	7	70	28
30	54	43	23	97	79	95	88
74	80	52	51	16	49	44	6
31	90	12	40	65	44	36	92
22	39	55	35	25	63	76	36
89	77	65	30	34	75	100	4
50	18	51	96	9	15	22	53
5	8	3	87	77	58	33	63
68	68	47	57	12	85	17	28
65	18	30	72	26	16	5	20
31	88	35	92	88	14	5	41
42	19	19	33	64	11	43	57
46	92	47	29	7	22	86	22
72	96	26	97	70	85	43	47
100	74	99	50	90	30	86	71
12	13	58	27	68	49	85	20
37	54	77	75	28	19	51	30
25	74	97	47	90	69	93	62
84	40	28	11	100	63	87	70
67	54	20	86	19	47	6	59
83	57	53	86	80	35	58	7
8	82	50	22	65	62	23	82
86	100	95	83	5	9	43	18
20	13	31	67	13	67	48	78
45	61	94	21	43	37	57	68
66	4	78	93	7	36	68	39
16	19	78	21	92	91	36	59
21	42	59	87	29	41	55	38
5	56	47	29	83	62	65	10
31	54	14	89	22	68	36	53
46	57	79	41	7	31	99	69
27	28	78	3	31	10	31	28
70	13	91	95	70	47	66	67
24	78	82	33	53	17	84	43
58	59	47	38	10	49	83	47
13	14	42	67	66	100	30	22
82	96	80	86	95	29	12	41
55	97	36	68	10	74	1	27
84	6	21	77	99	44	54	63
2	2	2	2	93	93	38	100
14	94	4	58	16	79	45	58
41	75	99	50	41	4	55	71
96	16	99	50	92	39	21	97
64	87	90	59	92	92	92	92
6	6	6	6	90	90	90	90
65	76	96	10	12	57	100	56
43	13	84	34	95	58	57	61
54	34	67	54	13	59	21	32
38	17	48	89	18	19	49	11
18	47	24	81	17	4	10	89
98	39	71	49	8	42	74	19
32	13	75	31	77	6	38	7
84	98	82	3	74	54	40	86
50	93	63	4	81	52	13	18
58	20	40	1	60	40	43	64
32	58	26	50	66	73	47	49
59	61	58	64	44	12	66	67
5	33	61	7	79	45	8	37
74	41	93	31	31	17	11	29
8	69	2	83	79	75	63	48
54	93	43	56	29	8	53	48
1	57	76	70	31	6	40	2
97	8	60	85	45	90	45	49
38	92	95	21	1	67	55	20
65	5	86	74	74	5	63	30
86	26	22	64	75	23	53	89
76	70	18	2	69	15	61	94
21	1	89	78	27	76	83	48
92	66	89	92	28	97	60	40
52	20	63	2	7	83	97	91
12	62	9	76	26	58	21	40
24	2	89	31	48	77	76	64
72	94	48	5	50	71	14	98
90	49	38	10	17	40	47	68
75	56	90	46	27	33	20	70
37	96	85	48	34	78	77	6
90	97	5	68	4	65	47	33
40	93	73	7	14	61	42	100
41	73	63	98	42	5	31	1
87	18	34	78	39	58	17	55
87	36	3	68	57	96	90	81
17	95	3	7	6	5	7	44
98	53	94	22	98	77	12	13
98	57	4	64	35	15	13	90
25	56	47	63	57	77	30	28
9	9	9	9	78	22	70	19
46	80	33	54	6	52	11	89
60	36	31	46	63	78	44	43
15	61	47	73	18	72	93	89
68	25	80	91	98	98	98	98
4	4	4	4	97	97	97	97
61	43	37	56	46	3	32	81
79	96	3	14	92	53	11	44
23	84	1	70	86	27	84	35
67	93	32	87	56	9	37	49
63	27	57	68	70	53	9	95
45	27	17	12	38	90	72	14
64	18	57	38	42	95	6	100
16	14	38	39	52	56	56	56
14	98	14	60	79	7	61	30
19	93	11	96	80	84	43	19
32	30	12	35	73	78	67	10
60	70	56	29	8	92	53	76
61	64	27	96	11	74	18	17
83	91	16	91	2	7	4	17
80	76	57	68	93	81	81	8
12	13	81	4	13	22	15	47
73	58	69	67	86	14	34	14
30	17	26	96	60	72	18	50
26	24	9	28	35	11	82	72
77	48	25	59	72	78	79	47
15	87	47	58	74	66	99	39
2	18	98	46	68	72	78	40
76	50	68	23	56	73	14	79
47	80	4	81	57	89	67	2
82	53	24	8	37	75	36	42
100	37	54	28	99	27	37	70
52	9	63	89	23	80	58	86
30	75	90	74	16	58	41	38
23	40	12	15	84	95	97	47
9	1	88	32	71	66	36	49
84	94	53	47	26	68	96	35
8	85	2	68	50	25	88	40
2	67	87	85	18	49	61	86
76	55	23	13	17	62	18	71
51	60	29	31	60	74	57	66
45	12	21	38	99	56	4	74
32	92	65	55	3	50	59	17
62	2	21	96	29	72	45	61
51	5	38	56	46	36	54	15
61	89	15	63	74	89	24	47
3	3	3	3	58	18	19	73
77	48	58	61	33	1	83	64
100	61	97	66	50	43	80	10
22	85	73	54	38	79	53	61
94	35	27	39	100	100	100	100
1	1	1	1	100	100	100	100
51	97	93	6	64	92	16	65
96	90	48	46	98	99	99	36
38	22	71	67	16	55	30	60
20	96	22	20	42	66	20	55
17	90	87	53	64	23	11	49
79	64	51	69	99	74	33	90
78	31	34	39	50	74	72	19
61	57	88	23	36	42	91	25
39	97	86	13	96	2	68	50
21	40	28	49	39	93	40	80
92	63	92	37	42	55	91	21
76	19	32	51	69	84	62	67
52	13	89	21	97	55	42	54
33	11	13	4	67	70	16	2
2	40	73	69	88	85	81	4
12	44	18	77	41	55	48	86
36	90	2	42	83	84	49	71
54	58	85	44	99	4	83	17
18	95	79	30	9	70	21	79
86	16	93	52	44	3	51	22
8	79	55	77	51	18	50	15
84	17	40	8	45	94	71	19
77	87	45	25	18	47	39	59
22	28	82	1	50	35	66	22
42	45	53	17	26	48	16	87
41	58	1	73	99	66	78	74
83	50	53	14	54	14	42	65
36	56	31	32	99	11	95	23
22	32	52	92	10	10	27	62
100	25	93	18	27	4	17	62
32	44	30	28	77	27	28	82
65	40	47	90	7	82	19	59
66	6	42	91	40	65	50	34
47	37	9	5	55	90	23	79
46	38	97	38	59	75	85	53
75	45	98	90	80	25	67	12
33	89	47	1	6	65	65	52
99	12	62	72	14	66	51	76
52	59	44	66	95	91	46	83
85	40	47	32	91	42	98	62
2	2	2	2	8	72	54	97
30	41	43	66	75	9	78	25
54	43	69	64	75	27	76	39
49	21	26	41	17	81	26	57
67	2	99	31	100	100	100	100
2	2	2	2	91	91	91	91
93	54	61	25	71	6	64	17
76	94	38	16	97	93	35	84
13	53	62	29	45	28	89	26
60	74	10	59	24	39	80	17
70	14	36	80	65	33	88	52
81	41	47	33	41	73	21	53
46	36	3	5	76	46	10	50
58	23	69	15	13	42	89	84
73	97	83	11	49	80	54	63
86	71	40	65	80	25	77	3
35	58	54	39	43	79	83	13
58	89	93	19	93	71	53	10
34	95	27	50	74	17	86	7
16	62	45	86	52	22	70	44
63	90	90	36	22	62	5	68
45	47	68	36	68	38	9	73
87	99	76	51	62	15	19	89
72	95	79	84	18	1	80	18
53	53	32	49	50	39	62	84
8	1	3	53	46	57	62	92
64	1	23	5	87	44	59	81
75	9	29	9	26	76	53	21
50	7	70	10	68	27	8	40
7	90	59	53	61	2	48	69
21	52	6	6	6	60	84	92
91	43	62	30	17	81	69	99
68	59	51	39	63	72	27	80
47	37	13	62	66	85	5	62
80	4	56	98	85	48	17	56
81	21	10	32	89	72	98	74
81	3	63	54	15	29	42	34
44	85	62	31	94	64	65	40
57	5	62	60	53	76	76	80
79	34	20	47	100	81	50	73
26	30	26	86	98	86	10	12
37	40	94	95	28	90	99	84
30	13	32	71	25	40	50	23
16	36	45	32	87	63	29	72
53	86	4	69	82	76	76	80
5	9	96	99	50	97	30	89
5	5	5	5	40	26	60	40
41	84	32	35	26	11	84	24
34	64	54	18	97	32	2	50
13	49	36	93	90	38	17	92
65	95	43	33	94	94	94	94
5	5	5	5	90	90	90	90
11	61	77	44	87	57	59	88
77	10	8	80	44	39	37	65
47	35	66	95	34	63	50	48
50	59	73	5	18	45	78	87
87	72	86	74	91	73	79	65
45	50	93	76	91	82	76	91
22	49	78	6	88	74	78	29
38	4	7	67	83	62	93	1
72	88	59	26	6	84	73	49
50	59	83	99	52	51	64	10
49	85	97	38	14	55	84	7
85	30	87	64	10	60	19	84
79	31	45	12	5	42	77	67
72	45	40	51	39	52	54	74
65	57	59	78	75	69	61	15
79	9	62	38	9	23	11	26
22	30	66	59	90	11	50	42
25	42	87	74	15	70	22	83
26	42	96	60	65	21	1	44
81	18	61	64	31	67	100	14
23	47	84	8	22	81	96	99
4	72	89	86	97	47	74	63
72	99	81	85	92	90	99	87
14	99	73	64	36	92	43	25
82	52	93	52	49	21	13	58
23	46	39	13	92	54	2	94
58	81	42	69	97	65	60	43
51	50	73	13	42	49	3	48
99	93	48	69	18	78	26	94
24	65	22	80	34	12	49	82
86	25	20	40	41	72	87	32
39	60	72	38	84	84	40	43
48	10	25	37	74	39	77	95
18	78	65	68	20	32	78	62
56	100	7	43	12	99	60	100
69	64	19	10	85	52	8	88
5	96	12	42	80	76	11	46
67	62	85	62	87	49	91	90
8	95	75	19	83	87	72	55
26	31	44	40	12	63	76	4
6	6	6	6	27	59	92	92
37	27	73	82	42	59	99	68
51	46	10	83	24	65	50	48
86	86	90	18	70	64	81	92
93	97	19	81	90	90	90	90
4	4	4	4	99	99	99	99
29	28	31	86	65	17	60	33
99	31	29	76	85	56	51	53
36	67	55	29	57	38	17	49
56	88	14	96	66	7	20	34
72	61	46	51	8	17	79	30
49	61	70	95	4	62	8	36
25	60	10	39	90	29	74	92
47	21	14	72	87	93	75	71
59	45	70	47	66	36	35	68
52	51	76	35	5	85	34	52
57	67	31	44	73	5	86	1
81	77	81	92	48	5	92	36
42	48	11	18	92	53	6	88
29	68	49	50	48	97	85	37
91	10	44	64	73	48	54	29
22	89	17	79	68	73	31	14
80	7	45	60	81	16	69	21
68	33	82	48	4	31	26	58
15	80	91	13	53	19	4	79
50	38	28	16	63	43	88	70
26	29	83	79	55	35	68	97
68	52	58	27	81	52	79	9
65	12	6	24	71	34	72	61
58	85	35	98	80	70	11	3
22	5	25	53	69	26	31	1
10	5	14	40	4	95	76	3
33	31	88	83	2	39	19	76
53	97	96	71	27	34	50	28
98	47	49	41	83	95	68	39
85	25	6	66	57	16	83	100
8	72	82	62	59	48	92	38
17	28	39	22	32	4	56	56
68	34	64	4	31	47	38	53
63	40	87	83	60	20	94	65
25	83	65	22	64	7	4	29
52	81	17	50	62	50	44	36
19	41	58	72	41	69	72	78
1	78	13	36	33	54	14	12
15	4	6	60	53	68	26	66
2	73	80	65	57	42	32	1
1	1	1	1	16	64	10	95
95	33	21	47	29	30	83	7
81	92	97	27	46	33	28	86
11	29	90	14	85	94	1	80
17	41	57	91	96	96	96	96
10	10	10	10	93	93	93	93
3	89	82	99	12	60	51	29
41	43	75	84	14	60	62	40
1	25	9	13	37	33	15	96
71	100	4	15	21	82	86	60
33	18	60	35	26	77	93	81
26	61	67	18	75	22	100	22
66	82	10	6	54	21	85	80
75	57	21	22	2	54	71	78
83	24	44	2	8	55	3	69
3	23	63	42	51	94	14	19
18	71	30	15	29	20	16	84
21	96	35	22	72	59	62	8
95	32	63	63	34	12	100	99
83	33	84	87	62	70	58	86
26	41	82	75	87	3	97	6
29	13	59	81	55	36	21	90
10	70	55	86	70	82	19	6
83	76	28	12	82	47	64	12
73	20	85	18	15	85	8	95
71	49	58	72	89	38	8	28
82	44	72	74	97	7	43	98
3	50	4	63	65	61	99	49
52	42	35	82	61	74	56	7
86	36	5	90	80	17	100	97
51	90	32	80	51	61	68	62
4	97	52	36	74	47	3	28
43	11	48	85	4	53	27	21
64	54	85	77	16	44	32	66
13	8	61	9	48	91	15	62
5	79	58	78	87	65	74	22
56	50	15	55	70	89	57	94
14	12	2	99	33	44	31	36
45	28	5	76	34	26	71	99
43	64	28	78	84	82	18	91
60	54	13	75	16	4	50	30
12	56	62	81	83	82	92	58
99	24	37	39	26	71	91	23
54	91	60	58	59	54	67	96
35	2	71	30	91	51	84	67
93	25	53	96	15	60	65	3
4	4	4	4	54	5	34	81
89	52	15	100	88	3	40	17
3	81	76	15	31	54	20	52
39	68	25	40	42	21	4	21
73	29	100	69	96	96	96	96
7	7	7	7	92	92	92	92
64	45	39	29	30	55	34	67
29	27	23	48	20	29	89	20
68	11	33	19	13	54	36	53
47	49	55	28	52	100	15	92
56	74	33	45	41	28	62	20
4	78	42	50	58	90	54	33
84	74	65	1	92	67	33	76
73	77	82	71	3	12	95	45
5	8	59	25	21	82	98	15
17	41	1	59	36	90	65	63
39	43	42	48	55	61	95	13
45	34	11	82	85	30	52	36
62	91	35	98	37	64	79	22
4	95	58	85	88	4	25	7
50	26	92	13	97	100	11	85
43	75	77	25	47	64	42	82
5	75	76	56	54	20	92	73
88	90	83	4	32	58	41	43
7	8	14	90	81	94	98	31
90	18	11	7	25	42	40	88
2	80	21	16	54	2	26	37
83	79	58	57	89	82	10	31
95	57	80	92	2	61	61	98
38	92	69	76	9	15	44	80
87	38	34	23	37	70	71	32
40	38	62	19	7	31	64	40
44	24	27	75	71	53	37	93
87	28	30	22	2	66	84	74
31	93	88	48	59	37	36	87
50	74	94	18	17	34	20	22
75	49	26	68	68	80	40	47
14	52	36	4	6	4	100	10
85	5	22	68	90	10	71	27
41	96	37	82	35	70	69	76
21	30	80	85	64	97	60	62
58	28	24	29	31	47	98	35
64	73	44	14	82	97	7	27
51	86	28	23	50	28	58	90
93	73	94	34	14	1	16	93
87	59	30	20	28	7	24	7
2	2	2	2	72	93	41	36
51	50	91	74	74	40	87	25
65	65	69	40	97	48	88	21
26	6	18	56	30	93	46	60
35	31	71	56	92	92	92	92
10	10	10	10	90	90	90	90
92	100	52	92	20	7	86	22
71	30	47	1	85	84	30	92
62	97	72	65	86	91	58	12
43	57	64	52	87	74	79	90
3	50	59	67	70	19	53	63
75	4	50	6	42	3	22	10
48	65	58	17	1	86	1	51
89	46	13	23	43	10	4	7
94	80	19	85	3	85	44	20
33	44	55	40	77	29	18	60
93	12	23	71	95	75	39	20
61	86	51	24	11	47	91	78
67	16	64	84	61	65	77	88
40	72	93	78	71	72	65	82
48	46	18	91	67	47	100	47
35	46	46	12	86	70	75	78
96	76	50	57	17	19	86	11
72	34	63	75	77	55	46	65
18	68	47	72	17	81	34	34
1	28	27	1	84	87	78	40
28	76	34	51	2	59	69	19
48	93	34	95	82	6	27	92
10	9	8	88	9	69	8	74
69	82	32	1	23	79	94	21
97	2	21	71	33	82	62	69
68	38	90	90	26	11	15	6
55	44	78	94	84	89	16	8
90	47	34	84	14	43	100	65
70	57	9	37	13	21	23	71
24	27	13	46	18	27	62	18
70	23	34	2	47	3	91	90
87	75	67	55	55	13	86	35
26	97	78	57	85	8	97	30
20	97	17	2	45	53	38	100
27	12	82	30	89	1	80	46
66	21	5	52	10	74	39	31
36	75	64	72	24	1	92	87
67	27	66	10	12	97	94	75
50	44	98	76	5	34	52	19
60	33	26	53	1	56	88	89
8	8	8	8	64	72	36	77
79	61	95	29	14	11	3	78
3	37	62	4	39	67	57	55
43	56	98	57	36	15	78	62
61	70	36	28	91	91	91	91
1	1	1	1	95	95	95	95
12	93	88	25	32	21	31	22
96	58	62	73	90	53	44	14
95	63	76	62	12	50	30	1
93	16	72	9	6	22	42	50
20	19	53	52	44	55	45	55
25	45	67	6	68	71	94	89
89	16	57	43	23	52	70	52
66	27	8	96	9	45	82	34
22	14	76	46	62	1	62	48
97	47	17	29	23	97	69	39
92	14	59	31	13	77	51	68
70	37	67	18	70	18	22	72
24	37	77	51	34	22	34	18
36	13	31	43	70	12	29	17
77	79	73	8	64	17	86	81
22	28	77	93	24	49	36	52
93	92	52	75	100	13	43	94
71	92	71	2	86	23	100	32
16	11	69	1	10	1	80	89
7	24	67	24	96	77	92	24
4	53	69	23	56	39	42	32
18	8	14	3	98	68	55	47
21	25	25	1	62	81	57	42
99	30	54	33	8	31	16	51
15	73	76	59	32	74	12	64
41	68	75	92	95	40	21	37
57	52	2	84	51	37	65	23
61	68	33	25	76	67	34	99
91	22	63	89	27	34	91	8
1	51	63	37	91	81	100	78
100	62	61	3	51	93	75	49
11	48	91	16	73	43	81	77
33	5	49	38	61	57	82	86
1	90	87	57	86	45	98	18
45	22	11	72	35	24	29	82
88	31	25	97	45	14	68	48
25	2	76	64	7	13	64	61
11	57	83	81	99	10	75	69
90	35	69	56	89	63	42	1
67	65	21	24	27	67	57	55
7	7	7	7	5	35	64	67
62	56	96	52	65	94	56	10
71	66	62	74	66	58	57	79
7	65	28	31	64	20	87	59
55	78	28	24	91	91	91	91
7	7	7	7	99	99	99	99
2	41	92	87	78	8	37	72
18	69	36	1	50	31	1	62
71	93	86	57	16	87	7	81
25	49	17	62	100	40	89	69
2	34	3	37	88	75	57	89
64	48	30	40	65	41	29	73
45	11	15	19	77	91	61	13
60	84	58	34	55	26	71	70
78	31	32	10	76	83	83	30
38	54	9	88	23	82	24	8
62	67	11	17	88	73	48	50
100	22	68	27	73	60	14	17
21	88	86	39	93	24	64	100
64	36	64	73	30	90	6	2
20	90	66	19	97	59	4	88
37	6	44	33	98	70	80	84
67	71	43	16	82	98	84	8
97	49	79	80	95	9	51	46
81	63	88	69	87	6	65	86
51	73	6	13	28	90	91	76
31	92	60	7	64	50	27	78
15	26	2	32	29	2	79	30
14	42	39	70	48	87	95	37
50	18	48	2	98	53	49	92
97	26	75	18	98	93	61	21
57	67	1	71	12	12	33	20
7	94	67	4	23	83	11	8
83	46	18	18	76	31	86	90
60	34	100	15	53	46	1	50
52	25	17	90	38	12	50	8
41	49	50	43	91	54	41	71
71	59	51	48	10	3	4	69
29	41	4	29	35	68	76	6
39	54	87	44	10	43	99	82
3	48	86	30	31	26	17	46
86	20	33	37	52	73	29	5
40	41	69	4	95	22	73	22
49	54	64	77	76	44	11	21
78	72	12	75	24	67	13	2
46	13	77	58	67	62	92	97
2	2	2	2	44	27	4	89
12	18	59	1	24	13	4	88
50	6	98	3	23	2	19	90
15	78	86	76	77	8	14	32
15	76	18	16	95	95	95	95
3	3	3	3	97	97	97	97
7	85	49	45	60	74	69	75
26	27	23	3	70	19	99	98
29	78	30	57	18	82	92	60
54	66	76	69	4	54	53	46
26	83	41	30	90	82	90	61
83	13	70	83	54	88	45	6
4	86	85	72	97	28	11	32
60	54	39	45	100	97	42	51
39	94	56	38	83	59	23	93
48	18	42	90	20	76	26	6
69	97	69	51	27	56	65	46
65	61	59	71	86	86	4	36
75	1	61	4	84	16	81	17
9	97	42	66	80	7	59	87
92	44	68	7	7	32	90	41
10	5	33	43	78	24	41	42
39	90	72	26	23	93	33	6
12	78	93	34	1	45	56	18
46	61	78	95	8	91	64	79
74	36	40	6	62	20	29	42
80	12	76	14	77	9	9	68
45	71	53	1	55	8	43	65
33	11	53	48	23	18	69	94
10	54	51	38	3	60	74	22
52	79	37	78	18	3	77	70
51	73	17	16	9	55	7	25
75	70	16	75	44	11	32	68
89	7	82	40	7	89	40	61
85	97	56	29	72	70	34	78
56	19	85	59	25	75	13	47
60	12	2	87	83	93	76	5
63	30	11	98	82	83	91	40
48	21	82	100	40	21	26	19
2	94	33	26	9	43	23	28
33	76	57	3	69	74	99	82
29	85	89	92	64	97	12	35
13	9	3	36	40	42	91	49
96	76	95	26	82	88	82	97
14	28	5	27	76	23	14	42
12	77	55	57	43	7	66	5
3	3	3	3	72	46	94	35
49	90	1	91	29	97	86	64
70	4	32	38	96	26	60	80
48	39	25	63	37	7	56	86
52	32	4	11	92	92	92	92
8	8	8	8	95	95	95	95
63	16	84	87	71	97	84	25
85	16	39	46	77	60	28	45
22	81	54	69	21	29	32	50
45	56	23	53	16	71	66	45
24	59	53	21	12	14	19	34
62	77	57	59	8	90	79	94
65	82	77	26	37	85	90	28
69	89	3	97	4	3	15	81
23	21	3	76	95	33	74	14
41	65	24	26	18	95	29	46
94	6	38	92	50	47	42	83
69	61	18	77	57	51	63	32
8	59	42	66	67	57	73	79
17	39	38	94	35	65	45	62
49	73	8	91	42	22	84	4
98	2	14	33	37	62	96	1
47	71	62	38	45	6	84	67
7	84	61	87	57	12	11	45
1	62	3	10	41	70	62	17
14	88	1	65	5	18	52	27
64	33	93	100	47	15	12	95
66	37	38	18	3	7	58	55
73	38	72	78	65	71	70	78
78	25	91	77	34	81	58	58
18	97	8	19	2	68	22	68
100	34	56	13	52	87	81	96
84	63	17	96	72	83	99	80
85	84	90	60	23	77	86	79
29	12	92	92	61	65	59	22
45	92	41	31	41	92	43	12
81	58	54	94	72	26	23	30
24	24	88	69	3	31	56	4
43	29	67	19	8	27	60	22
6	71	57	33	53	55	79	55
21	38	74	59	77	82	17	46
41	25	27	34	50	3	85	63
9	59	80	56	65	45	52	34
41	50	94	16	19	76	9	100
20	38	98	97	21	34	53	86
9	17	41	44	5	14	12	57
10	10	10	10	56	24	97	41
92	7	24	76	18	87	37	18
89	41	6	98	11	47	73	8
85	7	41	20	91	30	37	34
86	8	7	43	96	96	96	96
6	6	6	6	92	92	92	92
10	11	67	97	3	62	41	56
4	72	98	96	5	53	65	18
10	5	52	33	76	42	2	58
71	27	14	19	89	56	75	71
74	77	43	100	71	86	9	28
19	37	72	6	24	35	48	4
15	96	62	56	11	46	91	45
9	28	26	35	58	28	18	96
4	44	7	60	18	74	20	78
25	86	15	56	36	97	72	12
20	71	66	77	14	21	36	98
48	75	20	99	72	94	95	52
44	69	33	42	87	72	69	20
1	85	71	46	95	58	36	49
85	52	17	45	13	87	39	78
40	42	19	67	15	65	79	56
91	49	74	16	46	59	80	36
13	37	26	82	91	19	65	86
17	35	76	95	15	25	97	2
11	67	6	30	39	99	3	1
28	87	21	75	50	7	8	41
17	49	10	58	84	87	58	17
7	35	69	51	82	26	20	16
42	73	62	51	54	18	14	60
52	39	5	54	80	58	73	2
65	62	96	20	53	8	11	58
54	16	36	46	21	28	37	53
53	20	35	57	45	37	39	65
1	71	28	68	35	17	30	69
75	14	93	60	63	35	69	41
76	43	74	77	7	30	24	15
19	83	61	1	18	35	63	89
19	59	38	67	3	91	44	22
12	69	10	6	67	56	47	75
51	71	63	65	84	64	46	4
16	88	5	23	79	97	99	85
80	59	96	54	87	42	1	22
31	41	1	43	12	14	29	90
84	71	28	31	32	70	98	78
78	5	38	37	48	82	51	26
9	9	9	9	45	92	14	60
25	52	88	50	64	96	50	15
44	53	9	77	21	67	8	10
19	6	86	78	9	48	28	63
12	63	9	31	94	94	94	94
1	1	1	1	92	92	92	92
17	52	70	51	7	3	81	46
79	72	54	42	70	7	69	94
24	30	48	57	15	15	96	62
75	60	58	96	79	44	31	48
91	15	94	7	90	63	19	42
23	62	72	23	34	7	34	77
71	35	95	90	25	84	93	9
71	10	72	100	25	62	35	94
50	23	31	48	95	84	20	86
46	22	31	82	61	68	71	88
2	31	57	25	82	47	30	97
74	44	94	28	57	15	9	61
63	100	15	85	31	21	45	62
10	29	95	94	42	57	75	60
35	69	41	97	7	12	90	76
97	45	37	59	52	22	37	3
6	46	2	75	86	83	96	93
30	13	100	70	46	17	47	77
3	8	5	44	94	59	30	89
7	1	23	34	7	67	90	21
32	7	31	3	51	39	83	80
85	92	82	91	32	18	27	58
4	62	6	96	82	42	61	18
21	59	28	73	45	42	79	54
50	64	72	89	65	70	49	61
84	70	15	83	98	66	8	39
19	4	12	46	57	74	93	11
80	18	14	27	83	83	68	43
31	72	11	10	100	38	14	85
27	54	90	14	13	35	27	89
65	91	65	93	52	5	11	98
22	22	99	88	49	47	31	48
15	15	46	9	84	91	85	57
31	41	99	18	67	60	77	22
66	42	25	5	42	56	31	1
38	63	92	49	36	34	39	35
61	88	38	17	90	35	88	54
100	1	40	4	55	96	22	96
77	23	71	67	84	4	13	28
64	98	88	96	84	39	76	1
6	6	6	6	1	79	21	62
94	39	76	81	22	8	80	23
16	43	8	49	53	91	91	53
37	94	35	95	61	66	68	44
97	96	62	75	100	100	100	100
8	8	8	8	96	96	96	96
26	12	29	94	87	99	28	32
98	72	76	8	96	8	91	64
78	68	81	100	98	66	75	25
61	82	43	42	22	89	12	86
91	100	13	73	29	54	75	59
43	55	85	69	74	71	10	97
91	71	13	59	89	30	73	81
34	4	8	72	95	77	98	23
11	61	7	7	9	31	98	99
83	8	27	98	15	84	51	74
42	89	58	65	88	17	64	67
20	27	47	13	86	53	75	80
61	61	10	78	60	35	16	92
21	50	32	57	13	43	7	64
95	34	25	32	84	67	92	57
17	52	74	81	28	36	96	90
91	65	46	75	65	21	46	50
55	67	42	67	3	32	23	43
46	59	43	93	51	96	23	7
29	37	2	76	49	28	62	36
51	69	61	34	23	97	13	16
6	76	59	17	24	19	83	18
83	10	59	33	49	62	3	57
24	7	43	72	3	30	6	5
74	92	99	76	69	56	40	3
30	47	76	6	43	37	10	36
68	100	19	98	25	96	16	27
100	8	31	73	39	78	87	44
37	3	16	45	27	16	24	18
77	62	38	20	47	90	8	68
42	21	31	31	19	82	90	56
14	33	1	77	90	2	71	95
16	26	15	23	6	14	37	43
33	7	42	23	15	39	89	67
53	54	61	89	39	65	10	1
22	42	17	5	88	100	22	79
9	16	92	57	72	96	32	35
80	23	100	56	38	3	82	30
6	54	61	56	37	92	19	59
60	59	87	39	51	44	45	48
8	8	8	8	61	51	86	22
96	60	15	9	3	67	38	28
92	26	11	51	71	38	40	87
40	68	57	47	47	93	3	46
4	100	55	24	97	97	97	97
2	2	2	2	94	94	94	94
24	63	31	88	66	29	22	51
53	49	94	66	29	76	48	64
46	38	87	77	24	44	60	49
25	59	58	74	90	90	2	45
68	59	82	9	25	59	2	79
72	61	74	88	9	4	6	71
40	16	50	47	21	93	15	15
32	7	77	84	37	35	84	56
18	26	13	3	41	96	53	93
51	88	28	23	40	93	43	75
85	55	54	75	26	13	86	72
1	52	14	77	25	31	35	71
51	94	58	99	30	26	92	55
99	25	58	20	92	57	45	76
8	14	36	33	56	29	63	65
72	80	69	63	39	5	80	35
39	90	17	32	64	99	76	98
27	59	75	89	10	89	45	19
79	55	46	65	25	63	26	36
7	49	4	41	72	81	10	99
14	34	92	55	55	25	9	52
77	19	41	31	87	24	88	55
2	54	40	55	29	71	48	99
85	76	32	77	62	77	79	16
97	17	91	63	4	54	90	40
26	28	19	28	96	10	28	85
78	23	80	7	34	27	45	16
45	2	23	61	11	72	35	55
48	21	47	20	35	27	74	57
12	43	32	16	3	50	35	61
100	45	42	35	77	88	67	52
83	95	67	9	24	49	17	23
15	53	80	82	69	90	70	59
9	92	35	73	83	56	68	46
30	85	82	45	30	95	21	74
61	55	96	46	100	76	63	3
19	86	78	26	3	89	94	11
37	52	6	47	18	75	71	18
99	89	27	92	28	94	74	82
86	27	54	100	25	99	96	5
3	3	3	3	32	73	9	74
82	87	96	2	55	41	47	4
84	30	63	36	34	26	1	4
6	18	30	88	93	100	55	98
56	67	79	11	99	99	99	99
6	6	6	6	94	94	94	94
38	16	91	43	5	79	54	11
32	56	75	27	44	47	71	38
32	10	82	64	90	92	65	7
24	76	81	95	85	22	52	56
94	11	41	26	3	20	89	97
9	24	35	23	45	38	63	75
51	55	12	3	69	19	39	41
31	75	54	94	88	25	80	23
24	64	39	49	47	64	4	85
15	73	3	93	15	4	16	48
35	50	83	40	93	47	68	62
71	18	41	71	59	72	92	31
44	15	91	37	81	35	65	31
16	47	27	83	95	93	78	72
92	14	5	51	23	40	94	76
3	82	3	62	35	96	25	69
47	68	53	92	39	48	15	94
73	33	10	74	77	44	22	3
21	77	70	75	94	90	3	91
15	89	23	78	90	9	75	19
63	56	58	55	27	10	12	87
32	30	96	71	23	23	58	32
100	18	65	55	72	33	4	63
3	98	52	92	24	3	74	5
27	3	93	32	39	57	84	54
68	56	45	93	28	32	97	69
94	38	74	42	51	44	24	74
22	63	39	24	10	61	31	15
94	5	73	77	25	83	5	12
8	7	51	42	5	81	60	59
35	92	44	81	91	35	11	95
13	86	48	87	41	62	27	71
98	86	3	5	49	8	97	68
14	71	100	24	88	73	15	21
10	78	45	69	9	79	17	38
73	33	28	12	88	63	93	45
68	24	9	7	74	76	33	80
31	4	30	9	42	11	37	51
84	66	98	73	97	29	21	43
44	97	55	37	94	10	81	15
7	7	7	7	35	82	13	52
24	58	2	36	76	41	86	90
93	70	40	79	82	80	73	28
14	11	95	79	88	58	42	2
41	54	80	50	92	92	92	92
2	2	2	2	98	98	98	98
4	99	40	33	47	43	39	98
3	90	84	43	50	73	23	24
13	80	58	1	79	76	90	34
90	27	23	89	54	49	80	93
48	8	20	58	6	11	73	8
93	51	5	3	51	76	16	78
22	91	72	35	99	45	30	64
46	77	20	95	17	94	65	99
8	78	97	55	27	85	5	61
27	58	80	1	82	20	5	55
64	99	20	34	10	65	24	35
96	58	44	21	51	46	72	16
9	41	68	18	89	26	62	80
75	97	75	68	31	98	82	4
41	92	13	2	12	65	2	14
53	58	49	93	68	38	83	72
99	19	66	17	10	4	67	56
42	48	24	90	68	37	61	41
4	22	2	28	99	81	56	37
69	85	66	82	65	15	74	56
3	43	93	33	12	76	3	27
38	32	66	52	70	32	65	44
32	41	29	13	45	23	65	36
53	53	54	11	43	39	85	1
3	64	48	26	18	19	43	71
33	62	94	52	50	82	12	2
53	90	43	25	93	29	48	74
54	97	23	57	6	61	61	89
77	80	60	20	47	34	97	28
74	3	31	39	89	82	50	68
24	66	44	55	66	2	13	40
15	95	89	46	1	3	7	97
66	83	51	77	48	70	76	6
73	89	65	68	59	78	99	42
39	100	9	94	86	12	56	25
100	18	55	52	100	22	19	80
59	68	90	54	31	17	61	55
54	88	4	54	95	45	56	67
46	54	9	30	60	92	8	34
53	51	13	20	36	73	9	52
8	8	8	8	83	88	54	86
26	100	8	14	44	93	61	28
99	46	89	26	58	20	32	16
36	15	57	16	83	90	78	33
5	61	42	92	98	98	98	98
5	5	5	5	95	95	95	95
23	46	54	99	21	70	90	27
17	21	81	54	53	41	4	66
19	85	58	22	46	32	40	26
79	30	81	100	96	53	26	38
79	27	97	64	82	2	12	87
80	84	87	100	7	80	83	60
50	49	17	28	72	52	44	2
4	28	92	63	93	16	86	84
45	95	9	73	98	96	76	15
49	14	42	93	21	48	50	53
15	30	41	57	46	67	3	75
100	45	13	39	23	81	64	92
49	15	62	20	5	72	43	97
77	59	55	16	95	10	83	69
37	35	36	58	9	54	90	72
13	36	61	47	26	33	17	83
26	45	2	21	21	36	7	46
4	90	93	53	39	38	53	83
3	35	57	83	9	39	52	79
61	59	93	90	39	40	64	49
95	2	26	21	18	84	7	59
55	62	26	26	44	49	81	49
71	36	1	25	19	24	83	14
32	39	37	90	21	40	61	79
89	32	2	3	68	98	10	52
82	84	77	95	32	51	95	42
97	37	89	16	97	8	50	70
70	87	31	17	97	5	93	4
96	51	68	43	37	21	42	3
70	10	46	97	54	66	54	26
49	33	15	22	99	16	61	64
40	82	33	92	12	42	99	66
60	45	79	45	67	82	28	57
67	2	97	3	25	75	34	61
67	18	32	5	42	37	33	65
7	35	60	28	45	18	9	36
51	26	28	87	67	90	57	50
76	85	4	18	35	88	72	4
10	48	87	53	69	63	59	23
67	70	41	58	1	32	96	71
2	2	2	2	56	69	81	88
4	85	31	96	78	80	92	10
66	12	41	54	73	30	69	94
2	98	19	76	73	54	23	29
3	71	69	15	97	97	97	97
3	3	3	3	92	92	92	92
47	75	100	16	38	19	94	84
31	46	83	10	44	42	95	85
34	46	29	34	85	100	98	87
20	65	49	2	30	99	59	97
49	52	92	33	39	17	14	60
73	22	100	51	45	58	40	16
54	35	88	38	21	73	9	6
97	84	96	82	3	18	78	9
8	63	18	65	15	41	46	53
83	57	66	3	64	3	90	84
23	49	2	21	88	2	98	64
33	83	56	16	18	27	72	43
71	85	65	65	58	17	93	49
43	84	46	86	3	73	60	61
73	62	23	34	3	98	23	94
45	88	60	21	7	26	56	16
72	39	10	11	68	68	86	12
44	3	100	76	23	16	6	64
11	34	13	42	33	65	53	16
1	48	65	59	53	48	68	86
37	35	57	63	53	19	16	100
87	32	73	83	16	25	19	88
52	10	97	92	85	60	89	35
54	44	58	100	99	66	3	37
28	96	96	76	63	88	12	10
79	4	97	73	26	60	77	87
93	89	44	32	43	2	39	83
59	96	54	30	6	60	3	30
96	8	32	99	4	56	46	75
48	75	62	41	95	30	51	45
20	37	8	12	49	55	76	82
64	90	98	10	57	30	70	8
5	44	62	34	13	47	89	68
94	53	33	7	58	47	65	36
73	21	7	41	76	22	57	49
41	96	7	94	34	39	14	77
26	20	41	28	43	17	4	58
65	15	95	68	50	100	2	84
60	76	57	2	42	97	79	76
17	2	73	24	44	42	63	26
1	1	1	1	78	10	67	100
24	77	36	66	100	33	97	60
41	42	38	37	90	80	98	33
71	67	5	61	11	57	100	63
68	75	61	31	97	97	97	97
8	8	8	8	94	94	94	94
85	10	42	25	6	71	34	5
58	4	65	10	12	31	75	53
53	60	30	85	39	51	72	32
10	97	66	85	63	91	54	61
3	100	50	56	12	54	35	89
85	76	7	54	73	16	88	91
42	66	90	79	63	48	57	55
7	79	63	15	88	91	80	85
39	69	79	31	32	87	8	30
39	25	37	68	49	55	28	63
41	47	17	41	87	59	69	48
39	41	13	84	19	15	80	44
42	26	44	32	1	25	84	73
76	31	50	7	55	98	74	77
28	37	49	2	13	15	24	33
31	77	30	77	2	65	24	24
86	74	37	1	2	61	10	66
10	84	24	15	4	48	85	51
15	79	44	61	58	34	42	94
23	71	98	22	61	26	60	90
68	86	17	59	70	3	13	34
47	50	11	57	8	49	41	38
29	33	86	65	52	71	19	23
13	93	43	10	84	16	46	2
8	7	74	97	36	36	96	80
23	29	28	41	68	74	29	8
96	39	33	91	70	4	18	21
26	62	72	100	64	15	53	68
65	96	73	50	31	83	64	11
25	69	90	91	3	98	72	70
73	62	17	4	4	36	51	95
69	78	89	73	93	60	94	43
16	46	45	38	82	37	76	35
99	7	87	10	52	95	21	47
65	77	62	23	28	30	40	63
97	39	53	40	46	55	98	47
77	33	93	30	95	40	25	42
41	69	47	11	46	34	64	56
80	99	62	70	18	70	65	80
63	85	43	55	51	77	54	17
1	1	1	1	67	42	67	54
43	90	86	38	42	13	24	56
97	59	19	23	64	91	62	41
99	41	67	42	75	94	50	70
89	43	18	58	98	98	98	98
3	3	3	3	90	90	90	90
71	16	69	28	34	59	86	17
48	65	45	20	67	74	91	47
75	40	3	1	62	83	87	87
56	21	43	93	29	15	30	100
88	29	77	47	57	44	61	57
1	25	16	91	19	63	16	38
100	27	24	86	94	57	11	63
76	18	63	67	57	31	14	41
38	65	46	83	77	21	24	5
82	56	35	53	20	49	80	33
68	38	29	41	93	12	41	99
64	31	65	12	52	74	84	15
8	40	96	10	46	22	27	33
7	100	65	99	34	85	61	68
23	91	32	45	2	99	81	47
26	65	17	19	94	71	98	33
63	42	43	96	46	91	95	37
22	83	9	5	30	82	79	46
89	8	35	4	71	72	46	61
1	46	37	89	19	64	3	96
60	51	96	70	56	81	21	26
61	95	73	22	47	9	27	61
74	51	82	56	30	96	68	44
41	41	87	91	67	5	15	59
36	49	45	40	95	82	62	100
24	43	17	9	71	47	68	63
57	51	65	51	69	88	58	4
4	48	25	57	31	88	100	19
15	84	84	75	73	97	77	31
29	58	89	9	20	64	5	3
19	13	1	30	54	71	33	21
22	58	17	42	15	1	13	17
5	100	45	69	88	30	21	41
71	100	96	23	75	60	21	10
53	91	29	19	34	81	93	93
53	87	52	61	59	33	63	55
38	14	89	63	43	13	31	57
12	65	73	26	66	15	35	54
8	88	32	75	93	40	99	42
7	40	89	57	18	21	93	19
5	5	5	5	10	65	61	73
90	51	14	90	60	25	43	57
21	70	83	45	49	50	47	66
85	58	45	20	9	47	5	32
99	69	45	96	98	98	98	98
8	8	8	8	93	93	93	93
73	91	30	96	94	59	34	13
39	96	13	71	57	88	4	90
4	94	92	83	1	58	96	43
78	53	2	76	34	85	36	90
73	62	90	8	69	31	18	100
81	3	4	91	79	76	16	67
57	17	92	23	91	96	87	90
94	26	70	81	74	39	16	55
44	31	39	63	54	90	49	46
26	4	6	59	89	57	21	24
65	12	97	49	15	5	16	8
47	77	66	73	21	52	71	8
39	5	93	54	44	23	23	95
42	37	2	19	52	90	68	85
99	23	3	57	13	91	74	34
23	28	40	72	82	87	73	76
68	8	52	40	81	91	47	100
34	84	78	71	37	65	94	99
4	57	51	24	54	36	20	9
4	96	6	13	41	28	41	65
70	18	60	16	21	16	71	89
40	83	28	19	83	73	83	70
56	46	28	77	73	67	83	27
79	74	89	63	25	52	39	35
9	7	51	5	44	13	94	62
67	47	5	93	72	6	97	92
95	54	63	87	10	60	91	53
2	76	26	32	19	14	73	27
44	5	99	85	76	92	84	63
24	10	86	83	80	41	1	82
75	44	48	42	93	11	2	86
83	68	53	71	92	17	1	13
97	93	31	48	49	76	90	46
59	72	41	91	29	5	17	7
70	3	26	47	66	76	9	25
68	42	38	1	62	45	68	70
95	54	24	15	82	15	84	90
37	26	49	50	10	30	86	69
59	100	52	2	92	56	25	22
15	34	32	74	71	18	81	21
9	9	9	9	1	20	92	32
83	21	16	6	21	52	55	73
64	95	77	47	41	35	50	39
97	38	84	39	51	77	3	16
56	7	93	21	100	100	100	100
4	4	4	4	91	91	91	91
71	80	18	73	65	92	57	34
33	26	72	68	12	66	10	31
18	57	90	56	59	81	79	9
10	80	1	99	89	30	35	70
47	42	77	30	20	20	68	68
9	39	73	83	71	72	54	5
36	37	35	23	10	89	4	51
95	67	87	71	81	12	13	21
14	71	95	59	26	74	36	72
32	54	97	54	100	22	84	37
77	17	29	56	93	17	98	39
75	59	47	29	34	41	95	9
9	37	75	31	90	64	78	28
93	87	89	30	64	38	92	53
42	16	26	9	85	66	87	43
25	75	49	46	42	66	86	50
51	78	59	10	90	64	4	43
93	95	89	90	30	88	43	24
95	45	87	9	57	91	75	87
96	26	67	60	3	21	22	73
44	38	4	27	59	55	77	38
93	83	87	63	51	88	19	31
35	28	81	23	51	92	16	39
1	12	24	54	97	82	83	43
56	43	64	39	38	82	1	53
52	68	9	69	61	95	90	9
6	70	11	16	52	62	27	74
43	22	6	37	55	16	90	87
37	1	76	28	37	29	46	82
98	43	22	91	60	1	3	84
100	64	37	4	63	27	62	78
35	18	1	10	23	88	98	34
57	34	39	44	69	74	72	59
91	51	37	19	84	10	88	38
38	60	34	10	100	94	64	49
88	53	50	22	46	41	80	69
57	12	34	39	39	16	94	50
46	78	35	77	14	25	50	12
64	87	34	38	60	11	51	17
68	16	94	13	18	73	75	3
6	6	6	6	26	17	33	27
2	80	31	92	54	71	15	40
19	67	47	28	28	55	16	72
13	39	85	45	97	2	70	15
65	85	11	14	98	98	98	98
10	10	10	10	90	90	90	90
51	48	20	93	23	93	49	14
47	25	78	10	22	95	23	69
74	28	98	36	56	99	8	22
92	91	100	75	54	28	11	15
84	73	87	30	6	51	5	83
62	71	72	3	44	63	79	13
15	64	72	29	43	82	13	46
4	95	77	40	39	10	17	51
100	66	4	25	68	30	33	46
69	34	14	52	84	63	8	11
50	87	4	69	10	65	74	23
85	50	43	68	91	89	71	98
2	39	65	97	89	11	58	79
58	57	77	1	57	27	7	72
13	9	16	86	89	70	12	76
73	18	50	14	66	30	32	34
31	27	20	57	25	98	41	89
1	29	18	25	80	41	9	90
54	60	12	37	96	7	20	91
9	38	71	24	40	6	63	43
76	81	70	20	21	43	72	76
47	79	81	2	28	62	33	49
72	8	89	62	60	4	6	79
84	12	95	46	25	35	64	66
97	84	38	64	19	32	23	94
18	97	59	74	8	71	39	24
5	79	1	12	14	11	25	37
66	32	80	51	97	77	68	77
38	47	16	21	31	62	17	49
49	62	92	22	97	63	57	55
72	2	56	17	26	66	11	9
48	16	48	41	63	39	84	5
4	73	42	92	43	40	20	9
76	45	4	24	95	77	89	80
56	42	36	28	22	77	85	84
69	13	49	80	73	95	89	95
27	4	57	93	10	36	47	34
20	28	27	50	54	2	49	95
69	90	59	19	60	47	76	97
76	56	44	11	7	11	55	8
4	4	4	4	14	85	38	42
23	40	79	22	95	14	62	15
39	9	92	24	31	33	84	14
25	27	41	73	61	55	68	30
95	82	18	66	97	97	97	97
10	10	10	10	95	95	95	95
92	76	85	5	54	70	11	44
76	88	32	10	9	12	32	96
45	78	53	92	86	63	2	92
63	50	74	91	15	17	100	30
21	47	25	9	7	41	85	19
59	70	7	9	72	69	52	22
61	24	70	24	2	87	51	99
85	25	16	17	49	41	19	22
67	50	88	42	27	25	77	99
52	94	31	18	89	34	52	88
2	92	50	69	79	32	88	8
30	48	22	38	100	66	18	78
18	63	4	72	3	76	58	35
40	6	55	64	1	65	32	93
12	64	61	10	74	18	9	53
35	17	36	62	38	45	49	18
23	57	55	1	95	23	22	17
26	17	82	43	86	8	32	7
100	3	72	99	21	16	65	73
93	93	13	48	84	100	32	70
100	40	20	2	91	79	36	1
54	53	47	20	63	24	96	64
11	30	21	60	92	86	56	69
23	6	24	86	74	12	80	22
82	89	78	66	93	98	6	18
70	59	30	56	96	3	72	44
21	38	12	93	25	15	38	85
85	31	26	78	51	3	11	68
86	83	76	32	32	47	33	30
33	68	3	98	97	75	37	88
14	23	73	95	83	97	6	79
45	64	64	8	90	99	73	67
37	61	7	90	36	11	57	54
59	27	43	41	25	37	42	97
62	13	10	61	5	80	12	28
86	75	5	12	94	24	100	31
17	54	95	23	14	88	78	7
75	29	63	100	11	14	30	24
27	85	61	80	21	88	21	5
10	87	35	63	77	22	38	61
4	4	4	4	43	8	47	66
78	36	1	83	59	86	38	96
39	85	52	82	57	38	49	27
98	82	26	85	59	71	18	77
63	10	45	36	97	97	97	97
5	5	5	5	91	91	91	91
28	76	39	10	46	39	60	36
17	59	88	57	98	57	2	69
56	80	54	85	14	48	4	16
31	30	45	92	41	44	87	10
98	96	61	63	9	91	77	66
30	33	17	35	100	60	71	69
43	87	70	83	38	67	18	50
96	20	84	41	12	56	44	56
21	90	58	23	58	93	49	34
97	15	83	93	92	49	11	50
48	96	39	88	36	96	87	37
74	91	43	10	67	94	72	44
2	16	19	96	58	37	76	97
40	19	97	87	48	12	18	91
43	78	87	67	4	45	89	77
62	44	88	79	58	26	67	26
70	44	67	79	57	81	10	51
13	55	78	81	14	42	32	47
97	31	51	5	37	59	34	64
31	49	25	39	46	71	43	4
43	100	83	90	24	45	33	47
78	30	89	84	25	22	63	45
60	63	6	81	4	70	65	78
23	77	45	31	33	21	63	99
26	14	39	84	40	96	56	21
17	87	35	98	72	95	39	18
85	31	22	79	73	19	80	17
84	29	64	81	83	45	68	5
44	41	75	41	74	43	36	52
35	78	90	43	55	44	6	33
33	53	51	7	38	50	25	9
7	9	97	25	46	29	75	53
59	72	23	56	24	67	72	25
42	52	62	60	31	67	68	25
26	67	26	82	77	93	55	1
86	45	49	92	66	54	44	25
29	76	99	84	44	57	4	42
38	73	19	28	25	52	11	87
85	40	96	24	45	67	86	87
38	71	16	81	68	32	18	83
5	5	5	5	9	11	100	5
63	7	73	40	80	24	76	100
32	99	32	98	60	11	67	38
75	12	94	16	81	85	78	88
84	77	67	33	95	95	95	95
10	10	10	10	90	90	90	90
39	34	53	34	74	86	16	49
74	28	69	70	48	47	76	61
77	28	34	71	31	71	14	43
29	94	40	26	73	49	1	23
39	73	74	49	95	59	87	55
26	62	42	16	23	71	91	36
60	53	51	77	33	100	25	22
70	16	61	40	54	97	30	57
30	91	15	86	96	76	34	32
79	61	90	56	26	99	64	79
69	9	63	93	32	4	48	49
29	68	33	66	77	31	10	19
29	51	52	87	34	51	23	93
12	91	51	69	73	55	30	13
20	91	90	25	61	62	81	85
59	95	77	81	14	99	26	71
15	34	22	31	70	89	27	35
4	83	5	29	77	36	59	41
34	59	5	99	90	58	7	53
48	98	52	62	15	4	30	9
58	70	4	73	75	53	58	6
41	23	90	22	95	67	30	52
44	96	64	30	22	23	21	93
66	49	83	15	84	87	46	55
61	84	82	63	58	38	19	13
18	23	30	89	18	62	94	58
94	26	3	31	32	63	59	59
16	21	41	4	70	14	89	25
40	76	54	42	2	93	23	56
69	79	24	45	1	63	17	70
41	4	46	53	94	74	14	48
34	27	62	50	43	81	51	6
40	94	74	65	57	43	96	3
33	29	46	78	50	39	61	52
27	54	79	98	76	66	29	79
13	4	86	68	44	96	44	16
57	46	3	36	81	59	1	31
70	79	21	8	60	91	42	52
72	60	81	88	20	67	32	46
51	82	44	14	51	66	45	92
7	7	7	7	95	6	72	69
68	70	29	93	40	56	54	90
98	45	69	15	83	53	71	52
1	13	74	51	55	75	90	82
81	82	51	76	91	91	91	91
10	10	10	10	96	96	96	96
27	87	100	87	84	20	1	79
87	10	69	90	12	45	2	66
74	56	91	92	17	62	63	32
26	78	69	49	79	14	85	67
73	41	39	14	96	55	70	58
14	11	62	79	15	1	54	18
99	63	52	20	50	91	37	91
96	60	35	8	99	92	30	21
53	94	21	44	64	48	54	92
38	39	8	74	9	25	9	96
8	28	49	68	61	50	17	41
85	50	64	24	24	78	81	26
9	64	29	40	20	57	39	68
69	36	48	64	33	27	63	17
83	4	25	32	40	40	17	19
35	46	4	80	37	62	46	17
79	91	18	43	7	87	56	91
56	100	52	40	62	37	87	22
82	97	78	69	30	44	4	51
43	24	71	97	39	12	77	6
93	25	20	15	28	38	68	58
2	31	87	88	83	49	8	32
43	12	2	76	16	24	36	47
22	84	28	36	27	12	72	32
29	31	49	62	6	27	24	53
23	56	8	65	1	70	19	1
16	93	68	83	88	99	15	12
19	76	56	58	85	12	11	94
27	39	54	55	83	6	100	15
34	44	20	67	99	88	46	32
86	70	94	92	76	55	50	87
17	81	92	32	89	77	46	95
34	65	85	24	94	73	71	42
31	66	50	71	47	39	95	80
32	69	2	16	15	82	63	70
78	65	76	76	42	15	53	65
36	31	33	31	12	53	35	86
80	79	83	6	20	38	40	31
13	91	93	70	46	27	58	83
39	97	47	100	57	11	38	42
4	4	4	4	82	42	75	98
23	77	15	16	78	100	83	3
58	27	87	70	64	13	35	34
21	90	80	42	6	10	89	40
94	55	41	84	95	95	95	95
7	7	7	7	92	92	92	92
5	31	94	42	88	4	62	22
29	73	99	60	58	63	49	24
84	16	38	37	12	69	69	89
63	47	90	33	58	4	30	26
7	12	94	33	78	84	4	16
36	10	11	52	15	28	47	88
31	91	8	10	76	93	40	87
99	83	31	10	68	51	23	100
40	48	63	6	59	54	85	73
73	28	31	1	50	72	70	59
40	76	76	85	81	63	56	82
36	86	81	70	20	37	44	15
99	62	85	41	28	84	32	67
6	3	11	33	100	68	10	47
56	7	18	12	95	30	79	67
30	54	53	54	17	61	5	90
23	31	85	66	20	14	99	9
71	62	88	19	90	6	30	40
72	51	42	30	82	33	84	76
68	70	11	27	2	8	17	98
6	8	68	16	20	17	15	71
74	48	33	53	75	44	56	56
22	75	56	72	13	97	70	85
14	14	85	19	18	58	81	94
39	83	65	28	78	7	45	65
32	19	62	80	6	99	92	61
40	16	32	14	61	89	93	87
37	80	49	22	40	37	2	86
34	63	26	97	81	64	86	29
61	49	74	92	2	46	30	55
45	35	13	95	64	10	97	43
10	52	34	24	67	14	24	94
69	12	98	99	78	56	23	96
77	85	92	28	31	81	3	96
83	71	69	44	12	40	20	15
84	23	36	53	69	36	77	35
67	92	47	34	20	77	82	93
41	89	84	72	2	68	14	20
89	6	38	51	92	40	61	42
80	94	5	55	62	87	87	62
10	10	10	10	10	88	48	70
54	98	28	100	75	30	14	50
71	77	91	83	16	86	35	42
1	53	46	25	29	38	6	81
94	24	83	28	90	90	90	90
8	8	8	8	100	100	100	100
21	54	87	74	51	2	73	13
56	49	38	25	83	89	79	7
66	16	74	56	89	50	55	23
44	23	53	10	67	100	24	100
74	48	26	89	45	65	3	50
56	53	10	27	76	73	95	91
100	41	13	34	39	93	41	42
71	60	56	77	88	71	95	96
86	44	96	81	23	72	62	94
87	47	73	67	79	56	89	83
5	54	80	22	35	24	3	92
50	86	76	44	21	68	87	7
26	78	21	3	85	56	24	67
69	79	4	88	30	21	24	67
95	19	5	88	7	85	92	25
76	15	3	76	27	68	97	41
9	39	81	22	88	21	27	78
77	52	88	96	42	99	70	89
24	10	43	26	55	6	85	94
4	73	95	40	43	72	59	65
9	90	62	100	48	40	89	45
56	89	46	67	10	43	18	13
34	52	2	46	65	68	41	78
67	61	74	54	62	97	28	96
30	6	37	70	82	10	52	59
45	8	49	48	47	16	7	75
97	76	78	86	29	92	10	17
51	34	56	12	59	53	49	73
62	80	53	68	8	51	82	59
75	37	33	97	77	4	97	22
87	1	42	17	9	19	63	41
1	1	17	28	36	58	64	84
9	9	14	3	80	50	85	16
16	20	23	92	34	80	14	17
15	73	70	7	93	29	72	95
89	57	31	28	6	65	34	64
68	91	85	26	80	27	38	31
12	21	93	45	59	63	94	7
29	73	47	10	47	60	41	7
97	46	57	99	85	59	99	20
9	9	9	9	34	63	48	53
99	39	78	34	61	60	25	92
12	33	14	13	74	30	46	71
64	46	9	13	52	15	91	87
84	93	66	62	94	94	94	94
3	3	3	3	94	94	94	94
100	53	59	22	14	43	86	47
49	1	56	73	24	80	2	6
23	97	53	91	52	77	3	41
52	2	28	67	56	1	34	4
90	70	86	73	79	29	25	43
40	85	19	21	18	37	96	6
7	13	86	27	91	72	63	55
79	80	99	68	19	21	38	57
47	60	59	50	95	94	77	16
98	76	63	93	91	26	68	79
68	58	78	5	30	76	55	87
82	73	26	10	46	1	26	86
55	98	8	97	32	85	64	59
43	5	16	6	30	14	13	24
93	5	29	1	87	85	24	15
90	7	29	60	9	77	34	95
68	74	30	18	89	18	86	62
82	68	20	15	98	42	55	78
51	49	68	66	51	30	43	75
35	69	87	39	39	89	72	88
20	23	23	16	7	32	69	14
73	46	18	64	38	81	36	5
6	24	6	3	35	2	24	27
5	94	36	77	23	71	56	65
58	59	71	78	87	38	43	88
78	1	35	90	56	81	18	46
8	3	66	32	9	96	5	19
48	59	20	24	42	97	32	47
73	70	35	100	60	25	16	80
86	66	30	71	27	76	35	40
57	57	12	35	63	79	97	41
57	13	41	25	46	75	36	11
19	74	76	31	35	16	96	65
70	31	89	66	59	62	14	18
96	30	9	86	93	12	53	48
39	85	8	25	98	51	93	4
63	97	87	16	100	98	90	5
69	78	43	21	2	57	51	12
79	39	15	100	85	21	22	21
39	41	31	69	15	87	76	8
1	1	1	1	88	6	98	63
22	49	55	100	84	53	48	9
91	22	1	75	43	59	31	11
46	29	23	97	75	92	59	96
95	24	52	73	100	100	100	100
10	10	10	10	99	99	99	99
71	55	55	71	37	33	73	15
33	89	71	97	16	35	100	85
77	10	43	75	60	86	51	30
52	51	59	75	48	25	33	3
8	18	71	53	15	89	85	76
35	19	65	62	99	29	59	89
48	6	74	27	47	25	25	46
15	66	49	47	33	13	48	98
85	64	26	70	13	20	41	79
46	71	81	5	2	56	50	17
14	88	30	48	93	6	23	100
37	17	79	56	91	23	6	68
52	82	45	44	21	23	9	31
44	34	25	97	56	90	90	32
48	94	68	18	16	97	97	23
17	22	74	11	62	24	82	89
96	62	13	43	49	77	100	31
1	85	76	70	88	53	41	20
98	96	43	29	89	35	89	17
28	12	52	45	72	83	88	4
23	40	29	51	24	17	9	96
32	74	38	34	47	7	12	25
57	33	26	94	58	35	26	98
10	68	2	58	47	31	48	45
53	87	41	69	12	20	88	93
67	78	12	56	99	98	24	73
10	46	15	28	54	74	74	46
38	90	17	53	3	98	87	2
81	71	55	100	27	30	57	61
29	79	91	22	36	33	80	74
13	28	20	78	33	10	25	47
26	37	22	31	53	65	88	28
76	76	42	54	14	44	15	70
12	27	35	79	64	10	30	86
36	40	42	6	56	74	31	78
35	35	83	27	57	63	40	4
27	63	65	70	60	4	27	51
96	62	14	26	80	58	53	34
21	40	93	59	62	74	12	80
79	28	33	1	23	16	90	74
7	7	7	7	17	39	52	28
91	100	73	30	36	44	13	67
95	38	34	58	63	24	51	14
75	53	65	52	82	42	6	54
16	31	97	45	91	91	91	91
5	5	5	5	100	100	100	100
50	59	92	20	19	7	54	65
99	4	40	83	11	38	100	95
62	46	88	43	99	43	38	27
47	99	15	6	45	54	75	39
13	43	47	45	5	96	63	84
43	94	74	85	89	100	97	26
70	50	40	21	63	64	77	26
17	19	66	87	16	62	28	54
29	86	75	3	30	3	31	41
74	80	45	87	45	19	50	62
86	30	85	26	29	57	85	49
60	59	53	58	100	74	16	45
97	4	57	70	78	66	1	92
61	62	50	31	96	4	35	47
66	46	52	11	46	14	14	29
25	21	46	13	65	36	85	34
54	43	49	39	85	80	2	28
47	62	34	95	28	27	34	36
6	85	11	4	79	61	13	80
29	3	78	56	32	91	44	64
79	74	92	100	59	4	1	53
33	34	29	16	81	64	2	69
68	22	50	19	45	88	98	59
91	56	62	54	7	21	69	50
53	81	31	8	81	96	83	47
10	15	28	16	96	68	58	6
62	54	71	35	54	100	56	63
77	67	97	1	30	38	28	99
47	40	82	82	84	30	52	41
66	96	13	95	75	23	42	22
92	7	83	53	80	49	21	36
89	34	15	70	55	35	63	64
80	46	28	78	80	31	65	5
7	46	74	8	67	70	98	32
10	11	71	3	70	19	71	28
82	73	8	99	67	17	14	13
60	75	6	12	31	79	31	13
99	94	28	83	62	95	60	54
2	71	45	92	4	13	39	42
37	12	27	97	52	89	21	29
5	5	5	5	9	95	40	12
1	43	44	72	41	64	53	81
79	20	47	23	59	18	93	74
52	31	3	14	71	56	46	76
69	36	44	25	97	97	97	97
10	10	10	10	95	95	95	95
62	92	7	93	24	63	98	57
48	57	76	9	55	69	79	85
60	77	26	91	23	87	57	27
86	3	10	67	94	94	95	91
67	93	85	22	18	48	47	48
57	86	66	71	81	66	47	86
10	100	60	51	81	33	30	17
58	73	46	91	43	46	30	95
42	37	60	12	54	73	100	62
49	35	2	32	16	91	40	49
57	53	3	76	77	84	42	58
95	89	52	82	55	25	83	41
53	7	77	75	7	41	34	11
45	96	28	12	87	56	91	7
73	51	8	91	35	97	78	17
22	65	58	17	100	72	61	80
94	36	65	60	56	21	13	95
72	98	63	63	98	59	7	68
17	43	33	73	63	21	28	32
44	49	15	47	13	73	89	91
72	72	50	92	81	54	9	63
51	40	13	90	21	93	22	93
60	81	91	64	88	22	43	73
13	19	58	28	86	33	42	28
2	12	19	23	49	94	29	20
9	91	22	45	72	20	68	18
12	16	89	68	10	59	55	15
16	7	24	15	19	100	76	2
55	29	47	51	7	39	61	13
93	86	96	27	61	89	34	67
86	19	13	5	76	30	27	10
82	73	50	97	54	34	70	80
26	8	12	34	53	46	63	81
61	72	38	38	15	44	96	57
18	23	99	99	9	49	100	54
94	31	1	67	43	88	100	2
74	21	91	56	97	32	44	50
20	47	41	68	52	40	32	76
35	84	5	58	44	62	15	28
48	72	8	3	59	59	26	64
2	2	2	2	77	76	69	82
80	2	44	24	87	76	53	55
70	91	40	49	68	54	3	46
49	98	7	52	41	100	63	37
66	26	21	60	99	99	99	99
5	5	5	5	93	93	93	93
59	95	51	10	45	31	37	50
4	85	85	86	8	25	42	80
75	27	37	57	34	37	35	76
29	56	35	44	57	12	21	40
34	43	65	58	94	78	60	51
13	54	9	1	2	83	20	63
46	5	88	12	19	15	99	48
31	89	33	94	45	89	83	49
70	52	86	89	24	18	3	8
5	3	8	40	63	6	6	57
7	100	55	61	70	39	15	84
10	50	34	40	14	13	87	41
13	51	81	57	49	14	53	97
36	96	92	87	56	31	83	77
17	74	54	12	39	44	50	10
96	50	16	3	56	81	82	63
62	13	65	77	41	41	26	66
45	34	36	84	32	85	18	77
23	19	36	38	54	54	39	2
60	90	84	93	68	47	93	6
59	64	49	11	88	60	73	56
25	54	97	19	83	37	92	41
30	41	50	11	80	39	25	13
82	93	98	46	75	28	2	12
11	37	21	34	85	71	15	82
29	73	87	84	43	97	59	37
68	2	1	88	62	27	63	82
64	44	96	70	12	82	92	56
96	89	27	29	82	87	77	14
30	52	66	8	17	56	39	93
3	52	23	59	43	6	25	49
76	96	67	3	79	49	63	69
29	73	62	19	92	12	85	7
5	53	48	52	69	68	24	60
85	24	86	4	3	3	68	11
51	47	32	37	4	85	60	86
56	21	72	89	28	30	86	83
49	85	64	5	75	87	57	54
37	36	21	37	35	13	29	37
100	33	52	65	76	83	72	93
5	5	5	5	25	42	70	63
61	18	1	77	49	42	28	96
52	51	63	35	99	37	3	20
58	69	13	69	88	74	62	39
80	4	70	39	90	90	90	90
4	4	4	4	97	97	97	97
48	68	75	55	53	8	26	32
12	8	62	85	66	32	5	22
93	72	2	13	97	55	43	100
18	84	58	22	99	69	15	56
29	36	40	11	78	52	96	46
2	40	87	82	64	6	68	7
89	29	75	92	80	85	35	18
99	26	67	54	13	100	64	47
45	97	32	97	62	40	5	46
20	95	94	14	33	12	4	8
65	81	47	86	40	38	37	77
17	51	77	80	37	16	16	91
18	63	9	42	34	70	14	18
40	47	3	42	84	8	29	48
94	71	60	79	3	76	85	59
83	49	20	22	73	30	84	36
11	37	31	30	70	96	52	58
86	41	44	55	92	79	44	22
29	9	28	32	77	73	46	53
93	50	71	78	93	33	32	5
38	35	75	65	17	27	50	75
94	76	92	16	92	30	96	51
37	69	42	32	90	95	57	62
43	38	84	89	65	92	36	14
58	7	95	21	21	38	8	20
43	75	63	98	71	41	68	6
78	18	84	2	78	28	45	75
25	83	38	84	64	87	67	7
10	96	9	21	17	100	46	7
5	9	12	97	9	40	48	47
87	15	66	71	20	7	53	84
75	59	61	97	8	74	71	28
89	81	58	76	33	92	54	33
73	43	87	61	84	78	52	10
9	19	91	51	85	80	67	20
62	85	21	70	69	83	54	10
71	65	29	18	98	32	98	83
39	96	58	34	81	57	70	23
14	8	29	15	59	74	93	91
59	10	55	46	70	13	34	60
8	8	8	8	61	97	20	11
55	21	84	89	35	67	99	17
31	68	15	17	81	57	14	37
36	82	30	10	31	49	53	100
26	50	89	12	98	98	98	98
9	9	9	9	92	92	92	92
76	90	74	85	71	68	57	96
32	35	34	25	3	96	85	43
19	8	44	72	92	4	61	89
93	77	36	74	99	12	76	2
2	90	12	47	15	35	42	28
70	71	68	6	25	69	42	26
31	73	79	83	73	21	24	90
14	35	75	83	81	16	51	23
62	37	80	82	83	61	22	29
70	14	60	26	69	65	10	91
64	1	38	80	51	70	39	31
66	93	39	34	59	51	49	28
74	18	5	73	75	1	74	57
91	3	17	45	71	66	41	14
6	18	98	38	61	100	54	18
21	35	24	25	95	15	33	42
39	52	45	26	32	34	77	58
26	45	1	37	75	19	61	99
30	87	42	26	97	22	69	40
78	39	18	45	12	43	48	98
63	57	70	88	51	66	32	6
51	33	78	93	94	21	5	16
70	51	22	85	86	3	26	40
72	31	96	28	91	95	72	68
88	39	7	88	57	49	58	85
76	20	42	24	78	93	88	26
80	39	53	84	50	77	99	35
13	48	98	60	48	73	88	3
81	96	72	78	81	50	43	30
48	60	60	35	25	59	26	13
58	3	40	85	37	71	71	83
59	51	16	54	77	69	31	58
34	95	45	14	52	93	9	89
62	11	41	61	51	14	12	61
61	38	57	91	48	10	26	96
5	10	75	62	32	41	41	27
74	97	88	7	36	47	54	12
40	4	95	27	38	52	7	3
24	3	18	54	43	77	100	92
43	21	11	11	100	2	48	44
6	6	6	6	64	62	54	78
70	81	41	58	85	40	25	70
9	62	73	54	77	48	8	26
91	32	94	82	26	5	19	80
97	84	86	12	97	97	97	97
6	6	6	6	93	93	93	93
39	65	32	27	86	94	12	71
79	15	10	17	25	42	74	14
16	11	64	42	81	58	85	90
81	25	31	37	91	42	60	84
30	60	46	88	54	82	31	36
3	15	61	66	25	7	2	48
3	27	28	47	14	27	15	24
17	51	62	48	16	9	6	62
45	85	1	18	75	86	73	52
63	99	36	88	15	43	88	25
73	65	75	62	82	63	67	49
25	38	53	12	91	33	93	61
20	36	18	49	3	43	9	88
82	72	22	12	38	38	5	36
61	30	87	31	89	81	11	80
61	32	45	46	13	45	11	69
50	51	94	92	32	45	25	39
100	29	32	84	96	15	61	91
93	15	80	80	83	35	43	66
43	62	43	79	5	97	19	28
41	18	90	56	79	27	64	98
94	77	9	40	11	8	79	65
69	54	32	66	93	52	65	96
22	4	3	81	74	95	59	47
86	27	20	44	100	31	2	100
32	93	98	15	67	62	95	13
99	54	80	42	47	52	85	71
73	70	47	52	28	8	96	80
80	100	53	88	45	31	59	62
43	26	80	87	53	10	25	4
13	21	61	30	93	90	22	80
26	13	13	1	11	31	80	94
74	8	54	77	11	25	95	100
75	2	95	24	83	50	46	83
20	98	65	26	77	37	71	33
68	71	88	70	79	93	84	87
73	42	72	88	38	64	52	54
1	6	24	89	23	13	86	2
30	85	70	5	96	50	44	55
75	70	27	94	31	73	11	37
4	4	4	4	89	46	62	67
30	78	45	66	57	47	26	54
30	62	30	59	45	51	73	85
19	11	45	51	5	72	37	56
29	29	77	80	94	94	94	94
7	7	7	7	92	92	92	92
17	3	80	22	38	77	1	58
74	15	34	10	34	79	12	84
4	70	60	69	81	92	81	65
63	15	88	25	87	49	90	80
27	32	76	75	93	39	2	47
73	52	20	47	12	24	7	33
48	7	25	40	95	71	49	22
25	54	67	40	53	64	31	2
75	15	53	75	37	99	56	73
10	61	65	18	61	35	77	3
36	97	68	54	57	44	91	31
89	95	16	94	73	8	92	21
60	46	6	78	99	56	70	28
72	65	94	51	66	71	44	21
78	29	29	83	71	100	58	62
24	70	92	58	20	71	37	28
13	46	46	83	52	4	29	49
38	24	7	34	15	80	79	91
60	50	24	73	72	64	15	52
11	60	80	99	9	71	22	57
74	20	88	74	46	17	62	39
100	19	6	73	15	15	92	26
99	28	40	68	87	50	41	66
78	15	88	31	41	80	10	69
89	27	63	7	72	56	51	91
43	41	36	21	6	94	56	52
19	68	93	90	74	66	28	12
96	31	84	65	18	57	91	74
99	56	38	98	67	77	64	32
15	21	51	8	28	20	59	78
43	66	91	72	42	58	48	58
23	20	64	56	88	48	42	65
75	22	43	67	95	51	21	44
84	75	22	57	48	46	20	44
90	68	22	33	39	35	50	49
29	15	64	4	56	80	52	15
46	44	97	87	86	23	22	18
23	78	91	65	47	10	87	84
14	41	46	36	79	30	85	11
67	51	66	43	75	18	58	1
8	8	8	8	35	71	25	7
93	71	11	95	79	18	34	32
25	30	24	67	97	56	41	80
97	45	31	71	48	61	17	79
38	17	79	59	98	98	98	98
9	9	9	9	100	100	100	100
1	89	35	31	16	96	51	91
16	28	66	91	27	90	27	10
68	46	12	89	84	85	69	71
9	96	36	75	65	41	62	69
80	86	69	78	54	47	79	86
48	92	64	22	45	76	87	79
13	16	90	30	74	13	44	12
76	27	84	80	2	4	77	84
65	63	74	25	12	75	31	14
91	71	49	64	29	80	62	98
33	27	88	96	97	7	38	46
29	10	42	9	7	98	12	34
87	14	69	54	58	46	94	94
76	94	33	53	97	18	67	48
61	5	59	12	90	37	51	70
7	99	95	1	74	54	5	9
13	87	91	98	50	54	19	44
86	31	8	59	43	95	18	66
53	22	75	80	7	12	56	23
25	17	41	22	5	33	34	13
59	26	7	77	2	16	87	74
11	44	36	20	35	90	10	27
87	82	83	76	61	75	56	90
75	84	68	53	94	90	18	85
68	50	99	15	90	70	9	7
49	7	54	46	87	88	80	68
71	78	43	81	87	26	40	2
6	95	35	51	96	57	68	96
40	6	75	98	47	54	45	64
61	53	89	51	69	76	59	78
77	1	85	74	79	39	87	56
49	58	42	75	70	4	40	71
46	39	61	76	43	58	23	75
28	31	83	10	40	68	37	63
68	100	38	98	61	87	86	41
26	11	95	5	72	90	50	94
47	27	63	80	58	18	91	89
35	5	13	62	12	31	79	37
81	21	19	35	53	14	1	21
74	38	22	30	98	36	16	44
8	8	8	8	4	62	96	75
11	24	80	74	87	55	31	51
21	49	56	12	11	12	20	56
35	32	78	51	98	66	44	73
26	28	52	91	95	95	95	95
7	7	7	7	91	91	91	91
67	14	91	89	57	73	28	31
55	30	99	48	10	62	57	21
27	83	74	61	10	33	35	100
5	70	57	26	37	20	3	20
43	48	44	62	67	2	42	42
37	31	73	68	98	41	14	89
66	85	2	6	37	90	65	95
13	69	27	70	57	49	4	54
55	62	80	40	99	80	55	87
5	1	78	35	6	34	43	80
87	87	35	44	82	12	84	10
1	52	96	95	74	68	93	77
46	8	82	93	15	50	2	7
72	90	85	89	9	26	99	73
93	41	93	41	66	40	8	63
64	47	8	82	28	53	17	39
69	31	46	23	97	6	84	49
10	23	36	82	38	55	2	67
46	27	31	78	99	2	30	2
43	10	13	54	9	29	94	10
68	30	29	14	32	47	38	27
85	89	62	71	88	86	49	98
25	62	80	26	47	31	82	72
100	34	97	27	98	12	44	49
56	56	66	7	91	29	18	83
3	90	45	60	30	65	70	85
58	57	73	64	4	51	31	53
81	72	34	90	71	45	49	100
17	90	56	4	93	85	69	89
11	35	54	32	28	32	74	88
28	12	53	38	54	37	41	21
2	71	75	53	51	3	62	30
12	34	62	12	70	6	94	7
77	26	4	66	94	24	48	24
79	23	69	27	29	90	68	84
17	80	7	17	65	30	13	50
97	27	10	39	61	64	19	3
38	85	59	50	19	67	50	44
65	22	50	7	6	32	27	1
88	3	52	91	28	49	97	79
8	8	8	8	78	25	39	93
29	12	26	7	58	17	74	100
65	65	31	20	66	78	80	35
56	54	48	30	84	62	35	92
56	31	41	51	95	95	95	95
3	3	3	3	98	98	98	98
37	100	46	34	85	10	65	76
80	59	81	29	71	42	31	17
86	14	53	15	86	70	1	81
31	23	73	69	65	61	58	13
53	32	9	2	25	70	58	83
99	68	22	60	93	4	53	50
92	14	2	22	6	56	15	64
6	20	84	10	64	36	26	5
62	4	30	28	52	86	11	15
32	4	24	42	73	38	96	49
32	26	86	75	37	28	5	35
77	61	87	12	81	90	12	66
61	69	90	9	15	45	27	11
67	19	83	77	11	11	20	53
80	93	95	14	35	37	35	9
26	68	42	34	87	39	87	90
23	1	26	82	50	27	31	94
23	97	67	54	6	13	10	4
34	53	84	54	85	37	44	35
25	38	87	57	23	38	10	56
43	74	48	88	32	79	12	42
80	8	21	65	17	68	92	13
70	97	91	83	2	49	51	86
25	35	89	92	57	13	58	10
70	4	5	16	33	25	28	35
77	25	64	38	8	100	50	6
73	18	46	22	17	9	27	56
28	21	81	67	43	26	15	20
88	58	74	72	89	29	34	36
31	40	32	82	92	35	89	12
93	40	73	31	29	10	66	73
69	83	20	98	11	48	2	95
99	28	16	98	61	13	26	73
92	28	21	48	40	80	43	75
77	4	42	49	23	4	14	28
75	91	37	54	20	74	15	26
66	40	61	75	65	56	65	72
18	32	92	57	97	63	52	13
64	36	1	93	30	73	9	46
54	65	22	39	20	16	49	37
2	2	2	2	15	53	48	96
15	4	99	1	43	22	76	2
34	99	95	43	32	58	59	70
63	62	83	99	35	65	79	52
60	25	26	37	97	97	97	97
4	4	4	4	93	93	93	93
69	83	26	5	58	19	32	99
89	11	56	6	48	55	47	79
35	92	79	37	44	13	86	72
66	58	28	82	85	71	72	70
8	67	5	58	86	9	2	29
68	69	21	86	82	58	58	22
23	31	32	43	42	66	83	29
5	14	7	66	27	16	79	26
82	28	30	52	3	72	20	52
46	60	30	25	68	50	17	53
2	20	72	72	19	56	23	2
98	99	8	73	20	8	79	65
4	70	74	23	33	51	99	47
86	34	25	21	26	75	18	37
48	28	51	16	2	2	34	83
86	22	15	93	2	68	33	7
86	80	87	62	41	41	12	17
36	73	28	58	9	1	64	27
21	24	74	4	61	31	74	10
23	81	66	63	83	29	95	75
76	81	32	19	52	54	90	39
5	13	64	98	4	68	61	3
40	29	85	83	39	82	63	66
19	6	56	22	24	97	22	68
84	85	29	19	20	78	33	41
33	11	98	92	38	26	23	1
11	15	97	5	48	33	73	7
67	21	17	17	54	4	81	8
83	61	4	48	90	53	14	56
26	44	67	79	45	39	2	30
54	13	90	18	78	30	20	41
92	53	79	48	71	52	55	67
3	53	11	62	3	48	50	15
9	90	52	17	73	84	28	42
93	4	84	48	75	66	72	3
69	79	91	92	5	1	57	90
16	12	87	46	79	71	53	18
95	96	27	60	74	82	51	60
23	73	1	7	99	42	74	75
94	59	34	1	8	77	80	40
1	1	1	1	72	73	66	43
69	83	98	83	86	60	70	16
39	2	71	34	4	7	98	22
5	23	11	76	40	47	70	71
39	62	92	2	97	97	97	97
5	5	5	5	98	98	98	98
39	29	4	54	87	65	34	95
76	46	47	44	88	52	92	60
44	39	99	79	21	68	49	11
75	36	83	41	22	43	76	65
14	28	63	89	30	89	96	93
78	76	82	53	16	90	90	85
60	17	90	57	26	2	29	35
4	86	33	85	2	64	85	67
32	95	69	77	23	36	46	5
74	86	28	46	49	27	100	41
36	94	17	12	31	66	31	35
66	2	95	7	95	89	89	33
37	45	78	87	44	57	27	15
71	19	22	93	35	56	45	90
86	28	21	71	33	4	69	55
36	89	97	88	35	76	14	19
85	11	82	82	64	72	26	36
4	9	68	11	63	33	35	54
14	48	8	15	53	47	50	44
98	65	60	41	66	12	33	61
99	16	38	93	67	86	67	25
51	28	79	97	8	98	53	74
28	83	64	59	92	37	6	36
64	74	47	98	95	96	41	13
43	50	77	71	35	80	68	31
51	59	21	27	81	37	24	29
9	73	99	85	13	75	14	90
58	12	64	90	92	47	92	42
14	58	37	44	77	76	18	28
47	78	74	38	2	87	96	45
60	54	47	7	16	11	74	5
3	100	98	71	66	2	72	90
31	29	48	63	37	9	82	1
82	25	70	33	48	60	24	100
52	27	43	3	98	30	37	4
6	12	7	3	64	15	24	16
60	2	70	82	23	75	71	65
1	81	13	96	80	44	12	27
55	3	84	13	19	58	85	71
46	7	78	100	45	25	96	81
1	1	1	1	14	83	78	43
99	70	88	16	9	94	41	99
44	97	5	74	29	22	43	33
94	70	61	100	49	18	81	98
27	70	1	23	90	90	90	90
10	10	10	10	92	92	92	92
55	63	35	60	76	38	71	87
6	5	27	34	2	20	92	46
42	58	20	39	32	31	46	65
18	95	60	31	3	73	76	36
89	96	13	2	13	24	27	45
74	84	25	37	74	67	78	95
12	74	66	31	49	35	48	52
61	86	37	24	47	87	61	69
36	73	29	75	4	2	78	52
32	3	62	19	29	82	76	92
39	70	7	93	52	49	16	82
98	85	2	76	11	33	73	53
75	45	70	10	37	19	31	97
42	72	77	12	53	18	85	84
82	72	55	18	3	35	71	5
78	16	85	22	31	82	37	85
83	9	99	19	71	32	31	74
3	32	58	86	4	84	14	100
42	37	25	98	7	49	38	11
40	5	84	64	23	93	54	64
39	100	18	94	24	55	7	84
67	34	43	94	58	68	15	43
6	18	100	60	78	28	49	71
17	29	42	56	9	97	82	62
84	62	1	46	8	4	31	77
100	82	11	20	45	4	64	22
76	46	56	9	43	8	88	29
31	96	54	28	79	68	69	20
81	34	20	31	89	77	58	58
10	55	56	70	26	78	63	86
12	16	80	48	65	6	88	56
27	48	5	89	87	62	93	15
9	23	72	35	76	88	95	5
89	16	22	14	11	7	99	67
5	60	17	31	68	89	47	85
49	41	35	24	10	71	22	22
12	66	54	25	91	73	58	10
24	46	13	26	61	32	50	2
18	69	71	42	77	81	91	47
89	68	27	35	1	89	49	2
3	3	3	3	73	17	23	22
66	31	22	58	6	18	52	98
21	24	73	31	31	87	48	26
15	75	35	69	72	13	52	47
23	97	66	62	100	100	100	100
2	2	2	2	98	98	98	98
17	77	90	88	9	1	63	61
26	24	12	65	2	94	9	7
7	16	30	47	35	78	32	54
24	21	100	47	22	36	16	33
79	84	100	66	59	30	3	56
29	42	44	75	59	25	60	40
33	44	25	20	91	56	11	93
79	21	38	39	67	42	48	51
99	28	76	82	19	7	90	84
3	42	27	10	11	43	4	1
23	76	49	49	59	23	76	97
2	60	51	62	35	84	22	52
21	80	79	79	40	76	96	41
14	44	11	6	33	11	62	20
34	77	60	40	48	20	59	15
21	47	27	73	33	70	12	10
100	40	94	8	17	43	70	90
46	88	65	90	26	11	30	2
39	45	73	45	93	93	59	98
52	45	56	37	7	39	29	6
27	71	81	66	9	86	3	57
46	35	100	63	35	49	36	16
46	50	58	19	53	29	33	76
35	99	19	15	62	39	65	21
24	38	98	100	16	33	78	79
93	53	12	100	21	64	57	30
57	97	84	75	34	83	23	43
10	38	6	96	90	59	46	83
18	33	59	46	4	69	76	99
13	71	82	75	75	49	47	10
21	88	36	46	44	98	79	63
53	92	54	42	60	67	24	13
69	55	79	58	42	17	18	25
35	20	29	1	21	86	85	64
95	11	53	12	15	17	46	43
2	38	55	67	18	33	42	4
73	65	26	95	51	63	75	81
74	55	42	51	57	46	13	28
45	88	23	46	99	69	44	16
68	13	91	58	86	69	60	16
1	1	1	1	45	27	7	84
94	97	70	12	85	84	63	68
84	66	98	18	30	4	33	7
15	63	96	93	2	84	95	2
3	12	59	32	90	90	90	90
3	3	3	3	94	94	94	94
81	42	59	46	91	80	93	51
32	90	10	11	74	87	70	87
2	81	58	8	26	61	81	88
13	55	97	35	25	57	49	83
43	60	76	42	82	40	53	100
42	63	70	10	27	90	8	12
88	32	60	76	5	43	88	39
72	27	78	3	49	14	31	97
30	40	77	60	35	82	41	54
68	39	42	80	94	19	95	66
43	51	82	62	56	85	98	4
90	29	24	95	58	22	39	16
4	21	41	1	88	28	83	76
36	70	26	44	68	100	70	80
48	11	20	77	98	27	81	47
19	17	17	80	83	30	84	95
8	93	62	86	55	29	30	40
21	3	8	89	48	17	79	97
94	89	1	98	58	75	100	42
52	94	7	4	40	90	69	18
18	69	39	73	77	32	53	97
19	2	88	43	98	49	1	46
81	73	80	8	31	57	13	49
48	34	8	52	72	55	83	5
49	18	93	29	30	49	9	83
64	45	65	78	97	63	31	19
2	68	77	45	55	26	30	99
1	20	96	39	6	99	93	47
10	98	58	30	10	15	21	53
76	74	34	57	58	89	15	48
6	48	76	15	52	28	98	83
83	7	3	33	31	29	56	75
39	29	23	46	99	27	44	24
33	53	43	82	16	74	67	92
30	2	43	14	55	64	16	93
41	56	62	66	15	32	80	48
26	43	18	5	5	13	62	85
59	11	14	27	84	50	32	6
1	19	36	19	32	16	82	94
9	73	10	60	69	33	32	8
7	7	7	7	22	39	33	47
88	69	45	43	58	99	6	22
58	65	50	22	19	71	5	60
34	72	87	81	48	60	29	2
86	40	13	47	97	97	97	97
10	10	10	10	90	90	90	90
42	42	62	27	84	86	47	82
69	67	91	27	52	20	53	41
28	59	66	10	98	71	66	72
39	27	29	50	13	52	36	72
73	52	78	7	18	53	64	32
100	13	38	88	27	99	48	9
94	68	58	12	95	52	78	22
26	50	54	94	23	57	19	22
85	85	67	96	74	71	32	38
9	55	7	34	94	78	22	4
99	92	70	7	43	86	37	10
17	26	57	45	33	60	90	74
20	55	83	13	86	44	83	38
51	96	68	75	21	52	77	77
62	87	54	83	87	100	2	33
71	99	25	27	94	79	62	82
7	53	71	41	76	66	51	73
9	38	17	6	61	74	2	98
16	16	64	75	66	68	88	34
79	24	21	95	7	99	11	40
37	14	53	53	75	52	93	29
76	28	79	17	36	27	89	92
38	23	35	84	12	47	34	22
88	85	40	44	82	12	32	17
34	6	18	64	67	89	26	63
28	86	78	61	56	63	70	76
4	64	92	10	27	20	49	52
44	1	23	95	39	69	69	100
78	82	15	5	83	38	72	84
59	31	50	83	57	84	87	21
77	46	34	50	95	74	74	99
33	96	96	46	92	40	90	82
50	56	27	90	91	44	4	16
38	26	17	34	16	80	43	88
39	72	79	30	57	63	66	75
85	78	89	19	38	63	57	93
83	41	28	50	1	47	41	16
42	63	24	34	62	11	73	93
26	71	46	87	80	26	44	44
69	83	56	29	73	10	98	3
6	6	6	6	7	54	78	2
68	99	29	26	55	96	29	28
82	42	22	31	91	26	87	81
20	2	10	46	16	72	64	71
43	19	29	46	97	97	97	97
6	6	6	6	94	94	94	94
81	75	78	11	7	71	40	67
46	56	40	87	31	99	34	60
82	36	77	17	89	85	88	28
60	18	10	92	36	69	13	95
39	27	20	84	11	37	36	85
93	13	37	55	60	18	68	80
74	32	89	16	43	93	48	69
45	84	30	44	44	9	13	18
31	90	9	8	68	51	87	61
71	15	52	78	79	28	96	62
100	94	36	94	12	82	20	85
60	27	58	90	56	44	41	85
63	41	63	49	48	30	81	99
98	46	25	65	12	31	30	38
25	75	49	9	62	83	50	71
58	47	6	85	77	84	45	81
56	81	34	97	67	19	19	71
10	58	72	99	74	98	45	54
56	87	30	48	40	45	90	41
38	61	74	75	6	81	31	2
18	21	30	94	52	59	4	3
9	16	37	70	33	42	64	1
18	21	52	92	26	47	3	93
91	1	95	51	4	86	71	76
62	19	80	71	51	37	26	30
82	95	29	79	75	72	3	64
17	85	16	82	83	44	55	66
97	86	13	51	8	28	45	60
58	84	62	3	92	87	45	71
90	9	98	9	35	47	57	35
20	26	50	76	74	32	58	24
43	23	96	80	22	84	60	24
9	46	55	68	50	82	98	6
32	77	59	93	81	81	76	74
30	31	70	24	32	62	29	25
49	40	1	29	41	94	55	11
33	57	64	83	88	86	18	22
97	41	93	17	71	89	59	63
52	6	24	90	57	49	100	27
91	73	51	36	60	80	60	74
10	10	10	10	86	42	83	22
83	97	67	93	1	77	58	47
76	13	35	28	96	92	10	26
56	8	20	27	63	41	49	32
85	42	73	21	96	96	96	96
2	2	2	2	96	96	96	96
35	100	71	57	91	90	98	59
60	70	60	39	98	88	9	50
40	5	6	12	75	60	81	30
63	35	50	100	51	69	38	60
79	99	34	51	90	15	73	18
6	84	10	85	5	49	25	11
67	77	100	87	37	32	45	34
45	77	71	41	1	33	70	6
63	42	81	33	61	49	74	72
18	30	34	69	46	86	66	5
75	31	54	32	54	30	87	54
35	19	45	32	90	95	46	25
88	64	72	22	78	21	98	77
79	89	38	94	53	98	7	23
86	45	67	32	22	42	81	15
5	8	100	76	70	37	24	71
95	100	82	99	42	12	23	37
66	67	15	78	69	64	27	27
53	4	98	7	31	52	36	77
36	94	98	43	87	87	30	43
91	28	54	83	26	49	66	34
75	54	30	44	64	56	97	97
76	80	75	11	65	77	8	20
68	15	4	37	67	88	29	58
31	80	44	33	79	91	31	75
59	38	90	88	75	81	42	32
24	72	70	14	42	61	93	92
42	59	42	78	65	85	58	90
8	96	93	13	10	67	54	34
82	16	14	44	49	40	64	3
40	92	68	30	43	7	33	65
26	75	57	37	29	97	71	43
39	20	4	39	39	93	82	99
48	8	25	13	86	77	13	67
80	25	81	97	18	31	47	81
29	32	100	29	2	18	86	63
24	33	69	25	91	5	61	93
41	98	10	85	87	42	56	96
42	99	19	33	35	76	12	26
17	42	67	76	6	21	30	95
2	2	2	2	97	82	19	96
93	73	14	42	65	48	38	16
44	65	85	68	13	67	55	49
96	10	13	67	34	99	75	48
49	44	90	38	90	90	90	90
3	3	3	3	96	96	96	96
15	27	3	94	98	12	74	21
58	100	97	67	77	47	90	67
61	10	79	88	50	84	66	52
84	52	90	1	64	33	56	1
73	28	22	30	23	64	7	52
26	26	19	11	99	30	80	52
83	88	48	56	38	42	51	88
87	39	1	15	69	44	92	65
55	7	58	46	63	78	28	53
9	4	12	43	86	39	62	73
29	56	68	84	71	3	74	77
25	1	44	53	42	26	66	91
96	69	1	34	61	34	71	26
91	73	99	13	20	98	73	39
90	77	64	78	64	26	24	82
7	33	19	91	63	20	89	17
22	50	44	76	46	34	22	62
97	7	15	83	83	82	77	21
92	44	15	96	8	19	72	66
10	68	49	34	56	94	48	91
55	62	9	16	71	50	40	64
53	90	15	78	77	74	51	23
44	72	49	80	69	85	22	24
53	86	57	90	28	39	19	73
33	85	35	71	23	13	63	47
26	88	85	87	49	65	3	53
83	19	19	70	54	91	49	75
66	40	87	98	71	74	23	9
55	35	67	2	73	94	95	37
80	25	37	86	70	83	47	94
61	3	70	69	61	42	14	69
34	7	4	35	24	54	41	81
53	68	42	98	39	73	55	35
43	99	99	82	74	45	29	34
48	85	73	14	94	33	4	81
11	94	97	64	54	73	42	9
29	61	96	58	68	49	17	10
15	44	1	46	43	88	94	37
78	94	30	42	44	9	69	61
51	5	44	42	90	74	74	26
8	8	8	8	66	31	69	40
9	74	32	91	26	92	69	22
37	37	95	8	37	58	87	51
78	78	11	49	12	64	32	54
24	5	45	40	97	97	97	97
5	5	5	5	99	99	99	99
78	69	43	8	91	45	77	66
68	33	70	100	88	68	24	57
42	97	40	11	94	75	47	31
93	22	43	55	46	62	3	85
40	39	7	100	77	30	70	84
17	93	33	81	77	50	39	92
63	97	48	6	30	89	12	77
54	4	26	8	49	22	68	88
57	68	64	67	94	37	74	12
36	15	5	64	80	77	43	66
87	22	22	69	56	90	46	21
94	70	88	23	16	35	96	50
77	93	93	52	1	85	90	24
70	62	94	45	1	46	70	32
97	44	87	50	64	22	67	45
34	89	32	6	2	45	90	95
53	63	45	55	62	84	16	95
14	63	53	80	89	91	22	48
15	26	60	77	43	6	10	100
89	65	76	20	96	30	93	12
77	12	70	43	67	28	82	56
100	17	27	38	61	26	59	14
44	54	81	20	4	5	41	61
43	62	59	66	99	26	91	18
27	35	93	90	75	7	24	32
32	78	61	13	80	65	63	25
86	81	56	62	99	35	75	19
89	37	98	85	6	92	96	15
75	66	35	50	17	40	91	83
38	19	45	36	7	63	2	23
15	29	3	43	59	62	97	20
94	71	56	37	77	1	52	50
87	91	45	39	85	18	8	17
26	35	56	43	40	72	5	95
25	47	59	98	25	49	6	71
18	48	17	83	74	28	39	3
22	29	36	96	7	12	57	18
32	24	16	18	33	49	39	98
11	11	82	48	59	13	94	32
81	23	57	63	80	10	16	26
5	5	5	5	44	77	38	30
83	63	56	81	12	83	51	82
60	8	2	53	55	52	54	23
65	6	72	59	13	61	6	81
80	28	2	19	97	97	97	97
8	8	8	8	99	99	99	99
60	11	16	86	92	83	33	1
82	22	21	38	55	58	26	16
5	93	14	39	19	49	93	69
47	40	8	36	99	86	43	14
87	29	14	20	25	31	64	13
17	75	18	83	1	41	44	15
45	78	26	57	16	91	2	32
16	30	7	85	6	87	91	76
85	87	17	82	23	48	12	81
66	11	96	12	40	35	37	92
54	45	54	10	32	5	36	36
69	72	50	19	66	79	2	82
47	38	31	93	59	99	94	46
39	30	11	33	18	14	72	19
58	54	74	13	38	83	68	67
69	9	78	19	24	69	96	42
68	39	63	66	37	58	52	75
40	22	76	13	80	31	55	76
27	75	40	53	47	41	61	54
32	80	48	77	24	7	53	90
44	39	87	49	65	37	8	50
51	51	64	70	83	45	34	58
74	14	58	81	9	86	28	21
80	32	9	63	39	96	15	89
10	74	7	25	44	11	16	45
46	31	28	8	82	75	91	2
93	93	89	89	41	17	50	54
36	62	83	77	77	48	57	22
49	87	36	93	86	58	66	36
56	32	41	11	3	24	36	56
88	22	57	91	47	99	68	83
66	4	93	64	20	44	30	28
37	22	53	59	65	25	33	52
43	24	89	41	66	78	71	3
38	91	27	43	28	12	42	55
44	80	68	14	52	30	22	52
95	30	75	38	98	18	71	20
43	67	89	98	15	27	24	13
24	79	95	58	74	37	93	18
11	50	59	28	76	26	81	25
9	9	9	9	73	55	89	69
8	50	13	89	26	41	5	13
66	32	2	94	56	68	55	43
37	52	33	38	61	21	42	80
51	10	3	58	99	99	99	99
1	1	1	1	99	99	99	99
68	95	65	93	43	97	57	25
16	33	10	58	54	22	25	66
86	64	71	16	27	75	29	58
67	10	66	94	18	56	23	38
49	94	56	15	40	46	70	79
1	62	79	22	75	33	34	87
39	85	100	14	58	39	73	49
36	19	44	42	95	65	32	93
76	12	38	4	45	45	56	82
65	41	20	68	59	100	58	22
69	19	88	53	65	57	86	54
25	87	37	20	93	36	3	52
83	92	38	34	25	76	9	1
53	67	23	94	59	40	79	7
17	81	57	52	21	70	54	61
2	10	17	6	96	53	54	6
2	31	85	23	51	69	81	36
90	73	44	53	28	98	9	7
32	93	76	61	64	84	84	32
34	58	52	79	4	89	28	61
50	56	83	9	34	33	50	5
67	70	22	23	27	33	24	88
50	13	64	75	37	75	12	37
86	23	17	75	60	54	17	47
86	13	21	55	99	43	80	82
83	64	39	87	33	70	57	39
27	84	21	46	44	91	83	7
69	19	92	67	54	54	30	22
10	31	56	58	28	5	18	87
26	3	38	20	47	83	40	52
45	28	56	72	37	3	97	42
45	21	2	83	83	84	3	20
18	77	54	30	8	87	4	92
69	50	29	85	61	51	83	49
59	9	75	23	36	63	69	54
91	51	20	70	97	83	81	93
55	81	32	9	68	59	21	100
71	69	84	32	13	34	30	50
84	53	94	53	54	63	70	26
45	75	25	39	32	7	72	53
8	8	8	8	22	29	13	51
66	3	89	16	68	39	56	12
85	94	83	8	47	4	56	19
12	44	4	30	12	95	31	11
60	7	40	37	92	92	92	92
10	10	10	10	94	94	94	94
93	54	96	74	44	90	43	83
45	59	79	68	55	23	39	25
29	75	4	4	31	25	43	94
95	66	67	56	54	78	83	81
98	45	73	44	69	19	64	62
22	34	23	55	94	79	18	21
56	26	2	90	5	12	74	1
91	22	67	87	41	67	76	16
3	45	29	82	43	64	43	11
69	41	39	46	47	10	78	99
76	22	90	80	37	43	15	54
43	51	77	45	62	42	22	80
81	16	36	71	24	40	44	79
37	97	93	63	18	74	24	71
10	4	27	32	91	25	99	8
52	19	83	58	46	64	11	17
67	44	47	25	68	5	26	11
4	3	45	93	13	38	14	85
45	17	36	24	82	83	37	12
99	4	81	13	77	68	70	29
3	9	51	82	50	83	54	32
9	86	100	23	41	93	98	81
12	55	84	39	15	49	51	26
72	69	50	58	60	84	91	79
30	60	34	4	36	92	16	18
4	77	22	4	100	29	1	34
53	65	34	52	53	17	50	42
10	43	53	18	28	69	29	81
42	8	53	61	20	36	30	15
100	16	5	82	70	44	86	9
54	1	8	82	23	62	57	53
39	11	5	55	74	25	8	90
24	63	63	10	12	35	22	66
33	98	78	33	98	43	29	13
47	100	23	42	62	61	73	18
36	36	25	97	35	33	41	7
40	83	49	43	55	95	24	97
15	27	2	64	55	21	3	67
56	64	48	33	19	53	80	12
78	4	33	49	20	49	20	63
5	5	5	5	100	2	52	96
19	7	15	6	72	20	13	87
20	58	67	94	68	91	80	5
28	9	41	97	64	56	14	21
33	96	20	34	94	94	94	94
3	3	3	3	90	90	90	90
23	50	99	37	27	86	44	23
82	4	12	8	39	3	50	63
74	87	57	6	97	68	10	84
18	2	73	55	86	29	84	23
11	45	39	9	32	85	90	65
97	93	35	78	65	55	82	70
80	73	2	50	16	98	21	95
59	37	13	66	41	5	71	42
81	92	45	92	47	74	68	56
93	23	94	39	50	52	59	12
71	51	87	100	8	30	72	51
90	52	62	48	98	52	59	60
82	7	38	59	52	91	1	61
45	2	41	97	38	100	56	18
25	36	77	58	97	75	81	24
89	23	16	80	63	73	9	98
59	30	35	1	89	44	4	46
76	4	79	37	7	24	82	71
37	5	19	46	50	32	86	20
38	1	8	80	42	82	8	94
11	41	19	53	89	98	85	97
1	19	10	38	5	87	78	49
79	20	39	19	16	82	52	64
49	80	69	78	39	91	19	21
50	61	9	71	30	17	1	64
19	51	90	7	89	8	36	78
92	62	86	85	6	25	95	85
76	19	37	31	58	94	62	70
48	79	95	75	48	66	21	5
65	29	79	95	66	53	45	61
69	66	74	7	4	52	7	86
43	23	83	55	63	80	71	37
27	59	37	35	1	94	9	42
41	92	30	11	75	56	81	25
20	87	98	95	26	80	94	83
62	46	7	93	32	24	28	60
26	85	24	55	64	56	98	23
82	1	61	26	56	34	62	87
66	27	77	44	40	52	54	74
78	87	27	29	49	14	33	92
8	8	8	8	90	88	28	70
24	32	77	42	62	3	43	54
67	11	8	28	16	66	1	81
43	91	20	95	13	92	25	34
13	18	73	50	90	90	90	90
10	10	10	10	93	93	93	93
13	69	33	70	86	12	67	69
30	62	96	42	65	82	28	80
48	11	73	72	27	11	83	74
83	3	56	71	20	29	37	47
100	95	31	52	51	45	74	4
39	56	90	37	57	74	65	51
16	98	12	50	3	61	51	68
70	29	57	75	86	45	68	79
73	27	86	4	17	29	8	58
41	33	4	85	6	14	28	23
9	49	25	94	86	95	63	9
2	31	11	27	38	83	88	9
53	97	32	92	67	13	34	34
100	1	9	85	7	73	19	86
95	53	8	21	18	87	33	87
14	13	70	41	51	14	54	93
7	32	28	17	35	67	17	9
7	96	18	86	69	41	85	20
21	64	54	31	59	3	86	49
49	14	6	28	92	25	53	55
39	12	14	95	35	24	69	64
1	88	81	56	43	97	12	44
60	32	11	45	43	60	65	77
11	74	63	42	88	74	19	62
14	45	69	57	44	48	73	14
89	46	53	62	39	53	48	4
8	11	7	51	63	10	68	40
97	14	27	47	6	8	53	95
100	73	74	90	43	12	24	19
48	6	100	36	96	67	82	34
63	11	84	22	25	50	100	34
77	70	10	55	63	54	46	17
45	6	6	75	9	4	92	78
27	48	65	26	9	48	20	57
39	64	22	34	53	55	83	8
17	7	41	59	77	71	33	8
99	32	37	83	70	8	51	47
36	45	46	75	7	74	9	10
44	86	68	67	10	23	48	11
7	99	43	98	3	80	99	97
10	10	10	10	16	46	75	6
92	100	62	15	10	57	12	23
8	27	80	62	19	25	33	75
57	10	86	45	83	76	21	1
26	67	73	65	100	100	100	100
7	7	7	7	98	98	98	98
18	66	42	14	41	64	5	43
48	22	57	64	93	67	26	2
77	49	1	20	72	55	83	95
57	51	46	81	79	45	80	34
95	92	39	87	68	28	37	97
11	57	38	73	69	7	62	30
82	59	30	31	60	52	77	28
26	39	9	21	1	56	18	1
89	84	38	100	10	6	99	32
80	82	24	1	76	69	54	17
81	25	32	59	32	42	39	89
92	12	91	63	77	48	47	36
89	95	96	96	46	21	26	61
58	6	33	25	94	19	20	56
17	41	75	59	8	23	94	39
89	61	89	71	12	45	76	50
30	2	27	70	62	52	93	65
90	60	79	83	84	92	33	35
70	40	92	45	17	95	74	100
3	57	33	19	28	3	12	88
52	65	63	58	39	74	5	87
97	5	35	21	76	23	47	35
24	49	62	32	14	54	92	99
89	93	19	71	24	31	52	4
53	3	6	87	1	45	71	12
80	34	80	99	44	93	95	5
17	37	2	92	22	2	47	19
64	48	89	30	66	71	79	53
96	10	28	66	33	97	99	61
23	93	93	44	41	77	49	75
64	18	86	17	15	75	37	15
14	92	99	93	8	45	17	28
97	35	32	12	27	100	92	16
8	66	7	71	12	16	19	68
33	56	62	95	57	61	96	29
70	68	96	85	56	26	67	59
9	53	3	86	26	74	96	71
56	69	64	72	76	43	51	32
39	13	34	23	92	87	57	7
13	13	19	35	80	86	17	63
6	6	6	6	72	2	84	14
50	25	98	97	17	29	92	81
1	29	65	89	51	40	85	18
92	83	31	65	43	80	7	17
14	63	74	68	100	100	100	100
8	8	8	8	92	92	92	92
96	51	10	58	36	75	80	3
2	52	42	11	20	19	93	57
95	4	91	26	77	21	45	78
76	48	100	96	82	24	74	33
63	84	22	29	77	98	30	24
77	1	59	92	82	69	74	22
67	60	58	13	46	44	65	7
25	31	77	67	10	71	92	65
49	96	16	99	28	92	79	74
7	26	38	62	46	66	94	71
18	9	48	98	44	13	88	33
96	66	63	87	55	26	79	16
72	39	46	97	44	27	62	66
95	31	63	95	68	63	80	44
58	4	38	48	37	22	35	90
94	65	57	16	51	50	39	64
23	11	27	64	87	65	98	28
6	83	60	26	56	46	63	16
57	48	6	89	5	64	9	24
83	97	2	75	70	2	34	1
43	47	90	6	67	90	39	51
40	74	46	91	44	16	3	88
40	32	63	49	15	33	42	69
92	84	77	29	40	44	31	13
78	55	24	7	32	61	96	8
10	74	24	53	18	13	77	87
45	6	49	20	99	8	11	22
83	44	11	41	30	93	97	12
46	20	41	61	76	76	22	23
63	18	36	66	95	60	28	95
20	45	3	92	41	39	95	59
93	40	58	26	82	31	58	25
66	49	67	58	3	10	11	70
7	6	19	79	83	90	5	51
93	63	77	76	48	9	39	16
22	31	38	92	70	36	10	11
93	72	61	46	24	69	41	80
99	67	30	88	46	13	61	3
94	21	58	30	97	48	49	10
17	8	80	4	22	72	55	61
7	7	7	7	87	18	14	28
16	84	29	94	3	97	45	56
8	61	95	81	50	3	71	62
15	35	13	99	48	71	44	38
82	76	90	94	95	95	95	95
3	3	3	3	97	97	97	97
24	38	60	59	50	32	53	84
92	83	23	56	65	65	100	38
65	76	77	17	8	28	11	30
99	13	89	56	32	98	5	72
18	35	33	51	22	13	94	92
6	99	98	16	52	27	82	70
61	93	70	75	23	52	1	88
7	43	40	79	5	30	16	96
82	81	91	6	76	48	10	94
73	5	10	20	84	11	28	97
70	12	5	66	28	80	39	59
92	1	2	84	67	83	66	98
17	27	64	14	49	19	67	49
79	56	50	14	93	87	53	50
29	86	71	90	83	98	55	58
58	86	84	13	76	30	81	29
21	97	85	45	69	86	9	70
31	9	8	19	84	96	81	88
40	22	16	89	97	42	51	44
1	45	83	46	93	36	52	28
63	27	87	43	73	60	28	25
58	67	28	62	51	45	96	15
54	64	28	6	98	56	35	28
86	89	20	12	92	23	16	14
36	42	64	80	42	54	47	33
34	33	62	66	71	23	30	79
23	64	27	82	59	26	27	97
25	19	7	25	7	13	65	39
94	56	1	77	83	47	92	7
67	73	57	41	6	28	95	13
98	96	35	12	74	29	15	94
73	92	23	17	98	46	70	75
83	18	11	83	18	48	99	40
60	66	47	52	91	13	55	48
79	61	60	83	7	2	94	62
79	31	85	90	19	51	93	31
100	98	76	49	81	12	43	88
77	2	53	86	95	27	40	86
71	44	99	6	94	90	20	11
50	4	52	72	68	94	38	99
9	9	9	9	92	6	4	78
59	70	76	7	93	55	56	91
65	25	82	30	89	71	93	15
72	14	59	4	51	18	96	53
8	7	89	40	96	96	96	96
10	10	10	10	98	98	98	98
56	55	68	89	39	48	60	60
40	48	19	4	2	35	24	73
69	81	2	99	90	71	21	55
53	30	37	35	90	29	57	47
22	61	49	11	72	37	96	59
47	43	36	86	79	50	95	74
77	13	46	98	97	15	13	61
32	84	43	25	14	56	38	42
86	1	22	100	86	53	96	43
94	28	76	43	96	3	22	12
4	36	18	72	18	8	48	83
89	15	13	69	71	39	15	5
68	29	77	3	86	12	68	66
81	94	23	95	54	41	8	13
73	19	39	79	26	43	42	94
46	74	65	93	7	100	82	74
10	50	97	57	96	4	17	58
95	13	44	80	23	77	23	27
90	80	43	40	45	77	66	37
25	50	20	11	54	32	15	100
17	88	58	67	21	100	95	78
29	45	63	1	70	94	36	90
44	65	88	18	18	65	87	41
11	20	100	50	62	84	52	94
46	91	46	50	87	46	14	77
93	81	96	23	21	48	57	12
14	92	47	91	28	67	64	21
32	15	63	4	48	44	96	80
92	1	79	13	15	29	87	63
19	82	79	62	24	62	85	24
77	61	55	40	73	16	17	46
11	8	34	66	37	78	12	60
10	94	51	21	34	48	37	9
59	82	18	72	49	83	7	49
18	1	50	53	84	63	77	5
91	28	11	96	75	11	42	87
16	56	14	61	95	35	48	45
89	95	30	62	30	100	67	83
97	15	39	33	10	21	67	62
26	95	84	87	14	62	14	48
6	6	6	6	61	56	26	74
64	34	28	27	72	26	25	98
49	78	8	20	45	83	49	45
67	36	77	11	6	16	96	46
52	64	15	34	100	100	100	100
2	2	2	2	99	99	99	99
79	73	7	86	68	30	75	15
39	34	88	57	93	15	44	73
32	44	79	49	61	99	46	22
2	86	42	2	5	41	53	19
86	46	13	10	39	5	46	74
26	10	23	92	72	19	26	19
59	14	1	16	66	56	59	83
90	86	70	75	67	35	37	53
63	74	6	65	37	78	14	95
87	2	88	17	74	62	77	18
1	13	41	72	69	51	71	25
88	23	77	68	4	82	4	53
21	78	29	90	53	3	17	97
68	1	58	33	12	33	76	88
49	13	72	71	8	19	83	68
55	21	69	64	98	56	48	24
63	5	99	85	49	20	92	79
14	18	61	4	89	12	46	33
55	66	20	69	99	82	90	26
19	26	1	82	13	54	86	7
57	4	4	82	44	23	86	90
88	38	45	31	67	66	94	8
50	52	5	26	80	11	28	38
88	96	99	62	29	43	4	8
81	84	43	92	41	23	53	59
25	68	45	88	79	86	64	70
10	60	95	95	49	29	17	38
94	65	29	13	70	76	69	27
97	46	15	77	80	69	52	73
3	26	92	1	38	26	91	22
93	96	64	16	47	15	9	63
2	89	70	22	89	72	84	80
94	36	5	31	27	87	29	9
15	55	29	11	75	70	71	43
26	17	3	45	69	62	49	99
77	1	13	11	93	89	23	50
15	92	91	3	19	3	16	44
66	79	15	85	11	20	6	47
17	99	67	65	9	19	57	6
13	5	13	57	23	55	52	10
9	9	9	9	37	60	45	53
57	28	62	99	57	97	64	24
93	5	8	56	78	40	55	56
98	35	68	3	50	5	16	26
90	83	87	66	91	91	91	91
10	10	10	10	100	100	100	100
79	7	54	74	45	98	12	79
71	64	34	33	83	47	34	39
71	42	86	20	37	91	69	72
99	80	29	80	10	37	44	90
21	98	74	63	64	74	58	7
66	28	40	4	92	43	73	12
24	12	87	16	79	64	51	40
74	25	84	90	58	77	87	11
14	87	37	6	35	52	1	4
53	89	71	22	73	84	93	21
32	40	51	86	3	63	15	86
28	46	58	89	37	58	95	70
32	30	17	13	84	32	22	29
26	88	46	61	3	41	97	100
34	93	66	10	98	52	49	53
99	10	93	87	77	1	75	63
87	4	17	4	32	13	63	30
41	52	84	55	27	3	77	31
52	93	13	11	45	5	17	63
7	55	6	2	14	21	58	91
3	83	17	31	100	99	29	81
1	74	67	47	41	4	23	84
35	25	59	91	62	2	83	84
36	79	96	2	31	16	60	77
55	71	99	69	29	83	54	39
85	72	46	82	15	36	9	91
65	92	94	62	10	3	29	95
92	30	47	100	36	7	9	37
22	86	29	37	31	2	2	99
64	94	97	49	100	64	48	27
94	36	76	46	89	18	65	39
17	15	2	75	72	74	3	5
2	9	98	51	87	99	41	15
37	36	57	12	44	28	67	16
75	77	49	28	15	20	27	80
27	93	84	99	5	63	38	86
9	58	86	37	40	13	43	98
37	34	98	87	88	73	94	59
28	100	93	31	43	16	12	61
47	17	83	25	74	94	64	68
6	6	6	6	70	33	73	97
89	23	41	10	79	95	44	97
32	55	60	99	65	82	91	2
30	90	81	26	46	54	66	63
58	27	85	97	98	98	98	98
1	1	1	1	95	95	95	95
26	74	89	41	26	50	1	37
31	47	2	52	55	64	40	98
20	77	30	44	2	3	14	9
70	33	76	4	40	46	82	66
28	14	69	52	60	21	6	58
71	11	48	82	84	53	20	99
86	18	48	68	40	55	8	24
23	91	67	26	51	3	53	3
1	55	26	55	49	20	77	37
66	31	65	57	69	12	64	14
14	82	12	5	72	57	26	19
16	20	23	40	88	55	3	47
55	15	79	38	98	55	88	71
38	38	63	75	79	37	12	51
49	71	81	68	85	39	42	47
14	59	62	41	25	28	91	60
79	6	84	97	31	6	82	69
25	100	77	55	35	38	56	43
23	13	41	1	57	8	100	21
91	17	48	33	67	30	63	29
15	4	13	12	29	61	46	97
84	36	8	41	8	91	66	64
87	60	61	88	92	32	67	35
36	56	6	7	17	88	20	50
37	88	39	30	11	42	48	19
66	21	25	73	29	35	59	37
20	43	71	47	89	93	89	71
13	8	70	5	89	41	21	50
90	92	97	24	41	46	87	64
67	26	81	68	72	56	37	57
52	88	4	17	12	49	31	56
82	34	42	42	4	75	58	48
56	24	7	27	36	49	82	88
74	10	88	51	19	97	37	26
25	49	65	53	47	94	80	54
55	3	69	44	18	80	93	10
16	69	37	66	97	94	67	17
67	53	83	15	7	64	44	13
90	62	96	58	8	21	9	48
44	69	27	22	47	80	42	68
9	9	9	9	36	95	73	21
86	39	96	83	74	77	48	51
69	7	86	71	37	87	6	19
41	34	89	22	57	46	50	47
89	6	12	77	95	95	95	95
5	5	5	5	97	97	97	97
60	83	86	89	53	18	92	17
94	26	82	13	82	20	62	20
36	57	86	62	77	31	12	83
89	14	9	41	97	28	80	45
60	8	9	61	80	14	35	80
5	38	49	36	15	63	99	61
18	70	43	94	43	59	37	89
6	21	63	20	37	62	19	14
98	11	79	23	65	43	59	58
85	80	73	52	88	91	45	68
95	36	60	93	26	54	52	70
51	57	58	61	40	34	39	80
96	55	15	9	16	82	4	56
70	94	43	34	92	57	80	71
94	1	61	97	58	64	70	58
6	61	95	75	78	22	82	62
24	82	29	69	89	86	48	71
8	56	10	74	4	45	25	34
100	78	29	65	83	66	87	45
63	11	62	25	87	82	62	92
48	67	79	73	39	60	2	29
36	40	91	65	35	76	43	41
29	58	43	97	53	3	18	28
30	34	83	93	46	31	9	63
14	72	77	47	96	70	65	42
6	99	1	92	80	1	88	36
57	56	66	4	8	14	99	84
58	10	23	56	42	20	41	47
20	59	72	70	44	45	9	89
61	53	56	32	44	42	28	57
7	89	37	83	58	29	93	76
15	62	9	73	26	98	37	62
72	24	39	82	53	14	73	78
95	37	73	87	61	1	100	31
73	73	99	31	56	100	29	46
38	82	81	69	27	10	93	76
65	29	86	88	85	98	32	98
91	73	7	46	82	53	39	47
77	27	5	21	1	85	85	45
97	49	20	90	28	45	53	44
1	1	1	1	89	3	48	36
65	92	70	22	78	67	27	26
70	55	86	81	45	32	50	94
45	68	61	2	24	8	49	34
92	27	84	57	98	98	98	98
10	10	10	10	99	99	99	99
20	46	11	36	40	91	27	32
54	13	100	22	32	18	11	50
100	88	74	48	96	9	42	47
90	87	70	77	63	94	74	36
10	94	27	23	11	87	32	37
52	59	12	69	65	21	8	60
29	51	7	67	34	7	20	42
59	81	9	79	41	7	86	38
82	100	6	90	26	82	3	63
45	26	64	96	30	80	13	22
1	26	40	34	7	10	15	87
95	79	18	32	97	47	56	36
44	39	22	41	21	73	90	11
72	18	97	57	28	48	79	92
63	23	46	63	19	67	56	8
26	94	35	68	5	25	2	37
49	31	82	49	71	60	62	53
99	56	52	99	9	94	70	1
9	80	14	50	91	60	48	34
37	60	74	45	52	19	29	88
85	10	74	86	13	27	53	7
68	81	27	60	98	48	86	68
31	21	65	96	76	36	58	77
3	36	2	17	18	92	61	92
70	38	69	61	8	24	39	89
90	72	85	14	54	86	4	45
8	18	25	4	47	79	97	55
93	75	43	78	68	6	53	63
39	16	41	45	71	36	47	68
88	19	13	29	30	78	65	11
39	58	93	44	85	62	64	86
92	27	34	83	62	38	34	83
40	32	23	11	95	1	69	42
40	58	2	97	31	3	13	75
46	14	82	58	35	44	30	54
88	31	57	98	72	67	9	9
32	86	14	35	96	33	76	68
65	97	24	36	84	23	30	28
66	33	81	33	89	63	16	79
75	30	44	99	75	10	68	12
2	2	2	2	80	67	30	95
51	36	59	34	7	46	90	67
75	95	52	55	48	1	80	99
76	68	21	54	8	83	10	48
31	11	22	14	93	93	93	93
5	5	5	5	100	100	100	100
59	96	47	7	48	56	45	40
11	83	79	28	2	99	58	66
93	42	86	37	17	52	93	75
22	80	17	6	21	53	49	10
5	3	22	73	27	19	16	50
26	64	30	56	19	57	94	86
82	29	89	67	14	62	1	29
92	58	86	54	9	19	35	53
73	46	55	25	77	81	82	25
73	31	6	84	46	2	17	63
54	80	54	52	97	35	68	85
31	34	15	57	25	47	56	38
90	25	79	84	8	79	4	24
37	74	66	76	10	25	16	27
57	66	90	6	34	26	3	73
58	36	82	81	47	78	8	1
72	42	30	30	5	8	36	98
2	21	65	47	8	95	65	28
19	19	91	79	28	93	30	3
30	44	67	83	61	92	71	59
23	79	50	96	27	90	20	92
95	4	66	9	91	63	10	9
41	10	94	7	36	70	29	42
31	39	15	58	63	45	99	72
41	10	81	48	65	69	7	68
24	99	5	4	22	71	53	89
71	95	42	54	17	43	2	79
26	79	72	60	95	29	74	33
42	3	54	30	46	39	64	69
11	54	51	95	79	58	87	85
44	54	56	9	46	83	6	88
38	77	85	35	76	97	38	77
58	24	68	49	50	76	39	26
92	4	48	15	98	17	87	23
79	32	38	27	69	10	75	1
35	7	29	84	73	14	8	60
52	60	100	66	74	75	42	55
94	66	55	48	93	1	40	10
98	29	70	21	37	95	63	67
22	91	22	60	17	41	32	16
4	4	4	4	93	10	24	23
16	99	12	32	31	13	63	84
30	15	9	74	100	7	55	49
63	97	3	16	37	26	91	48
28	5	25	34	98	98	98	98
3	3	3	3	99	99	99	99
24	34	43	19	57	92	11	83
26	57	58	82	85	46	88	60
49	3	43	30	84	11	93	43
88	27	50	93	9	68	49	58
12	73	20	63	81	19	44	90
46	38	57	2	54	98	34	59
25	62	64	44	97	90	22	15
82	82	75	79	63	92	60	79
77	72	47	81	71	91	62	76
15	69	24	83	71	60	99	20
27	90	77	12	32	8	7	43
64	6	60	78	85	95	50	59
86	1	21	35	94	100	52	8
61	36	99	97	24	40	87	71
86	79	62	40	66	14	8	81
53	84	100	73	57	94	56	48
88	92	51	37	10	74	77	93
79	24	14	61	63	17	52	79
91	65	38	85	63	79	81	63
60	55	9	29	30	54	23	57
36	76	18	72	86	58	69	69
97	36	100	73	70	49	41	17
35	45	60	24	20	74	33	1
36	20	8	69	5	69	13	25
47	47	85	6	79	9	27	52
32	16	78	80	90	36	40	62
91	55	99	23	89	56	84	89
95	78	10	92	75	15	84	5
91	25	7	32	43	54	57	28
51	62	97	51	53	73	62	55
16	51	85	93	11	47	38	3
36	93	91	49	94	80	21	61
89	60	28	64	40	94	72	78
64	18	97	96	80	9	44	82
15	57	32	81	49	46	18	20
54	98	2	1	93	72	39	46
45	68	26	44	52	46	30	24
34	64	65	46	36	47	58	22
52	1	66	55	93	39	66	15
81	1	59	51	25	20	100	25
4	4	4	4	86	53	7	72
78	56	88	59	7	69	35	95
100	95	67	75	99	60	32	21
49	53	16	84	97	85	91	77
95	27	77	73	95	95	95	95
5	5	5	5	93	93	93	93
88	49	76	31	70	50	43	55
59	5	11	36	43	57	2	68
86	75	87	96	3	38	28	96
4	44	42	96	93	51	28	18
94	95	14	57	73	7	38	97
69	5	41	52	87	27	83	7
64	36	37	36	14	82	85	34
74	57	37	32	10	15	13	95
83	62	95	82	72	33	97	51
22	6	57	3	33	27	45	46
61	2	94	6	91	1	91	60
74	95	81	15	85	97	24	98
77	91	19	22	70	98	56	99
95	80	70	35	86	10	94	10
90	56	69	55	39	60	49	6
63	4	85	84	7	89	18	24
28	99	50	82	13	30	6	29
52	38	26	21	28	66	6	18
67	100	72	61	74	38	4	63
11	6	73	54	87	25	87	19
47	29	79	22	73	47	67	49
90	73	17	24	38	44	56	16
40	46	39	70	27	70	98	71
81	80	50	57	7	39	50	40
94	80	92	42	58	49	71	60
65	21	53	2	29	57	17	51
27	67	7	8	100	85	86	77
55	28	59	75	6	88	18	20
3	33	3	34	61	6	54	35
91	86	73	71	91	13	65	75
46	16	2	26	79	85	72	21
60	50	8	30	81	8	68	45
24	37	27	6	41	70	17	78
47	32	3	31	21	16	31	95
40	84	59	48	59	73	19	10
64	5	23	15	3	27	59	37
10	68	7	50	43	3	94	67
73	64	1	99	15	21	61	34
1	72	55	42	56	83	82	26
24	56	20	74	42	76	77	26
4	4	4	4	35	97	48	2
23	84	16	68	20	21	61	41
22	43	14	41	43	54	40	57
92	3	11	82	95	16	98	59
91	10	81	85	100	100	100	100
2	2	2	2	100	100	100	100
65	23	56	49	36	55	4	99
81	69	65	51	14	32	75	9
68	67	41	68	53	24	31	13
33	81	61	33	83	20	5	11
34	76	97	55	20	87	73	70
37	79	7	11	6	62	40	16
99	62	35	31	14	59	32	65
32	84	59	17	74	71	40	7
74	55	56	23	99	78	77	93
85	5	18	88	35	53	43	28
11	34	5	99	13	13	49	73
24	93	69	29	74	13	21	7
85	8	55	74	80	21	79	54
6	37	63	39	43	23	43	37
39	63	12	44	49	22	58	97
37	70	53	48	56	85	7	37
30	99	25	56	11	23	52	1
25	76	12	14	89	22	68	41
70	19	18	55	39	39	54	42
27	52	70	10	6	33	60	100
37	3	44	15	13	65	95	79
90	94	99	18	58	2	33	48
88	30	52	35	91	67	12	73
91	78	15	11	87	46	61	90
68	39	81	2	9	71	6	57
92	23	83	25	5	26	5	38
36	25	53	67	96	30	22	47
46	80	3	59	83	77	3	53
14	77	77	38	51	67	68	78
25	56	87	64	14	72	73	87
47	65	55	62	48	25	4	6
91	95	100	64	81	76	29	24
28	61	96	27	91	52	13	46
8	61	23	21	24	42	37	86
1	11	5	51	23	81	37	4
79	76	51	23	39	48	16	37
14	48	74	14	47	94	44	18
84	100	44	61	15	99	56	86
58	80	4	82	53	19	49	52
95	74	12	81	4	13	2	10
4	4	4	4	5	92	43	52
25	94	1	53	59	18	82	24
7	94	25	10	42	61	98	29
62	38	54	10	86	44	16	68
64	90	56	43	93	93	93	93
10	10	10	10	94	94	94	94
17	20	54	90	34	42	88	71
29	45	44	3	33	45	12	100
10	42	27	80	9	95	77	94
84	46	26	7	76	69	99	63
59	18	13	98	28	27	4	63
44	77	5	99	96	36	96	8
58	3	38	13	85	66	100	57
97	60	4	80	51	68	64	68
37	35	93	56	98	18	36	7
57	51	91	93	78	86	53	52
24	23	33	7	19	48	70	67
86	43	88	9	92	2	61	89
94	6	63	90	38	68	41	58
17	48	76	7	49	71	95	85
72	29	25	1	71	61	80	39
87	54	55	33	86	92	93	4
81	77	36	14	61	84	63	47
99	79	94	97	60	61	59	66
95	78	14	64	49	80	96	99
57	35	44	4	81	15	50	19
98	61	72	50	30	45	46	97
13	33	99	98	87	45	51	79
93	59	27	7	11	60	97	94
86	48	38	99	34	43	48	54
93	53	66	88	13	57	86	70
66	18	57	51	34	43	94	8
51	44	53	98	28	9	6	63
94	46	85	62	31	14	39	95
2	17	36	82	34	7	74	58
72	96	41	85	38	16	50	59
29	54	3	27	61	18	2	47
95	68	61	30	76	61	65	68
9	10	47	55	74	37	52	83
24	55	83	7	24	78	58	68
21	91	55	5	30	7	71	71
67	34	61	93	20	64	87	30
95	51	59	33	15	75	61	79
91	11	76	78	84	31	97	19
28	37	25	43	43	88	90	74
82	76	40	65	27	70	64	10
6	6	6	6	95	39	27	68
71	38	11	75	49	20	13	43
88	7	20	9	19	27	84	11
27	5	98	16	6	54	7	71
91	78	11	30	91	91	91	91
6	6	6	6	92	92	92	92
51	49	59	2	78	8	32	1
91	83	33	29	28	73	49	93
80	97	6	7	68	62	42	9
13	49	20	18	77	3	86	98
14	89	16	94	62	8	52	81
41	9	70	31	59	21	9	46
62	18	75	31	29	46	6	27
20	35	11	50	22	100	88	75
90	47	89	58	52	95	65	92
20	33	41	5	39	27	81	71
55	28	47	87	27	76	37	50
61	75	34	37	40	26	87	77
78	18	17	22	75	93	36	73
13	30	83	60	24	51	63	75
28	17	11	57	7	11	62	3
58	84	9	18	89	56	62	38
22	65	8	64	20	81	77	1
25	15	12	22	84	53	32	30
63	70	54	2	85	89	44	23
73	42	9	68	36	25	92	10
94	10	92	61	94	87	5	17
44	39	24	77	85	47	52	90
19	50	81	75	44	100	88	37
23	90	7	16	77	60	5	14
19	40	70	19	12	21	32	82
33	2	14	7	85	45	46	49
20	89	86	8	99	73	6	56
62	96	16	69	14	41	7	20
28	28	48	17	34	69	88	24
32	15	66	76	58	31	30	70
51	44	94	36	79	19	72	31
44	7	17	25	59	95	93	30
30	39	12	86	95	31	12	32
7	36	18	67	43	69	74	23
65	61	29	73	13	5	29	51
21	87	37	44	75	50	100	56
64	42	5	31	17	8	77	30
12	33	73	44	65	70	6	12
13	96	45	54	48	57	50	55
24	49	98	34	24	54	59	26
6	6	6	6	94	36	13	72
53	69	65	44	48	96	67	99
83	64	51	3	45	99	15	88
18	46	30	43	30	66	71	9
34	14	39	45	95	95	95	95
7	7	7	7	97	97	97	97
22	56	3	45	43	70	47	52
19	94	44	24	16	23	73	6
35	84	90	5	69	59	28	57
54	65	15	33	100	94	44	8
16	25	78	99	58	89	98	65
9	31	45	16	91	32	65	32
71	30	34	78	79	88	46	7
98	79	99	43	82	59	9	57
53	39	22	79	69	63	26	66
25	77	90	5	71	18	42	39
60	60	90	46	67	55	82	98
82	100	99	51	100	75	34	94
7	52	7	7	20	82	15	97
9	31	96	45	91	22	78	66
94	92	52	4	41	70	76	11
72	20	53	1	39	41	95	24
17	63	79	42	64	14	27	95
74	86	33	56	93	60	17	67
36	73	89	30	72	74	11	89
93	70	35	12	64	14	62	3
5	64	98	45	89	76	2	94
55	68	35	44	65	11	73	16
85	52	58	2	88	21	95	58
33	37	47	4	56	18	21	23
19	93	62	37	44	59	40	47
54	31	55	69	78	34	46	1
92	86	39	43	72	44	62	81
56	92	88	57	68	52	25	48
4	5	93	86	91	28	68	67
78	48	27	13	98	85	2	99
53	51	41	13	46	37	25	10
21	23	32	37	17	30	78	95
28	21	48	79	82	26	81	16
30	18	16	24	17	63	17	29
20	31	34	98	33	64	58	1
12	51	91	47	49	85	92	79
67	56	2	36	63	97	80	84
94	66	32	98	31	19	25	85
36	52	71	99	42	21	42	87
7	72	2	92	23	44	97	10
5	5	5	5	13	28	91	44
21	10	14	36	70	100	96	62
47	66	46	97	41	53	5	82
3	61	85	58	77	47	44	76
100	80	35	86	96	96	96	96
5	5	5	5	94	94	94	94
25	92	16	49	84	77	64	30
5	49	25	74	13	88	6	65
78	10	26	14	4	22	79	22
2	73	21	24	17	60	100	31
90	22	14	81	99	97	2	29
19	34	1	18	17	40	78	28
95	12	41	63	65	88	13	38
67	27	87	29	90	3	21	83
12	26	36	15	56	91	14	1
93	61	19	33	100	39	99	5
7	64	9	8	44	96	81	49
45	64	76	66	22	80	97	83
13	97	53	90	84	95	97	9
40	46	48	88	72	60	62	85
10	36	59	61	26	22	38	53
26	70	80	86	23	10	40	34
71	3	97	55	16	3	82	71
76	68	57	7	76	95	47	82
80	78	87	35	19	9	16	47
100	60	74	97	87	46	39	84
86	15	61	67	72	14	97	59
82	17	33	55	72	4	6	65
92	59	67	94	84	11	65	88
48	70	44	58	85	58	12	20
4	77	63	40	58	5	49	56
20	51	28	13	79	45	56	42
56	75	68	59	16	27	81	84
67	63	57	11	33	87	95	67
85	90	15	3	98	37	98	30
22	94	26	66	93	83	49	36
69	23	12	98	58	84	49	12
79	24	50	10	15	45	13	92
23	52	5	54	14	13	34	53
1	100	88	74	1	50	86	51
36	69	23	35	23	95	74	44
48	23	72	17	9	4	10	96
22	95	59	13	86	54	57	56
26	12	7	2	92	93	94	50
19	96	64	30	23	84	29	73
44	17	13	87	60	83	28	32
4	4	4	4	31	70	46	42
29	4	30	58	1	32	56	67
36	43	29	97	25	43	2	67
91	83	43	88	68	10	80	14
22	73	58	33	92	92	92	92
8	8	8	8	92	92	92	92
91	15	72	31	37	100	95	18
78	32	35	94	30	32	39	83
21	65	21	21	19	16	48	19
41	24	6	1	96	77	45	64
53	47	67	8	38	24	26	13
73	94	4	7	59	66	44	74
20	27	98	36	22	2	94	72
70	46	84	63	39	67	52	34
56	14	84	12	70	91	52	65
12	46	19	11	37	10	55	98
37	41	79	52	24	31	78	19
55	73	64	81	32	66	21	61
9	40	24	93	63	100	49	40
5	16	61	53	66	29	64	3
49	26	91	29	54	98	24	27
73	31	94	73	93	16	57	88
81	99	66	7	13	82	93	63
66	62	24	79	11	7	31	9
60	62	76	16	94	61	25	10
62	13	44	25	61	33	10	86
61	42	42	43	19	63	11	73
64	17	2	64	23	84	47	76
82	75	41	47	9	40	82	45
3	5	47	82	52	47	60	11
38	83	21	18	95	53	10	53
53	27	40	92	85	51	98	64
78	29	33	72	73	76	30	52
45	35	76	88	89	96	50	28
5	30	41	16	98	67	51	82
31	97	48	90	51	18	69	88
20	47	73	84	32	93	88	86
3	73	50	18	93	64	55	72
54	20	57	57	8	4	86	31
38	53	76	51	13	11	64	74
47	15	82	71	69	80	31	59
33	89	79	48	70	38	32	31
13	93	46	83	63	95	90	40
93	1	84	28	19	22	26	3
38	88	60	6	74	3	22	85
75	82	55	78	24	94	93	66
1	1	1	1	79	68	46	83
36	26	19	40	81	81	39	96
40	100	56	50	56	40	38	49
81	89	50	47	77	17	29	7
34	96	56	28	97	97	97	97
7	7	7	7	93	93	93	93
15	24	19	99	95	100	36	50
27	83	9	60	51	20	62	14
79	84	45	27	28	55	89	79
14	6	14	41	77	36	75	38
60	89	100	91	66	56	9	51
90	9	66	62	34	34	71	81
15	90	58	83	39	91	35	74
91	11	40	84	19	92	20	72
20	3	64	91	35	33	36	88
94	7	66	12	43	26	93	25
74	58	36	97	65	64	39	47
91	54	70	20	94	10	56	11
38	69	100	65	32	19	89	6
91	53	74	47	1	18	30	15
71	17	60	51	26	18	60	36
46	91	82	24	56	53	46	6
80	82	74	2	86	67	62	82
77	79	28	85	18	51	73	8
23	82	81	81	14	19	22	61
73	93	14	72	46	88	28	81
24	81	65	86	23	84	89	25
57	54	51	12	50	79	55	63
89	61	6	24	79	79	58	70
69	18	6	5	89	88	79	46
64	42	98	67	53	56	60	9
22	32	7	67	94	98	94	4
29	54	87	16	46	3	15	65
52	97	34	51	68	100	38	44
94	79	8	33	73	82	38	32
76	21	93	22	44	53	78	71
55	62	67	54	28	30	69	38
79	42	9	84	20	63	63	20
6	33	24	66	41	90	35	73
12	38	38	14	6	45	76	60
19	27	46	74	42	100	89	26
45	9	35	61	13	26	99	24
73	47	100	57	52	55	79	1
79	92	46	6	32	9	23	68
44	32	66	44	80	54	49	31
72	16	43	80	88	12	75	35
8	8	8	8	38	16	76	87
60	40	30	19	22	5	56	30
53	56	48	73	69	63	98	32
85	100	1	13	71	20	40	23
71	85	10	51	99	99	99	99
10	10	10	10	91	91	91	91
95	31	60	21	16	77	82	29
31	70	27	4	93	19	54	56
8	10	19	76	76	18	45	69
22	39	51	69	6	39	71	46
69	53	64	51	83	72	25	23
80	6	44	29	95	78	1	79
40	47	47	23	46	85	17	59
11	12	3	66	9	36	65	96
28	88	65	83	10	44	16	69
85	32	43	73	42	14	38	1
18	61	61	27	98	90	14	86
15	30	66	45	93	29	12	47
72	7	47	85	23	23	64	71
63	88	21	39	60	100	38	67
57	46	2	2	68	48	81	49
5	82	77	34	81	42	12	33
61	90	11	11	28	69	79	88
33	46	71	65	96	95	37	64
6	3	73	50	61	6	77	5
50	78	57	90	27	31	22	42
34	56	14	42	72	89	16	99
50	20	77	69	29	8	32	95
6	10	55	35	47	43	21	72
87	81	13	17	5	58	3	14
20	7	75	42	81	94	54	62
77	38	27	59	51	6	77	20
60	51	14	90	50	9	35	27
75	77	35	72	61	94	23	44
95	83	1	19	83	35	89	38
7	33	43	99	28	32	6	85
50	42	18	23	51	45	11	74
23	86	47	94	82	75	78	57
78	59	15	59	73	37	71	79
61	86	78	54	24	72	72	4
70	95	72	66	69	27	46	29
42	45	76	17	99	76	49	33
17	71	37	25	35	77	22	65
49	7	48	23	31	59	91	62
64	83	28	40	79	36	100	39
19	7	72	44	94	17	19	52
3	3	3	3	54	52	73	65
61	62	27	82	5	80	48	69
14	59	37	37	84	4	47	55
10	15	68	92	79	15	20	37
96	27	23	87	94	94	94	94
1	1	1	1	94	94	94	94
67	16	19	66	67	47	13	27
24	71	62	96	65	43	53	87
33	24	71	71	83	51	93	72
33	72	41	43	63	64	11	60
15	80	42	16	97	1	67	15
26	77	80	73	10	99	18	15
40	3	68	16	11	60	44	35
72	41	80	25	77	22	94	39
44	44	11	71	73	95	75	26
7	20	89	21	27	77	52	29
55	26	58	48	66	49	57	32
50	98	62	61	3	13	57	7
51	94	83	31	84	95	56	25
33	86	61	5	38	98	19	66
85	71	59	92	42	38	83	67
87	83	76	13	91	57	26	68
75	64	10	40	77	74	35	93
95	10	81	64	16	59	36	15
7	3	72	48	39	68	15	97
37	22	8	97	25	20	53	21
71	22	5	37	87	33	91	60
20	3	22	44	10	3	91	26
52	8	90	3	74	5	56	24
33	100	5	33	99	30	43	54
47	49	76	87	95	53	41	73
74	39	10	99	93	30	12	97
10	96	92	96	92	5	82	15
22	54	73	84	6	10	54	98
59	51	31	79	3	65	26	91
18	99	44	74	75	10	3	81
64	80	19	2	44	53	35	35
36	72	84	46	55	85	89	21
100	45	69	89	32	49	71	10
85	8	3	99	63	90	54	67
71	89	48	55	94	27	18	15
40	49	94	6	27	34	17	25
26	74	25	70	78	4	53	70
78	17	73	97	18	31	65	96
34	51	56	78	55	32	41	68
98	28	59	11	13	98	1	10
3	3	3	3	49	90	16	69
34	68	21	78	93	20	31	93
55	93	61	11	75	12	79	70
15	54	48	13	86	9	17	95
13	81	35	28	93	93	93	93
4	4	4	4	91	91	91	91
73	28	19	37	14	2	26	45
89	18	98	81	19	18	95	14
60	4	7	27	17	55	5	32
4	27	27	44	23	91	92	6
100	19	83	8	21	92	32	67
9	68	84	85	96	12	41	72
71	24	30	45	78	78	64	25
55	8	62	95	49	2	71	49
96	31	13	62	28	12	7	96
26	19	26	64	69	99	64	27
70	75	76	44	34	65	32	45
16	79	16	71	3	37	87	82
92	35	72	26	19	11	18	6
76	13	76	48	36	17	29	23
8	1	100	84	25	86	25	93
65	76	33	23	90	89	99	50
70	93	37	69	52	43	26	25
22	13	7	75	14	86	47	77
43	18	5	54	37	95	20	28
48	91	45	37	42	37	38	65
59	28	52	19	5	36	73	14
55	16	67	94	31	56	83	34
72	77	85	29	86	80	95	83
55	39	87	53	21	14	1	63
80	81	74	16	20	70	83	77
98	25	31	23	67	75	72	17
88	76	41	53	34	18	80	82
94	20	68	94	96	23	84	65
89	91	24	89	57	31	84	97
94	65	43	24	40	45	89	2
35	21	72	87	21	40	81	67
71	96	50	89	29	54	7	62
8	17	15	39	17	54	35	95
87	25	66	55	95	47	19	65
91	64	62	77	18	99	69	64
38	25	9	88	8	41	3	9
46	90	64	72	61	59	44	60
65	15	13	89	15	50	58	2
17	82	93	76	57	79	9	13
27	60	81	17	65	21	3	97
9	9	9	9	87	23	7	28
76	60	57	58	10	96	64	21
27	2	89	53	82	8	26	34
41	92	65	70	28	11	19	90
58	55	85	34	100	100	100	100
6	6	6	6	100	100	100	100
87	13	76	70	73	84	76	18
97	13	45	29	73	3	56	40
32	24	12	37	73	75	65	93
14	63	73	13	27	12	28	36
24	10	74	29	56	17	26	58
36	76	77	56	86	29	17	68
96	81	11	24	43	61	80	30
46	84	71	78	66	11	1	16
89	33	97	44	26	81	100	19
5	36	59	87	65	96	4	96
3	21	49	37	56	18	43	80
89	16	83	44	41	92	95	67
30	83	2	9	85	10	31	10
98	27	88	49	31	42	37	37
61	86	93	2	78	87	97	9
54	11	21	81	87	44	61	87
85	23	44	88	77	68	81	20
60	28	96	51	39	47	48	4
86	41	92	9	47	58	25	70
31	32	97	43	76	64	7	51
40	63	4	24	61	15	44	19
74	19	12	64	53	4	72	77
28	97	35	56	98	94	51	86
56	18	60	82	30	63	95	73
27	37	25	56	94	99	9	75
74	22	100	39	32	54	56	57
37	3	27	87	63	68	16	29
23	10	3	53	58	37	43	76
100	8	37	19	95	62	21	9
27	83	4	8	87	87	36	84
47	25	19	17	85	74	63	80
23	86	96	33	32	8	47	37
75	80	57	68	11	22	75	62
32	7	77	68	90	8	98	8
30	37	45	44	82	78	20	64
72	100	72	55	47	33	9	3
31	89	88	100	77	57	75	44
40	65	84	91	1	14	5	80
19	57	18	12	91	74	17	14
7	44	36	99	40	81	4	94
9	9	9	9	97	63	86	85
70	39	84	12	89	1	34	18
40	35	16	53	29	50	41	31
8	37	39	79	75	25	42	75
55	37	52	79	96	96	96	96
5	5	5	5	100	100	100	100
61	48	84	72	26	41	33	59
19	35	24	85	5	67	49	65
84	67	47	32	57	99	48	56
49	38	98	58	81	83	6	17
91	25	6	63	99	76	86	6
8	5	71	37	21	68	20	20
22	55	91	92	67	90	58	30
79	12	4	92	36	6	34	97
9	34	65	51	62	91	43	76
13	59	79	29	96	76	91	90
61	21	45	11	50	54	95	75
28	89	32	95	19	33	35	22
73	63	91	62	23	95	65	50
64	69	83	37	56	51	19	12
100	52	38	63	26	48	53	63
40	22	38	10	76	39	37	64
18	50	54	54	75	46	39	94
89	16	23	21	83	61	76	43
45	56	41	41	79	86	22	99
84	1	42	40	100	81	39	53
29	62	49	26	87	88	82	75
15	21	20	28	94	98	19	94
53	10	84	48	31	56	5	30
57	10	8	97	97	3	15	65
35	90	17	46	20	99	66	20
60	24	36	98	23	84	60	17
18	88	31	84	24	99	82	24
8	68	50	57	29	17	75	73
33	37	74	94	34	49	97	16
51	48	65	10	94	75	26	77
77	12	39	100	11	74	20	8
6	98	98	80	24	84	12	59
59	91	61	7	30	71	98	30
82	96	71	59	94	84	23	59
37	3	79	53	79	85	92	15
75	75	22	12	96	62	10	54
100	52	3	55	78	95	96	53
31	15	35	45	3	25	44	55
21	88	62	29	76	88	78	2
11	86	32	70	91	4	45	10
3	3	3	3	4	7	29	17
72	72	68	51	10	63	35	32
17	79	4	23	66	79	2	29
53	57	84	46	69	91	93	74
37	7	21	25	91	91	91	91
4	4	4	4	97	97	97	97
84	40	34	23	96	98	92	37
72	10	20	69	27	81	70	61
3	86	12	14	42	64	28	32
66	55	54	30	45	44	88	17
50	68	70	78	32	47	75	62
13	8	21	99	82	3	64	2
8	20	29	14	65	91	28	91
49	33	4	88	78	68	45	19
35	25	19	99	22	41	68	52
47	100	29	13	48	96	14	83
94	4	54	11	62	29	43	56
98	97	33	54	33	49	86	57
88	60	46	55	55	70	66	70
88	57	6	46	4	82	54	60
96	78	64	18	87	43	45	33
35	89	73	57	48	43	96	55
34	3	40	98	46	1	89	35
7	15	51	97	90	32	95	61
88	7	42	95	81	86	15	15
64	90	7	41	42	99	88	98
57	33	19	76	54	84	50	64
51	45	96	16	1	66	77	62
64	3	28	36	12	5	98	16
12	67	59	53	98	64	52	38
88	19	36	11	58	75	92	74
77	77	87	74	5	17	17	56
10	69	41	86	62	17	25	53
76	64	51	76	80	99	43	96
7	5	64	9	76	34	52	95
27	85	93	90	63	34	29	51
22	77	93	89	80	39	26	71
82	21	42	48	4	37	14	79
43	47	81	75	85	74	85	46
44	7	59	51	5	13	86	87
48	100	89	28	67	45	30	15
82	88	14	3	21	85	57	87
93	26	77	77	67	99	46	85
83	62	50	55	96	99	13	63
12	34	32	77	80	13	8	69
92	77	11	88	67	56	5	73
6	6	6	6	26	42	88	17
85	97	36	15	22	70	83	51
59	24	64	64	80	78	41	62
78	29	71	99	84	76	28	44
54	60	18	53	99	99	99	99
4	4	4	4	97	97	97	97
62	49	70	67	19	88	31	32
88	95	79	60	77	35	27	49
81	4	40	23	42	43	51	34
93	48	89	86	72	8	6	75
69	53	7	92	4	67	41	63
92	94	66	38	16	33	100	59
31	68	100	92	47	25	51	18
85	62	27	97	95	24	94	44
97	56	43	34	28	81	40	14
60	5	36	53	13	11	77	43
54	76	36	57	38	50	30	93
19	21	66	98	38	65	86	55
94	28	17	75	92	93	93	22
75	16	20	96	78	80	29	10
94	17	60	23	38	10	29	17
87	31	25	29	22	44	21	14
28	1	36	63	68	52	16	32
26	8	54	6	4	11	98	38
98	50	25	64	23	16	38	20
79	2	18	62	40	97	7	91
7	91	26	61	21	8	55	90
69	12	45	67	55	92	71	40
61	62	97	21	10	57	17	46
56	40	80	34	82	85	38	45
66	87	11	92	4	44	38	63
95	94	17	97	21	51	37	23
88	33	40	10	51	22	17	14
7	66	89	28	77	94	68	73
47	46	55	22	6	54	95	3
45	39	67	52	44	78	2	11
61	13	38	22	29	26	73	44
97	44	83	22	28	100	91	22
75	7	26	33	26	21	4	92
50	10	13	51	70	93	93	57
37	99	49	12	48	16	19	59
42	76	20	16	76	40	45	84
40	90	7	83	81	80	80	62
6	18	15	46	55	95	78	68
19	100	28	12	33	28	52	46
82	17	26	24	76	90	96	67
4	4	4	4	2	76	9	42
33	99	84	41	71	15	87	83
37	84	72	28	39	90	35	40
32	30	39	89	86	43	18	28
17	70	89	30	95	95	95	95
6	6	6	6	92	92	92	92
6	42	83	55	38	31	34	60
73	31	86	33	84	16	10	64
54	2	66	54	40	50	96	41
59	7	39	76	27	64	76	40
71	95	6	78	99	9	56	29
34	97	69	78	43	62	23	23
64	48	76	5	45	50	2	65
89	17	9	24	25	34	35	18
59	95	92	9	36	34	87	6
81	63	41	23	18	32	56	79
12	50	93	36	50	56	66	18
35	93	82	23	60	84	55	46
70	82	64	48	97	38	98	46
53	59	30	74	71	8	7	3
76	11	97	75	81	99	9	64
92	3	21	24	4	85	96	85
37	77	75	1	36	88	38	61
72	1	44	99	34	21	56	90
70	78	83	72	3	100	87	93
54	89	23	97	39	40	15	56
74	34	8	74	61	7	95	2
30	56	65	4	73	38	20	65
60	100	87	79	78	31	52	100
72	46	80	70	13	54	11	15
98	28	39	59	3	50	52	73
25	56	17	37	85	76	75	75
24	60	97	99	15	65	94	59
2	82	20	35	84	80	3	100
42	8	88	23	39	35	5	78
92	9	2	13	12	95	74	21
23	6	65	43	19	54	68	17
17	97	2	57	4	48	39	47
54	61	8	11	47	72	50	72
4	61	13	77	24	83	26	19
65	83	46	47	35	97	87	65
4	85	68	10	28	26	71	95
53	73	49	90	41	28	55	78
13	11	89	76	68	31	97	87
11	92	56	10	38	73	5	43
64	8	25	93	28	10	6	24
8	8	8	8	7	38	24	66
73	56	31	24	2	90	88	35
97	77	97	54	56	17	8	76
80	2	24	80	18	14	64	31
30	58	37	37	100	100	100	100
5	5	5	5	98	98	98	98
80	3	70	11	1	12	78	28
64	34	37	1	99	90	41	34
40	75	41	2	88	95	5	27
30	59	22	99	44	29	27	37
95	23	71	85	75	69	86	100
25	91	94	29	37	61	56	65
1	4	18	76	38	76	50	55
77	2	38	74	73	21	80	36
36	68	39	30	61	76	20	49
67	62	78	83	1	96	51	35
6	42	87	100	96	13	30	54
31	28	81	9	73	85	69	93
10	7	51	60	12	26	58	7
61	3	7	33	30	75	73	79
58	66	16	51	48	94	24	95
29	23	89	46	12	96	94	66
29	88	7	100	91	88	15	29
39	40	56	78	60	43	34	62
72	3	29	79	44	93	59	38
72	63	44	32	34	48	65	88
78	98	4	64	66	18	36	50
48	92	64	56	10	38	84	60
50	19	82	39	25	7	17	10
3	48	52	71	29	60	66	5
54	24	68	61	84	31	24	68
74	16	98	67	52	59	38	38
66	24	69	28	30	12	11	94
5	34	71	21	10	36	73	2
92	30	18	88	72	83	69	23
24	59	6	74	99	86	82	38
65	22	20	80	40	79	64	92
70	64	60	33	23	17	38	31
97	94	55	5	90	24	14	47
82	23	51	11	46	93	97	56
6	99	91	98	100	65	85	6
39	59	14	5	73	81	46	26
83	51	75	15	19	45	54	82
61	9	57	2	13	87	98	75
15	99	20	32	39	10	90	29
94	89	100	55	58	3	36	69
3	3	3	3	20	32	45	25
8	47	99	68	18	45	8	86
8	4	19	30	99	65	5	14
56	60	20	13	98	5	41	12
56	1	89	42	97	97	97	97
4	4	4	4	93	93	93	93
24	88	24	98	91	42	49	26
36	91	89	41	18	86	91	16
80	26	70	72	28	15	26	72
54	97	49	67	5	55	26	73
55	23	93	29	30	60	53	70
80	49	59	38	83	65	64	30
77	74	57	28	76	7	74	71
26	95	85	22	27	25	100	14
80	49	69	14	68	73	39	30
25	28	27	77	20	95	24	6
50	78	46	96	6	20	4	15
69	44	71	7	56	49	15	87
5	54	13	24	94	3	20	30
19	16	99	85	18	90	43	55
10	90	40	53	94	24	85	14
80	87	90	22	67	75	60	28
63	67	1	19	3	94	51	30
49	85	51	29	3	41	100	23
66	17	84	14	88	35	89	73
58	63	77	5	96	77	1	52
15	73	67	43	44	30	71	14
52	84	32	12	79	57	94	44
62	4	82	53	31	30	98	15
61	32	55	88	61	37	98	29
38	92	12	96	30	13	78	85
77	2	47	4	88	4	91	16
34	36	58	6	9	77	39	75
99	57	98	56	53	70	30	62
22	10	6	51	43	26	13	81
90	100	88	42	46	38	53	61
86	51	66	15	25	62	6	8
2	7	78	9	35	36	66	24
93	12	78	50	57	17	55	18
88	20	50	54	48	26	46	12
52	25	9	55	85	15	32	32
79	74	43	47	87	90	16	16
97	83	62	77	74	28	60	31
14	100	53	85	15	97	62	78
96	24	36	93	42	43	25	99
30	31	82	59	5	54	100	33
10	10	10	10	55	98	80	40
56	91	14	13	26	3	94	18
94	9	12	13	72	7	42	67
16	80	25	73	4	55	8	81
50	63	30	52	93	93	93	93
7	7	7	7	98	98	98	98
16	52	50	80	43	79	23	67
81	37	18	73	16	8	27	1
73	27	17	74	51	12	83	22
96	49	40	50	32	72	66	93
91	2	25	19	74	52	18	33
64	40	90	21	34	54	63	38
83	8	51	62	52	18	91	14
25	60	19	33	27	15	70	43
89	90	3	90	37	58	45	23
88	20	98	90	31	56	47	66
31	89	53	85	90	40	77	51
64	58	40	86	33	100	31	49
58	31	92	69	97	12	10	78
11	83	88	36	42	16	28	96
8	72	85	83	97	72	96	42
64	70	75	6	4	61	92	95
94	56	73	80	57	40	2	73
33	19	49	54	33	4	46	59
8	96	81	77	11	33	18	96
16	98	84	65	62	56	2	93
95	56	72	71	12	6	48	6
44	55	56	75	71	18	86	91
62	6	28	6	70	4	12	76
72	6	83	66	4	55	87	2
82	8	68	47	38	24	59	61
73	16	7	20	12	32	36	20
56	45	93	69	100	97	63	79
65	94	72	13	31	32	36	64
82	17	91	74	52	86	39	90
83	61	31	58	30	6	26	91
13	8	34	75	4	13	72	54
83	17	34	64	83	95	64	54
92	40	67	94	24	48	1	59
73	57	83	72	89	25	24	82
49	81	77	53	88	37	11	29
89	79	94	29	23	100	9	55
81	80	5	44	6	44	49	80
94	54	12	68	73	19	42	70
23	52	50	32	65	74	36	61
30	8	57	2	66	5	64	90
4	4	4	4	89	49	9	90
80	52	23	10	55	93	1	5
14	16	54	35	86	6	29	41
46	35	27	37	45	32	54	37
50	95	96	13	90	90	90	90
9	9	9	9	99	99	99	99
87	69	71	19	7	87	99	9
92	45	52	53	61	45	64	75
49	60	10	58	82	26	55	76
18	33	58	57	39	40	40	9
74	10	25	48	68	83	31	49
26	53	87	12	89	27	61	21
36	86	13	53	25	36	75	60
51	49	22	52	25	74	76	77
3	77	38	89	26	22	15	35
69	65	97	50	73	32	14	38
73	20	2	1	63	25	92	67
70	3	19	1	35	69	26	24
5	44	77	88	47	87	72	37
88	14	23	51	96	57	87	97
6	84	46	23	31	24	40	23
27	49	86	9	98	48	29	25
33	100	73	43	94	53	48	65
43	41	54	35	95	79	9	38
15	46	95	60	37	14	48	5
72	28	90	28	5	90	25	15
17	23	37	9	51	71	22	87
9	13	91	39	22	53	1	83
26	11	99	11	60	10	38	89
88	1	16	62	36	3	1	81
34	32	23	40	81	16	56	27
77	32	83	59	1	12	83	99
40	83	13	82	85	47	68	58
61	76	28	20	69	18	87	39
77	46	83	78	74	74	59	56
99	1	4	2	60	78	34	70
40	61	49	4	19	82	96	70
58	56	5	14	74	46	78	73
35	54	74	42	21	69	39	79
8	28	45	4	39	30	32	19
53	4	57	1	50	97	23	42
93	35	35	27	14	97	32	36
26	12	16	90	38	54	59	11
24	7	66	96	14	52	9	94
58	33	87	9	73	93	87	2
25	20	13	16	35	71	33	74
9	9	9	9	15	65	61	71
87	44	76	40	45	37	16	93
19	69	86	80	42	53	67	58
85	8	82	71	83	56	99	37
67	99	69	34	93	93	93	93
6	6	6	6	98	98	98	98
50	93	72	49	66	100	3	77
21	69	90	61	51	67	89	65
53	64	17	39	88	1	100	96
87	88	76	55	9	96	95	99
72	63	34	38	18	23	16	89
6	85	9	21	77	23	52	50
40	3	24	56	95	57	23	51
68	61	87	68	76	76	6	72
96	24	92	70	28	54	4	20
68	57	33	64	44	36	75	7
78	62	32	11	74	3	35	46
54	74	27	40	24	55	2	59
56	39	57	85	52	91	24	80
32	15	28	5	45	54	91	6
31	3	45	13	22	46	97	27
1	43	54	81	38	36	70	54
6	50	81	5	28	6	58	73
89	24	12	44	50	79	51	14
16	44	54	96	58	64	88	17
96	80	29	32	29	13	18	31
20	55	81	10	11	8	72	54
84	86	41	87	55	90	75	41
8	10	66	29	38	63	44	14
56	58	7	16	64	62	42	9
65	45	39	75	22	14	62	63
81	10	4	95	60	3	77	44
15	23	1	19	99	48	75	20
15	39	62	47	83	82	21	43
56	90	16	48	41	76	62	38
23	22	18	72	38	5	31	81
89	16	81	64	39	55	58	5
19	59	79	27	38	35	100	47
80	38	39	45	35	56	16	13
92	25	5	9	29	9	19	17
82	50	84	56	42	32	49	87
12	5	62	25	20	76	43	52
51	95	43	62	34	77	5	53
2	9	70	75	35	14	35	56
98	71	86	39	96	63	64	48
86	95	24	34	85	15	96	30
2	2	2	2	64	37	75	52
39	20	100	1	56	58	69	94
100	83	73	84	80	86	55	38
16	82	24	61	6	40	11	5
67	75	45	15	93	93	93	93
7	7	7	7	95	95	95	95
74	44	3	30	36	32	47	7
54	16	21	60	37	10	37	19
7	75	98	32	25	53	91	90
80	92	75	25	20	88	12	46
76	64	35	20	60	94	55	70
53	46	71	93	72	82	75	25
48	61	20	13	47	44	100	72
25	45	83	54	39	25	39	83
53	40	96	88	2	40	71	17
68	9	72	95	33	96	37	9
16	20	67	51	50	11	61	62
71	77	74	31	20	3	27	57
48	53	87	7	69	35	36	85
64	19	84	1	10	56	8	33
4	10	43	62	48	73	73	42
64	3	55	33	88	39	58	84
3	27	13	21	50	57	4	86
4	63	64	56	25	86	34	4
22	67	67	91	56	70	38	85
84	96	5	47	12	5	32	74
75	84	31	52	91	13	10	13
73	55	21	51	10	82	35	49
17	25	8	43	64	18	17	27
63	65	97	3	11	96	50	16
61	100	63	19	61	9	80	7
59	59	83	11	17	92	84	30
86	4	8	47	87	63	76	41
56	39	28	67	61	55	83	22
53	36	62	23	67	71	63	4
21	76	41	82	10	41	13	62
23	60	97	3	60	18	100	34
60	52	76	52	77	13	19	41
9	93	1	10	22	87	94	2
84	79	42	79	40	29	22	71
33	24	83	80	11	12	50	35
63	56	11	33	95	8	27	9
53	9	36	20	53	29	8	87
39	71	100	87	74	41	14	75
82	14	58	63	24	37	47	24
27	12	50	72	69	100	3	67
8	8	8	8	45	48	54	21
54	80	79	100	39	83	12	41
61	80	35	10	64	96	4	79
24	72	51	59	78	17	80	71
94	21	93	50	99	99	99	99
2	2	2	2	92	92	92	92
40	44	38	96	49	100	66	70
92	98	17	68	100	44	14	10
83	15	24	92	14	64	33	82
90	69	31	38	71	41	31	5
76	39	78	8	99	48	27	1
92	55	11	13	83	24	6	77
23	72	40	42	82	45	65	42
39	49	61	46	37	78	100	26
16	31	79	88	21	26	83	32
34	68	46	98	59	99	45	53
78	30	44	59	13	23	16	60
70	6	53	85	48	52	73	56
87	92	83	10	4	78	15	29
38	67	40	24	62	38	58	8
2	65	90	99	29	11	50	38
79	43	17	28	18	60	14	43
43	9	36	1	20	30	17	50
10	10	73	21	86	84	57	70
83	88	44	44	86	87	3	4
57	82	49	31	98	11	36	71
51	5	32	13	53	83	81	24
39	22	93	50	2	94	45	52
61	11	70	1	38	97	38	59
62	3	93	46	74	63	62	39
50	31	95	52	94	98	92	8
48	66	83	22	71	8	89	100
39	58	57	60	91	83	57	14
90	24	57	49	67	49	80	35
59	50	95	31	5	79	51	20
69	33	90	75	82	40	40	84
35	37	37	48	56	23	90	52
97	68	28	53	49	19	70	17
22	75	81	2	77	59	38	44
82	79	60	24	100	12	43	56
4	53	74	9	67	54	93	23
80	58	88	49	73	61	40	16
54	46	10	86	49	13	32	76
36	32	4	100	8	53	66	16
65	78	51	93	11	10	35	56
28	19	9	50	66	7	85	98
1	1	1	1	55	89	55	75
45	66	44	18	89	55	1	23
66	97	8	60	33	30	84	54
81	32	68	33	4	72	7	81
18	18	1	20	99	99	99	99
9	9	9	9	99	99	99	99
96	52	82	6	82	83	68	19
70	62	12	98	88	85	56	68
83	47	88	44	65	95	93	62
9	24	43	49	71	72	23	56
27	2	57	41	100	78	9	70
66	71	36	98	24	42	57	17
19	56	72	60	80	2	67	27
12	67	95	99	76	64	70	80
58	23	64	75	66	73	54	8
46	62	85	31	87	69	91	21
83	41	63	60	55	24	53	56
40	81	90	1	73	92	20	99
95	71	3	90	13	17	89	100
25	49	91	46	22	98	68	14
43	44	4	71	25	97	49	71
2	87	67	6	58	25	32	45
65	6	74	48	7	96	31	81
90	3	66	81	24	40	89	73
25	93	75	11	2	99	44	58
30	76	41	57	27	19	12	37
89	85	41	42	96	64	34	47
58	88	69	49	40	43	61	63
85	100	44	68	35	45	39	9
73	62	76	56	54	45	6	5
71	32	19	15	13	87	27	2
80	15	1	44	68	19	79	69
27	24	53	36	14	10	60	2
10	38	61	48	2	70	83	50
45	91	77	44	89	64	61	95
99	89	73	25	16	84	93	18
34	59	63	24	25	56	57	94
1	56	16	33	75	11	82	63
14	20	88	46	59	71	71	79
22	87	98	23	84	25	80	76
9	65	42	32	24	12	90	97
18	59	70	75	100	5	2	8
71	54	26	20	28	44	78	89
94	58	91	33	2	13	68	14
19	37	41	80	54	73	94	60
12	2	20	1	85	76	14	44
4	4	4	4	45	78	12	48
6	97	40	72	47	74	96	74
40	19	87	87	49	79	35	70
55	15	5	16	23	4	68	9
79	39	48	85	99	99	99	99
10	10	10	10	100	100	100	100
81	50	33	57	16	73	21	37
60	51	17	52	41	74	61	33
86	6	84	89	66	19	87	9
67	8	50	67	14	67	98	30
23	60	1	88	51	49	75	5
9	27	57	15	70	47	93	57
40	46	8	29	78	43	77	18
1	84	21	15	7	91	39	98
78	71	61	20	81	93	8	79
47	85	47	90	18	19	48	22
56	84	81	15	34	33	74	76
9	10	75	18	79	98	20	63
80	6	94	8	85	54	36	60
11	22	52	60	65	70	53	1
45	19	10	52	17	76	3	69
27	2	99	100	24	52	38	2
43	95	62	82	78	92	45	50
19	84	58	44	42	44	39	72
75	65	57	30	4	10	17	26
75	32	68	84	89	45	46	77
92	16	81	52	26	94	15	26
31	95	38	19	23	34	6	44
95	42	89	52	96	89	19	39
96	62	14	53	22	32	72	8
32	46	91	55	56	7	35	99
32	21	21	47	95	7	93	60
11	100	26	55	57	78	57	94
38	61	80	57	42	62	72	16
39	32	47	68	76	61	90	74
81	59	29	12	41	70	16	58
53	83	28	85	93	49	15	52
90	50	17	55	46	51	93	68
57	55	58	71	15	70	59	35
16	69	60	48	26	27	22	75
10	77	38	27	73	92	33	87
34	23	84	20	87	51	97	31
41	25	67	13	11	79	54	9
78	35	39	62	31	61	25	6
80	36	24	85	9	40	48	49
80	94	46	8	40	15	74	13
10	10	10	10	93	36	4	26
82	85	11	17	83	67	29	56
21	67	73	64	32	17	61	73
87	89	4	52	95	99	69	49
27	87	91	49	90	90	90	90
8	8	8	8	95	95	95	95
10	76	48	22	10	41	3	31
62	33	79	73	79	97	86	30
60	73	79	54	3	37	64	14
73	84	79	42	43	45	16	90
53	39	74	98	97	37	13	33
31	9	39	44	53	48	64	75
46	18	51	66	65	98	91	43
60	5	11	94	93	64	94	74
89	13	27	62	80	93	33	84
37	18	31	61	99	53	14	7
78	78	86	14	61	88	62	78
74	25	88	39	49	49	12	88
50	49	70	6	68	53	9	50
100	12	25	70	22	11	70	38
98	96	66	93	5	79	90	23
60	38	55	62	31	17	14	47
50	28	56	29	33	23	25	65
82	19	13	86	97	62	80	36
73	85	19	4	38	35	78	74
7	82	4	92	68	3	34	30
32	64	91	87	74	36	6	65
45	40	38	81	13	25	24	2
2	59	48	61	12	59	87	63
62	51	20	64	27	10	73	31
70	100	70	41	29	15	2	11
98	45	14	97	92	4	44	52
20	71	41	73	59	85	29	29
23	95	51	54	82	94	2	13
69	15	75	30	22	55	5	25
10	12	5	19	22	91	91	14
26	100	50	99	62	4	80	94
98	10	17	55	34	24	7	31
46	89	88	78	70	95	62	62
36	30	65	81	62	49	12	12
83	96	93	96	11	46	81	35
77	4	68	27	44	16	5	90
42	58	99	95	12	52	27	20
22	67	31	72	71	90	51	57
68	28	87	56	59	80	40	55
96	89	57	93	5	13	32	24
7	7	7	7	1	85	75	85
53	20	100	68	28	72	31	27
70	35	24	58	19	76	56	24
3	9	13	26	41	24	71	74
53	35	36	52	97	97	97	97
8	8	8	8	98	98	98	98
36	52	6	79	74	41	54	90
11	64	64	12	28	89	87	35
4	69	91	30	40	69	20	68
39	18	41	77	56	91	29	61
28	97	45	17	87	9	37	54
49	34	96	70	46	77	57	14
31	30	80	53	72	12	8	99
43	68	57	40	90	6	39	72
68	72	70	27	76	52	69	20
57	88	25	45	10	75	79	81
46	42	30	44	87	98	64	16
94	77	79	65	23	98	85	27
73	76	41	32	19	49	62	50
70	92	25	64	56	59	80	54
40	5	58	31	15	17	98	35
67	22	84	24	36	58	74	99
51	65	68	53	29	54	84	17
20	54	16	1	99	53	5	23
37	14	68	35	99	37	88	34
10	44	58	5	30	98	2	12
35	73	67	31	69	84	40	82
88	66	9	51	81	16	69	78
82	46	20	22	80	69	58	93
44	10	7	25	65	63	19	70
19	19	1	23	37	9	22	7
23	7	88	21	26	64	92	68
87	31	81	72	52	50	84	18
94	89	89	19	37	91	80	59
49	99	35	52	57	36	46	42
99	53	55	81	1	76	93	76
45	29	58	43	65	43	6	53
29	80	39	22	50	25	56	75
75	4	66	91	91	9	69	47
80	51	10	47	58	31	79	79
54	72	32	9	32	11	71	33
91	32	64	59	83	7	32	96
43	13	97	27	16	61	40	91
41	53	32	37	33	18	10	65
58	87	88	16	53	49	75	29
50	44	9	59	40	30	37	78
1	1	1	1	16	95	38	73
95	34	9	17	15	9	15	64
13	12	35	94	11	41	89	75
23	31	20	82	40	95	4	88
70	45	18	11	97	97	97	97
5	5	5	5	91	91	91	91
25	20	3	61	39	70	12	16
43	16	29	38	2	7	6	65
11	53	25	32	6	5	29	46
24	11	75	27	99	12	51	31
7	72	24	25	85	74	45	96
74	48	97	60	50	49	4	21
8	47	89	78	13	87	14	94
99	16	68	7	93	36	62	79
62	67	59	100	59	24	88	69
83	65	14	14	23	73	90	13
94	29	12	78	49	65	91	51
98	54	35	89	57	87	19	62
19	52	7	8	89	80	27	15
29	4	65	37	96	34	71	91
20	40	13	74	24	60	46	9
49	72	70	82	23	71	36	19
73	81	44	41	66	72	18	89
42	54	81	52	17	27	20	13
92	62	21	24	24	8	62	22
77	1	41	52	76	96	6	4
72	52	11	41	68	47	89	55
53	2	85	67	38	68	82	41
78	79	24	58	100	50	77	15
51	77	82	61	25	19	96	20
38	73	55	16	88	3	54	17
57	68	59	98	71	2	24	24
97	17	43	28	15	31	54	34
99	45	32	92	19	92	53	44
42	37	79	18	88	70	5	63
3	100	79	92	66	57	91	96
99	23	27	81	75	81	83	45
100	81	83	27	82	79	53	98
54	65	40	54	44	7	95	99
85	63	81	20	13	93	2	48
86	56	50	73	65	97	78	75
18	32	48	95	69	73	61	88
15	50	24	42	96	52	78	33
97	16	96	61	85	58	84	46
15	90	50	39	26	41	36	42
62	5	34	84	91	9	7	96
8	8	8	8	88	39	60	20
6	39	62	28	56	37	100	10
47	45	97	58	28	31	9	3
97	73	7	48	47	42	72	82
26	51	35	40	95	95	95	95
7	7	7	7	92	92	92	92
11	4	76	66	38	1	48	68
76	40	54	30	20	100	100	39
91	23	92	20	3	60	87	66
50	88	57	50	97	7	68	54
21	35	96	15	95	20	7	49
47	62	21	87	72	78	21	97
10	75	68	22	6	56	29	83
83	25	66	99	36	92	37	81
27	1	29	86	22	31	67	89
26	66	44	78	5	24	51	22
55	9	6	71	5	65	49	23
12	41	14	23	26	89	3	79
73	66	83	38	67	43	5	82
87	52	34	46	39	10	48	97
75	33	86	30	83	62	86	79
11	100	29	63	82	79	86	8
58	3	48	10	81	72	30	83
93	42	90	82	66	5	14	25
32	89	40	63	2	5	95	68
100	46	59	60	1	86	50	3
82	70	60	27	38	49	68	38
35	39	12	86	43	95	27	43
23	33	12	66	73	3	21	95
92	66	81	99	22	64	6	48
54	42	19	18	51	66	86	20
68	18	30	37	35	78	64	92
30	61	53	23	57	22	3	42
93	86	81	99	50	82	40	54
20	59	38	98	29	47	61	31
60	28	14	34	20	5	17	52
56	56	98	86	16	95	58	52
35	87	5	99	52	17	47	81
30	33	98	10	75	15	13	26
70	22	80	83	54	83	75	37
82	16	96	88	7	37	8	73
29	86	59	3	7	3	60	8
83	89	19	8	85	43	42	31
73	86	94	82	84	94	53	75
100	27	41	7	90	1	71	12
33	12	11	21	46	20	1	67
6	6	6	6	94	44	26	69
38	67	78	36	4	72	26	34
23	88	26	78	29	85	97	5
87	43	91	1	42	14	97	15
100	41	16	46	91	91	91	91
2	2	2	2	93	93	93	93
47	53	12	85	91	78	7	95
80	81	62	5	68	86	37	31
77	100	78	88	89	28	7	65
37	73	84	39	85	85	32	39
26	8	82	7	87	84	60	6
54	33	69	72	84	2	39	26
96	17	96	32	57	71	18	59
100	57	13	89	37	52	28	61
55	7	82	99	37	75	78	78
44	80	82	91	84	22	70	30
32	57	38	47	69	58	26	82
3	66	20	39	45	43	1	52
20	71	76	88	35	10	47	32
63	55	37	9	80	56	11	80
63	21	68	10	72	48	72	19
54	14	92	9	44	90	32	46
48	55	46	20	94	9	2	68
53	21	24	86	40	18	13	83
23	8	49	7	44	89	20	3
12	36	73	60	2	92	2	42
64	42	34	47	89	20	40	39
6	43	90	91	88	80	5	50
79	82	63	15	94	5	63	87
40	12	18	38	20	59	4	67
16	19	88	28	9	61	62	67
76	16	73	83	43	46	11	53
83	95	96	73	29	45	44	53
34	33	85	99	98	91	74	93
89	100	73	91	71	78	10	35
58	29	61	40	59	85	91	55
26	99	94	6	82	29	26	80
13	43	24	10	27	75	14	56
64	99	17	52	94	32	76	76
87	32	1	6	20	39	51	35
7	56	83	95	97	98	28	74
42	21	8	64	61	55	65	22
88	31	52	77	95	79	100	85
13	11	94	81	26	16	48	9
98	73	74	87	43	21	64	4
61	68	83	58	32	9	4	65
3	3	3	3	49	30	5	51
12	41	1	83	80	39	55	35
48	25	77	37	93	100	78	48
3	83	20	36	80	75	9	98
22	24	62	85	93	93	93	93
8	8	8	8	100	100	100	100
93	93	4	51	99	88	95	43
3	58	57	65	35	55	72	6
54	48	14	98	63	97	63	18
92	56	83	44	5	91	43	74
29	38	19	20	68	42	44	88
39	50	67	22	63	54	18	57
30	79	71	63	93	65	73	57
75	12	82	21	58	30	10	51
26	26	76	12	24	18	69	46
26	32	17	16	93	62	45	42
14	85	8	42	64	54	60	21
20	30	53	43	2	77	15	3
71	33	94	39	97	89	29	67
12	23	50	22	27	85	51	38
100	44	92	30	46	15	14	68
40	93	13	47	3	4	54	75
100	35	15	88	67	8	80	94
83	6	69	35	100	58	94	59
49	49	70	37	10	52	27	90
37	84	33	17	57	52	43	92
80	87	78	75	36	6	88	72
5	48	93	65	24	25	40	22
100	95	58	69	45	18	39	27
38	86	47	17	36	98	53	45
97	75	9	61	17	94	73	53
31	75	57	25	20	34	61	73
50	57	3	64	82	27	26	35
8	89	89	53	6	19	43	40
32	24	68	93	40	63	40	27
63	94	2	11	38	14	21	34
95	68	87	3	25	57	76	98
74	99	69	66	49	68	47	49
48	22	10	69	15	94	100	89
36	78	98	8	98	35	56	33
20	16	86	34	3	71	93	39
9	9	64	91	3	18	33	19
7	19	78	3	32	97	83	39
35	59	2	1	10	55	98	88
82	8	13	78	81	91	90	2
71	20	61	60	7	50	88	69
4	4	4	4	86	72	27	28
25	69	76	63	73	76	68	4
18	71	16	1	44	87	35	59
8	62	24	10	13	11	51	46
32	7	6	26	97	97	97	97
8	8	8	8	92	92	92	92
31	82	92	10	15	100	84	32
38	49	14	64	53	52	80	50
54	17	88	86	69	85	84	88
59	64	86	1	62	28	64	58
68	10	95	20	7	88	48	97
7	2	94	45	95	18	96	6
43	52	42	93	12	6	31	26
13	40	25	65	100	12	83	29
71	65	12	23	82	31	13	55
36	71	83	46	89	60	35	5
58	22	100	18	64	42	91	67
55	64	17	67	74	29	50	81
68	7	81	16	15	32	95	84
5	87	61	37	51	86	65	32
68	51	27	67	64	41	8	94
82	42	66	21	13	76	34	71
93	23	52	45	76	81	54	74
7	8	40	67	22	80	9	57
11	76	73	81	78	36	70	55
88	2	83	63	21	24	39	28
14	66	9	16	95	16	48	52
57	40	97	49	55	96	28	18
56	56	6	65	96	62	92	88
89	81	62	15	62	24	52	4
80	63	69	62	79	51	3	56
66	13	30	18	84	86	19	61
28	53	8	88	56	23	12	61
60	84	57	98	81	12	68	82
27	75	90	65	68	74	99	21
55	13	92	24	75	86	18	84
11	34	37	15	65	28	74	53
79	12	90	39	77	72	31	32
2	15	87	9	66	8	94	15
87	1	79	21	85	27	84	17
22	45	73	49	22	91	23	39
78	95	73	89	8	30	100	33
47	91	57	51	28	19	81	28
41	55	38	14	8	55	59	16
35	19	4	31	40	20	96	89
49	54	10	12	69	22	23	30
5	5	5	5	91	10	50	2
46	68	89	31	93	81	30	39
63	49	58	60	93	30	49	85
67	59	53	77	68	71	24	42
9	32	91	44	93	93	93	93
9	9	9	9	92	92	92	92
69	30	86	2	64	95	53	17
39	81	72	28	53	97	77	7
91	20	64	81	20	89	86	73
20	24	100	97	2	76	28	2
90	61	50	43	55	19	49	68
74	3	61	3	75	70	62	53
48	46	95	52	17	86	30	91
66	80	98	34	83	76	37	73
27	83	36	40	25	59	75	79
26	16	40	70	46	47	55	42
85	93	51	83	58	82	73	41
9	98	68	3	15	68	75	41
52	16	75	76	71	84	86	46
29	35	59	28	78	17	96	70
58	48	54	46	80	12	12	52
82	39	10	60	41	14	78	52
95	43	14	56	69	47	90	97
22	79	46	52	65	52	76	31
55	6	21	98	38	53	16	51
75	11	25	41	20	95	72	91
5	36	69	54	30	87	67	50
82	63	11	51	22	66	17	56
93	43	95	24	72	26	44	52
56	51	7	68	26	54	98	81
90	11	4	65	97	29	11	67
71	50	59	48	45	3	73	6
29	33	4	36	44	17	58	48
13	67	59	85	48	64	24	94
98	34	81	26	22	26	31	43
48	51	86	57	82	44	51	39
31	91	66	52	81	91	29	46
60	59	16	42	5	37	55	35
38	27	48	16	67	57	45	31
91	79	11	74	74	71	80	23
96	78	25	99	48	96	9	80
50	2	73	80	44	72	50	92
9	70	47	54	15	41	6	62
71	67	44	58	56	48	14	58
83	58	79	33	60	25	41	43
62	36	9	21	57	44	43	52
10	10	10	10	66	58	91	49
89	10	73	94	10	88	98	8
80	53	80	35	67	87	76	19
59	16	83	66	34	13	63	63
17	72	76	73	100	100	100	100
4	4	4	4	92	92	92	92
66	3	51	28	70	85	64	95
44	34	49	30	46	14	10	52
40	95	70	25	87	31	22	64
66	90	18	91	32	10	98	44
87	35	18	76	17	28	66	44
52	21	92	69	40	33	28	56
77	30	34	47	31	15	52	86
54	71	59	32	25	65	98	60
74	66	41	29	64	48	54	81
17	4	60	43	95	75	8	95
3	20	23	29	42	59	90	63
90	54	86	53	81	14	88	84
57	17	4	78	40	96	68	70
58	95	99	35	48	34	9	82
28	49	36	88	78	80	85	89
9	2	86	43	3	76	40	63
95	64	12	51	90	81	79	95
14	70	4	25	7	47	86	71
7	90	48	30	42	69	40	90
40	70	69	65	5	79	59	53
5	7	84	55	72	19	45	19
87	2	8	85	44	87	33	23
10	27	5	35	100	7	14	26
89	54	11	32	8	37	48	77
22	24	87	32	84	14	70	72
66	70	35	90	65	34	77	23
47	53	57	8	87	23	4	93
13	26	39	44	2	78	50	60
2	42	98	50	3	28	90	28
37	27	70	59	91	79	28	76
41	45	34	20	54	77	86	93
68	95	7	56	83	16	26	18
60	73	24	62	98	16	44	44
73	100	13	31	10	12	40	91
80	41	5	62	40	46	19	71
17	82	79	97	4	54	43	95
69	58	8	95	92	65	85	5
13	42	75	32	24	55	40	47
42	33	6	35	31	44	41	55
83	13	32	54	25	49	70	93
9	9	9	9	5	67	98	19
59	59	62	62	78	44	76	66
63	62	57	1	42	64	13	37
7	98	77	21	36	15	4	33
66	49	33	24	100	100	100	100
9	9	9	9	97	97	97	97
47	10	84	82	24	45	53	23
16	81	12	40	16	90	80	63
7	68	79	14	89	54	2	59
95	86	27	68	38	99	97	19
97	4	98	13	68	61	22	82
16	78	28	73	3	85	22	67
60	13	55	60	18	30	61	23
48	84	67	29	71	63	45	7
21	40	26	81	66	41	100	68
84	73	81	46	45	52	71	58
88	43	77	32	36	31	56	1
3	93	13	66	4	40	30	39
56	97	14	54	18	18	38	29
9	95	11	36	56	77	36	18
97	15	96	89	84	47	91	40
6	44	68	9	25	43	78	41
19	14	100	82	11	21	72	11
68	15	29	65	47	65	75	7
83	94	32	27	10	31	34	99
56	86	7	50	16	84	26	34
42	32	60	31	81	28	46	35
61	45	64	59	45	17	58	30
56	43	21	63	73	72	59	16
62	44	10	56	4	77	30	91
17	96	11	11	40	56	35	74
80	73	38	68	89	21	93	22
35	40	29	24	22	70	69	96
33	2	40	74	77	12	50	7
23	85	80	19	71	91	88	37
42	87	50	99	65	90	34	78
5	52	71	6	34	38	100	83
74	90	88	13	26	49	2	73
27	65	54	66	54	84	15	39
29	74	78	72	3	45	6	47
94	38	11	21	29	99	11	46
18	23	97	34	23	8	53	8
43	33	8	59	79	43	27	5
21	75	76	96	27	6	8	54
88	64	12	21	55	100	21	9
32	85	58	26	86	19	99	24
2	2	2	2	3	80	99	92
62	3	82	94	95	97	53	59
19	36	40	16	3	39	45	40
27	20	76	70	87	87	99	78
69	9	99	97	90	90	90	90
4	4	4	4	91	91	91	91
88	23	8	59	10	12	90	27
69	22	41	46	37	46	43	60
20	74	55	94	28	70	97	86
45	50	65	9	4	47	19	1
60	61	21	22	40	37	56	70
90	1	86	71	16	68	9	23
5	62	61	74	40	8	49	27
60	79	77	3	69	79	51	70
78	42	48	63	20	97	70	94
90	51	59	75	83	16	93	43
87	46	94	52	34	80	19	41
68	74	53	4	5	75	7	38
89	97	68	96	81	16	39	89
29	9	100	35	67	17	79	22
65	40	18	14	34	63	11	67
31	76	35	76	32	46	38	62
34	72	79	8	91	56	8	25
11	62	90	8	41	62	99	7
74	8	41	38	50	58	79	83
36	79	38	8	10	96	30	15
66	63	99	33	9	23	34	19
74	64	7	99	39	54	67	95
69	86	18	78	69	38	79	81
6	20	84	39	70	74	31	67
4	12	52	78	24	58	14	32
98	80	57	73	11	91	91	8
75	54	59	63	96	44	61	92
40	56	29	82	61	46	95	71
3	37	76	67	19	24	64	85
80	56	33	72	70	29	73	29
85	51	84	43	57	84	63	19
64	69	14	55	76	21	89	24
76	37	58	5	87	28	63	78
80	34	91	100	11	93	91	58
79	32	92	87	16	87	21	16
61	13	18	57	60	50	73	79
21	70	50	16	90	10	59	6
76	77	84	43	79	6	1	6
32	40	11	52	84	18	57	71
25	28	5	33	32	79	37	61
3	3	3	3	29	28	93	24
29	7	37	30	41	52	42	92
79	55	90	30	19	100	66	77
16	95	53	46	74	41	86	95
28	84	54	25	98	98	98	98
9	9	9	9	93	93	93	93
73	59	74	90	51	51	43	7
15	78	60	47	57	28	22	87
92	81	84	77	24	71	73	18
81	98	28	79	9	21	88	3
28	52	29	83	10	67	45	24
100	23	26	90	2	27	82	84
91	74	49	75	12	34	68	53
17	9	35	7	99	65	52	56
98	84	56	89	16	71	54	47
67	17	95	22	31	25	91	37
51	95	68	74	19	46	85	34
20	72	88	83	53	40	94	9
43	32	17	83	16	30	67	2
42	35	50	54	46	75	2	78
37	82	53	3	26	78	2	97
10	96	6	42	96	64	70	85
48	21	49	93	23	31	6	82
79	54	96	7	89	94	100	50
70	70	74	53	100	86	8	46
7	1	86	48	2	40	3	48
53	33	93	48	55	22	93	30
2	78	70	4	61	41	43	31
82	24	48	74	46	62	98	40
35	83	29	32	42	76	44	2
64	45	60	41	51	1	84	63
27	7	25	89	66	59	92	37
79	68	37	69	50	62	8	53
94	20	15	88	3	63	86	63
79	49	67	23	92	40	23	78
75	8	79	30	58	27	17	45
5	58	19	90	71	10	15	91
94	59	99	33	39	74	45	12
75	85	11	37	19	59	90	53
85	34	14	59	45	65	23	20
99	44	10	26	83	57	47	92
95	80	37	32	65	29	98	98
85	19	1	15	62	13	18	65
27	42	89	91	56	99	29	75
67	96	93	76	35	37	92	73
70	66	3	62	39	13	58	31
7	7	7	7	77	83	54	24
29	12	52	33	42	81	95	33
56	42	4	25	58	5	43	35
30	39	66	17	35	47	2	49
6	73	24	64	97	97	97	97
1	1	1	1	98	98	98	98
4	4	28	19	8	63	44	54
50	23	4	76	2	11	42	45
56	82	14	11	20	98	83	100
64	36	53	77	68	56	26	9
55	67	37	62	49	55	60	56
7	69	27	97	71	33	95	33
65	21	70	51	41	40	38	44
83	68	18	2	31	5	60	70
89	1	92	55	45	21	29	78
9	98	69	95	67	87	20	54
37	23	5	59	83	14	16	3
59	98	36	77	34	59	83	34
78	22	1	12	7	51	71	52
46	42	17	88	6	63	37	71
84	6	52	43	57	39	89	16
84	55	51	38	94	48	81	14
16	37	29	20	2	10	52	80
57	56	91	61	63	18	43	23
4	21	89	63	57	66	19	95
87	77	16	93	34	83	51	25
70	36	53	77	74	92	54	1
2	74	77	26	34	28	89	55
18	81	23	49	60	18	81	86
49	18	77	37	99	92	57	3
100	10	34	74	37	65	91	57
38	80	5	51	93	42	86	32
77	88	83	60	80	25	58	47
84	1	32	59	6	44	77	82
87	13	8	78	10	40	11	15
38	28	21	1	84	51	8	91
69	57	87	17	74	75	30	35
75	48	95	22	66	12	66	45
1	69	13	90	4	89	42	78
73	45	13	75	6	58	23	46
46	20	74	1	78	79	81	49
46	25	73	90	59	8	11	18
90	67	20	17	33	20	76	37
65	6	80	67	50	11	5	76
88	96	77	17	44	38	43	61
44	57	96	13	4	69	48	69
3	3	3	3	56	92	42	89
3	15	59	41	43	47	7	25
25	40	13	45	40	14	16	10
56	31	97	40	11	8	76	59
74	88	79	5	94	94	94	94
1	1	1	1	100	100	100	100
74	61	100	44	41	33	20	59
26	26	30	27	32	19	16	29
15	100	21	96	6	94	88	67
19	12	48	36	89	48	16	42
37	46	74	97	77	8	38	59
6	9	75	50	44	10	27	43
11	22	67	99	68	27	43	11
75	53	70	87	59	97	34	88
74	12	44	6	73	43	81	9
55	76	84	96	48	4	16	90
93	29	74	96	30	69	5	79
44	46	79	12	88	26	51	88
68	56	48	27	46	4	56	63
52	21	1	12	65	5	11	81
65	35	64	84	30	44	90	52
28	48	96	5	1	92	53	41
88	54	21	75	30	13	99	22
57	6	82	49	91	93	41	16
96	3	80	42	19	56	49	69
2	97	81	47	8	14	8	11
59	11	68	37	24	92	81	66
19	44	89	41	59	75	51	81
49	33	20	58	48	43	81	2
13	68	52	38	8	40	73	93
89	68	69	48	38	63	35	76
2	81	79	58	30	18	54	23
95	20	18	8	68	41	47	72
8	25	47	29	89	93	37	23
81	69	69	90	19	4	94	31
68	67	21	92	62	99	97	21
87	11	74	16	69	51	55	53
34	79	37	55	71	31	49	40
71	75	52	51	12	92	92	64
55	99	65	48	64	89	80	85
35	75	32	19	82	67	39	34
24	49	41	23	74	41	26	72
77	75	35	83	18	45	89	9
53	45	8	47	86	78	92	55
40	41	29	43	9	47	2	23
29	40	70	86	29	40	100	59
9	9	9	9	15	87	30	77
17	62	66	100	77	93	92	30
13	16	99	96	3	71	9	48
85	28	50	60	90	17	26	32
54	7	72	35	99	99	99	99
9	9	9	9	91	91	91	91
51	99	91	30	61	10	19	87
70	48	42	89	80	78	11	66
21	40	85	4	27	3	91	76
26	28	58	9	81	47	43	81
56	86	89	62	19	80	93	61
31	81	94	9	24	41	70	84
100	45	6	6	4	70	30	30
76	73	46	2	2	9	96	7
48	21	23	57	27	10	96	20
60	21	49	9	95	82	100	9
37	54	89	3	36	84	97	87
35	81	95	97	79	74	34	9
79	54	29	63	84	98	44	13
75	31	43	98	67	23	80	79
5	13	16	76	1	49	2	40
87	76	88	85	43	91	24	25
28	15	19	34	25	62	19	15
41	75	95	96	9	43	63	93
29	45	72	42	2	91	80	38
61	24	100	71	25	67	63	79
75	82	99	70	81	10	47	73
37	84	28	75	41	10	39	78
35	93	14	65	37	58	32	33
16	15	52	34	54	62	19	9
93	72	12	93	82	37	79	79
67	83	41	55	45	90	19	59
7	86	31	14	57	49	43	30
57	48	70	92	24	35	55	61
49	6	54	30	85	28	79	79
86	34	12	18	80	90	53	100
22	29	3	80	97	3	68	80
49	65	9	33	4	74	33	43
77	73	23	51	33	27	16	97
22	13	40	62	78	98	97	90
20	45	39	24	57	63	69	22
30	8	32	38	83	61	87	63
67	38	45	91	32	45	66	13
97	68	57	87	28	5	97	65
26	48	100	35	67	38	68	72
48	86	31	59	71	78	51	93
3	3	3	3	85	25	14	46
52	90	32	28	73	98	72	42
78	27	45	27	93	10	6	74
51	72	73	58	96	88	44	89
68	97	48	39	91	91	91	91
9	9	9	9	96	96	96	96
34	9	99	1	53	39	12	75
19	60	83	93	41	30	16	82
83	15	63	30	50	52	55	36
94	40	13	97	12	16	30	76
71	45	96	58	70	90	42	73
13	16	21	61	3	27	22	43
63	23	24	1	21	81	86	61
74	47	2	99	65	96	27	65
85	7	65	16	2	57	24	53
75	33	80	26	74	32	59	12
45	33	45	54	20	22	35	71
88	80	90	27	98	44	45	98
55	49	95	2	21	84	43	68
10	73	2	45	83	28	47	32
63	66	45	91	10	93	96	24
44	53	34	78	88	80	40	59
96	42	82	68	85	30	71	18
100	68	53	72	15	98	74	69
41	8	3	82	14	44	17	59
34	61	54	21	89	68	4	70
34	84	8	3	22	97	58	70
57	79	32	72	19	78	49	50
33	40	51	86	26	5	52	29
63	11	71	70	94	100	56	26
19	7	74	41	71	63	65	52
64	43	86	84	92	52	67	76
83	60	97	77	33	3	100	14
75	69	82	2	84	4	95	59
62	90	55	1	8	37	55	50
57	14	22	2	35	4	66	96
39	17	56	12	74	69	95	8
58	43	56	70	54	76	83	1
68	48	38	32	42	80	29	36
50	20	1	65	18	67	34	49
71	51	16	53	66	46	12	92
49	87	21	65	82	90	77	22
35	36	82	27	79	10	26	99
10	30	84	38	11	72	56	41
18	98	43	87	15	93	51	97
12	2	16	9	91	39	39	31
5	5	5	5	51	63	31	27
26	33	3	29	1	54	34	30
73	64	44	45	22	65	65	41
25	2	51	39	80	29	47	83
14	42	52	24	100	100	100	100
7	7	7	7	99	99	99	99
6	22	83	56	79	100	53	58
35	22	70	82	86	17	90	100
29	4	32	63	92	86	57	31
14	96	45	61	66	33	81	9
95	30	86	44	78	75	47	49
62	92	80	88	64	82	8	95
97	77	71	76	73	92	3	19
64	27	37	18	19	93	30	56
53	49	6	89	82	81	34	12
35	1	47	2	79	71	3	62
65	3	91	7	99	4	31	51
54	23	67	25	40	81	34	8
23	41	69	22	44	57	72	17
47	24	69	100	47	68	43	52
6	11	40	100	39	29	19	20
89	31	22	98	25	53	66	65
31	27	38	41	7	64	32	78
21	18	24	40	2	90	60	69
1	3	92	85	38	61	42	72
93	15	68	62	66	42	100	21
65	89	62	76	27	87	79	68
10	38	18	12	28	60	14	81
79	9	90	41	79	85	5	86
54	4	98	32	81	36	48	24
78	13	50	92	83	70	93	71
18	21	53	37	19	95	54	60
15	89	32	99	16	95	100	7
63	93	72	1	52	39	78	60
98	44	19	93	26	57	9	58
12	88	39	6	25	90	62	63
22	38	74	78	23	64	55	42
66	81	70	69	24	17	71	75
34	94	92	49	79	10	2	98
31	83	23	95	22	28	95	92
83	89	34	77	54	49	68	87
78	70	81	4	94	57	6	6
91	42	2	5	58	17	24	57
34	58	38	78	19	89	86	92
37	8	80	81	60	87	9	62
9	11	100	84	87	29	86	30
1	1	1	1	65	18	69	81
82	52	31	49	2	44	78	31
92	35	13	22	45	22	71	16
56	4	54	62	26	35	88	73
23	68	28	73	99	99	99	99
10	10	10	10	95	95	95	95
95	39	95	95	35	46	1	27
21	62	9	13	14	18	30	3
32	99	81	7	97	70	5	51
77	92	80	12	97	85	95	35
8	86	64	31	45	57	11	50
23	68	60	54	83	7	10	33
91	77	82	87	8	70	40	62
30	50	9	78	17	6	44	98
55	94	83	18	11	36	55	86
38	81	5	56	27	83	48	6
5	98	36	20	72	33	9	58
91	35	67	98	16	57	50	11
24	78	76	40	35	32	75	63
83	37	93	13	86	41	81	94
12	81	12	62	18	80	45	81
28	73	7	2	45	74	89	89
100	4	44	36	67	5	89	86
14	53	36	34	69	12	82	11
58	84	12	7	48	59	41	45
69	49	54	32	97	38	82	40
42	47	47	93	35	75	63	21
66	16	19	27	14	52	98	63
48	32	56	4	5	50	79	90
4	39	53	24	35	6	40	87
68	65	90	7	83	89	52	31
81	1	22	71	4	62	23	22
9	2	20	23	74	68	46	96
64	70	94	57	10	41	96	5
72	19	88	40	16	36	37	87
75	83	72	90	36	33	48	68
17	90	19	96	87	46	65	22
35	46	30	27	90	42	100	77
39	7	41	8	30	41	65	20
79	68	11	51	90	94	49	34
41	53	88	86	58	25	33	94
61	66	36	84	85	44	37	99
33	99	12	97	59	93	29	99
95	24	92	7	90	76	76	74
42	54	50	67	40	2	10	11
11	25	36	92	8	89	97	55
10	10	10	10	24	15	37	84
11	45	90	49	52	81	42	32
1	18	70	16	60	28	81	41
62	45	42	2	28	22	44	35
70	15	91	15	94	94	94	94
9	9	9	9	98	98	98	98
99	42	100	67	28	35	72	7
5	80	50	4	67	32	87	10
4	67	59	30	60	39	80	85
98	10	2	68	13	89	71	53
44	42	89	8	66	98	19	44
76	76	92	14	18	66	85	93
69	48	43	31	42	51	35	21
71	20	68	84	63	82	55	64
31	37	22	68	7	45	33	37
35	23	1	38	95	63	48	87
27	34	40	42	48	30	82	11
12	46	39	63	44	21	17	88
9	35	51	21	53	18	60	42
61	82	28	21	86	36	74	5
41	37	100	34	9	79	79	29
47	81	89	53	66	18	72	54
56	93	2	18	39	67	81	24
30	41	59	70	2	36	28	29
35	81	74	41	77	90	10	60
20	4	10	74	98	53	67	70
67	72	63	47	89	18	6	59
71	15	46	75	86	76	20	2
81	45	58	22	20	7	32	44
83	5	79	43	34	8	81	56
50	24	14	5	55	81	69	63
5	15	22	81	95	85	38	74
33	16	36	83	23	28	31	50
87	39	13	99	6	66	84	69
90	88	4	2	55	19	20	47
51	50	68	96	5	69	84	30
53	10	49	40	38	24	70	89
82	59	43	10	92	74	95	46
38	39	25	68	42	58	94	13
44	17	26	42	3	88	35	91
65	16	95	67	92	11	57	35
24	73	47	55	71	25	48	62
58	71	95	67	84	98	21	37
61	6	60	90	58	90	7	43
36	81	57	56	27	6	64	44
92	7	37	27	83	59	1	71
7	7	7	7	43	87	67	72
78	28	61	45	23	71	21	10
41	82	8	97	10	94	7	4
77	32	60	74	60	19	12	5
14	93	73	19	92	92	92	92
6	6	6	6	91	91	91	91
43	61	19	40	87	4	3	51
68	5	75	93	43	95	53	32
8	1	54	69	23	73	18	70
77	18	64	6	73	4	100	39
83	70	88	40	17	84	22	34
22	28	92	60	88	66	8	90
17	3	39	11	93	64	68	46
41	73	98	73	16	66	84	7
29	31	50	32	78	53	17	33
1	20	40	94	99	4	28	44
53	86	68	91	10	53	21	53
62	24	81	67	28	58	91	3
13	20	97	44	70	74	45	26
11	70	5	88	7	7	96	29
56	88	33	76	58	12	34	79
66	38	14	73	38	78	18	69
12	89	31	7	11	53	10	96
46	74	26	49	38	33	5	91
47	91	85	100	57	4	68	48
22	58	83	81	99	43	13	60
98	49	1	43	12	72	81	48
44	48	68	35	4	51	75	6
57	69	74	90	42	27	35	12
59	86	84	82	79	38	44	83
2	52	77	72	83	77	75	12
38	51	90	20	67	62	34	6
45	27	98	71	43	89	56	37
72	83	40	36	76	11	94	14
71	64	52	55	81	83	60	3
91	83	96	93	50	47	54	87
94	19	55	3	21	16	22	24
49	66	16	8	37	35	96	57
13	34	54	13	32	69	35	3
15	52	64	71	81	4	44	56
58	16	34	62	29	14	12	87
44	80	17	41	59	6	55	65
29	38	3	47	30	10	3	14
52	50	52	60	92	88	70	54
17	18	20	93	77	57	55	44
33	24	66	13	75	76	86	67
5	5	5	5	11	98	28	39
23	63	60	78	48	34	39	51
30	17	86	42	11	35	58	89
63	60	28	67	12	38	14	95
22	31	60	87	98	98	98	98
7	7	7	7	92	92	92	92
99	41	23	16	14	53	29	2
39	62	59	96	91	42	6	58
26	61	9	15	27	61	4	46
89	38	84	82	18	26	65	20
42	94	23	48	76	31	55	50
27	6	36	21	76	17	44	52
12	79	5	33	15	24	35	22
33	81	46	24	69	1	46	22
62	93	57	44	76	19	95	14
75	86	13	26	31	98	40	29
34	97	23	1	52	69	77	26
47	83	46	14	14	87	63	75
23	57	20	71	68	4	90	10
63	68	45	66	49	73	22	23
95	7	2	47	92	90	84	7
90	72	27	48	11	55	21	34
19	98	26	86	13	87	16	64
75	89	69	8	61	89	28	39
65	78	61	49	23	44	51	20
65	92	42	27	69	88	55	8
32	34	31	67	75	19	60	29
72	70	7	27	61	94	80	20
56	83	30	44	58	77	43	67
18	94	91	42	45	19	54	25
98	12	48	27	45	34	6	81
55	5	80	92	73	30	35	87
78	83	53	96	40	85	31	21
98	88	83	100	19	73	82	28
90	50	2	72	67	53	2	5
81	88	78	100	86	82	67	39
38	4	72	97	100	18	84	61
74	79	96	79	52	98	80	27
30	33	97	50	50	98	33	20
41	50	69	88	92	90	53	78
82	59	52	58	54	19	22	70
46	80	12	42	71	93	37	38
96	83	91	7	28	41	4	15
49	92	96	40	41	53	86	50
15	98	11	80	87	43	22	34
72	92	99	42	54	24	72	68
7	7	7	7	24	77	48	67
10	94	16	15	83	30	46	25
39	56	85	8	1	47	27	87
59	40	5	1	66	87	91	11
23	6	92	88	99	99	99	99
1	1	1	1	94	94	94	94
42	10	43	89	77	16	19	43
87	35	71	12	33	100	68	65
96	16	100	30	96	22	29	48
80	31	89	60	8	41	87	52
61	83	23	95	81	52	68	29
59	13	33	75	67	32	44	29
71	46	10	73	83	21	68	99
10	95	89	66	63	37	46	14
2	77	58	99	37	31	36	9
18	11	14	36	93	62	43	3
53	62	22	88	6	52	9	14
43	54	48	58	12	14	11	46
20	96	74	43	25	25	35	10
73	40	68	43	46	24	27	16
11	68	44	61	4	49	90	11
43	23	96	79	2	40	82	16
98	27	37	29	24	77	19	90
35	62	3	92	95	81	20	88
57	69	72	67	14	53	47	51
87	83	61	55	46	34	84	27
72	81	47	14	42	36	15	92
22	72	96	13	80	58	14	88
94	56	23	38	30	8	86	42
35	55	41	68	23	70	33	50
22	39	51	100	11	74	60	82
68	7	5	4	44	13	46	27
35	12	33	44	80	25	30	68
5	41	61	30	82	54	100	11
73	36	22	59	48	67	20	34
84	63	28	76	59	90	35	74
77	9	50	63	69	80	96	31
66	8	100	84	96	58	48	37
10	89	3	48	60	1	55	73
94	48	55	75	4	5	99	44
77	45	42	81	67	14	2	3
36	51	86	50	24	1	91	42
30	3	18	37	69	82	26	51
19	71	70	88	91	55	16	12
19	4	7	65	39	83	2	52
84	74	6	83	35	30	17	59
1	1	1	1	10	33	62	87
86	22	97	73	71	100	85	76
54	95	7	55	84	6	39	24
7	25	51	72	6	31	88	12
83	93	37	22	100	100	100	100
2	2	2	2	97	97	97	97
28	1	16	45	43	4	23	59
10	56	36	55	82	55	74	55
10	58	8	65	100	82	22	80
13	94	93	77	15	8	97	26
79	70	78	90	97	15	4	12
36	71	36	95	30	24	90	52
16	46	95	3	77	33	74	75
49	2	90	43	37	54	2	74
92	91	98	33	11	38	44	91
99	50	87	13	10	96	55	97
55	4	31	73	2	17	73	92
19	2	89	26	25	17	85	93
97	97	4	9	92	30	53	42
79	24	73	83	5	74	63	86
75	58	77	77	86	83	34	4
92	29	68	31	7	51	21	77
53	65	16	75	39	32	87	91
21	3	38	18	1	23	31	43
33	97	8	31	93	79	76	84
74	78	25	92	54	81	94	77
42	22	57	37	91	53	29	62
37	83	7	39	22	53	19	95
95	96	80	85	71	89	72	27
95	43	94	63	98	11	90	73
32	4	31	100	10	90	79	37
28	64	91	55	92	69	64	95
18	7	60	61	45	94	66	10
16	52	31	56	63	48	79	97
83	69	92	83	75	35	72	2
59	78	63	66	30	49	12	77
12	39	95	14	50	41	7	33
47	31	52	66	40	60	33	7
3	90	77	64	82	21	62	85
85	64	97	46	45	14	28	43
36	16	67	72	19	100	92	93
69	10	43	99	95	94	95	55
69	66	24	43	23	59	91	39
45	41	71	60	66	60	39	5
67	64	18	75	34	33	4	26
18	71	38	79	75	19	47	21
4	4	4	4	76	42	35	33
45	50	21	73	40	14	31	1
47	5	14	64	1	78	57	67
19	68	93	84	36	51	15	98
10	6	44	14	96	96	96	96
4	4	4	4	97	97	97	97
34	98	38	83	10	25	49	82
84	3	49	63	54	12	29	82
26	15	94	19	21	42	77	88
4	91	3	19	65	40	46	29
11	36	66	78	15	7	43	70
84	28	86	24	82	69	52	23
16	32	77	89	40	97	53	68
51	25	99	72	23	95	83	23
91	67	37	21	30	65	59	84
17	36	22	10	73	52	11	52
89	23	76	66	48	8	54	62
72	66	93	74	17	90	87	83
48	23	73	8	58	65	5	65
74	47	53	63	47	62	81	4
20	57	32	87	41	70	97	84
31	56	61	66	28	36	73	54
90	97	9	82	74	58	42	80
50	69	16	93	45	81	50	100
52	39	20	100	64	58	84	42
33	36	14	34	4	54	22	70
74	4	15	82	13	11	82	29
51	74	81	88	27	28	11	69
68	33	85	36	9	9	51	29
32	24	14	27	78	53	77	18
20	32	41	67	19	5	94	79
68	79	86	43	2	48	27	36
56	98	40	35	26	91	36	10
56	45	28	33	44	30	63	55
65	56	27	99	60	30	91	71
96	17	14	96	93	39	9	78
78	77	53	2	42	65	14	56
66	79	27	11	33	19	50	51
98	78	70	59	74	57	78	66
59	80	50	56	72	55	4	32
29	16	57	4	31	71	100	89
95	98	53	95	14	69	13	30
45	91	37	65	85	15	12	93
84	22	7	24	26	62	43	55
26	33	55	93	33	31	81	69
92	96	67	83	95	20	18	11
10	10	10	10	68	20	97	92
77	92	6	73	31	69	1	57
91	39	24	66	86	99	52	20
30	70	9	97	12	82	44	55
50	4	89	52	93	93	93	93
9	9	9	9	100	100	100	100
94	71	97	75	54	99	94	47
47	77	23	62	95	51	94	91
11	72	53	31	78	93	5	15
11	36	79	22	42	20	91	94
55	66	74	60	8	21	85	50
27	35	6	6	62	68	11	33
53	85	52	5	98	9	87	60
78	22	14	82	7	3	1	9
22	41	83	80	12	50	51	13
22	43	57	8	96	38	11	39
20	91	44	19	50	31	25	39
5	40	67	79	90	99	99	10
52	49	65	16	67	61	40	59
77	5	84	96	8	17	39	49
73	63	52	29	27	64	97	55
44	99	16	83	37	6	24	20
58	89	89	27	62	19	47	76
64	12	87	73	74	8	43	64
19	1	79	43	21	83	58	3
10	3	1	6	23	65	12	39
14	23	51	48	64	57	53	49
47	70	62	63	50	28	82	26
92	38	78	71	33	87	95	95
25	82	8	2	39	57	33	93
18	52	98	19	79	31	47	97
29	2	50	13	30	6	74	31
17	24	67	68	95	54	50	12
55	20	85	69	76	66	25	30
20	21	74	100	67	57	97	97
7	82	69	66	8	15	65	40
93	60	22	48	4	53	16	93
40	55	60	95	5	71	90	64
39	93	100	67	83	1	25	17
2	75	59	91	80	26	66	83
86	16	13	62	18	3	65	81
10	60	65	12	9	42	4	52
24	70	89	61	79	49	57	47
49	31	55	23	36	44	86	7
14	95	75	85	54	83	80	14
37	57	18	73	64	26	33	42
3	3	3	3	100	35	53	3
1	57	93	34	67	90	94	95
30	70	48	63	38	16	15	26
32	84	80	27	56	45	24	82
7	49	26	36	99	99	99	99
4	4	4	4	97	97	97	97
43	59	66	91	81	89	82	46
68	48	46	86	59	100	91	41
22	63	69	37	17	85	59	64
99	93	25	9	40	93	79	70
13	4	90	18	93	37	30	72
1	91	55	30	75	98	15	79
97	74	48	38	65	40	86	45
48	40	85	70	36	66	67	17
84	67	20	1	45	87	59	60
99	54	69	84	51	43	22	36
21	97	21	33	21	14	7	72
18	27	34	21	85	83	42	24
73	81	59	93	13	15	8	55
81	52	91	43	17	37	94	41
16	23	46	43	63	68	35	39
52	36	68	19	96	66	52	37
2	34	5	18	91	75	59	54
36	8	68	98	88	23	86	57
86	60	39	90	92	82	37	61
35	86	99	76	61	76	33	69
73	35	19	48	32	19	34	62
4	78	18	70	85	55	92	70
40	55	20	40	94	11	49	81
47	10	14	18	6	76	3	75
67	39	12	35	24	90	24	10
32	26	91	48	56	87	45	55
43	84	81	98	51	2	16	25
72	76	25	72	40	61	91	87
9	71	47	87	52	79	66	44
10	57	70	89	59	79	69	85
88	82	57	54	100	54	47	76
22	9	5	30	42	39	69	27
53	74	28	94	52	74	23	87
4	62	91	86	21	41	93	56
87	88	54	64	6	23	15	58
30	98	67	32	75	41	32	48
11	6	81	51	9	76	1	55
18	82	95	6	21	75	93	2
45	55	85	75	20	18	19	92
31	48	1	97	82	99	89	11
7	7	7	7	91	32	84	51
55	68	2	85	47	39	95	53
73	43	40	7	70	25	86	46
89	89	46	74	10	91	8	84
31	72	64	86	94	94	94	94
10	10	10	10	93	93	93	93
42	55	91	49	53	52	35	50
8	26	69	44	20	53	48	35
64	26	100	89	48	70	27	74
29	95	49	49	43	4	78	94
46	51	20	45	17	50	54	97
58	40	58	85	19	85	5	33
95	15	11	100	21	22	2	100
57	34	85	38	33	66	100	18
51	86	82	47	37	79	81	62
2	78	76	56	88	89	27	91
63	100	91	86	5	83	89	82
58	30	98	65	95	48	77	1
76	62	3	63	99	24	30	47
47	45	5	87	37	64	99	56
12	9	76	97	73	28	77	52
8	14	27	37	61	52	98	71
16	91	71	72	36	85	56	12
100	28	57	80	42	16	98	6
18	16	13	7	41	72	20	70
8	69	71	90	65	12	94	7
66	49	54	90	24	46	79	2
55	84	41	32	55	75	56	99
10	56	44	51	51	2	22	44
54	93	49	15	75	90	34	93
31	14	6	9	92	13	23	12
53	74	67	68	98	9	87	83
88	2	73	94	89	89	9	83
86	84	16	49	45	26	96	22
10	41	95	81	100	25	14	16
62	84	21	29	71	76	50	41
10	72	38	43	94	71	78	49
99	89	25	16	26	75	60	28
53	79	70	27	35	29	39	21
8	94	64	87	93	19	51	32
53	75	93	30	73	39	54	5
100	41	30	72	16	69	32	53
42	36	28	66	21	13	89	47
61	17	15	20	80	70	30	67
41	29	78	66	29	76	58	33
16	78	28	94	75	58	22	85
8	8	8	8	63	12	54	48
62	93	55	96	67	18	100	15
92	29	66	100	91	51	44	93
20	41	49	10	37	7	55	62
7	5	11	85	97	97	97	97
2	2	2	2	94	94	94	94
3	88	84	93	65	1	31	85
5	34	54	50	53	90	28	76
22	49	48	85	5	60	60	50
81	1	8	5	2	21	83	83
4	99	67	36	13	99	55	14
91	88	41	27	60	20	67	95
82	74	12	1	39	19	27	4
4	6	59	13	43	53	72	69
70	20	52	79	20	92	30	100
72	94	93	71	15	89	78	74
90	86	50	3	89	87	81	100
6	70	89	74	15	18	51	8
92	30	29	76	71	44	10	53
94	96	68	16	50	69	4	28
66	71	82	36	7	76	45	58
14	89	63	43	38	19	16	76
29	97	20	50	60	7	8	10
75	43	15	63	42	17	3	31
14	24	46	81	72	35	16	39
45	41	54	47	55	11	53	56
12	61	19	37	75	44	45	48
2	67	14	67	8	33	35	62
9	64	32	80	27	23	51	11
53	79	48	70	98	64	35	67
84	78	5	12	93	13	97	75
41	60	47	66	80	59	91	37
28	89	46	29	4	7	45	5
52	26	64	28	26	98	99	81
25	15	37	37	98	70	4	45
50	11	10	64	27	83	83	89
85	82	92	72	73	19	74	2
28	48	71	22	88	19	28	81
42	93	43	47	46	99	34	78
1	3	31	99	52	17	55	49
33	92	69	19	82	36	32	25
75	68	69	69	6	24	58	26
33	23	98	26	2	36	11	99
41	54	81	37	78	65	15	56
53	62	21	79	91	7	57	76
25	68	90	88	10	89	68	33
9	9	9	9	74	98	68	97
14	100	16	66	57	55	86	96
49	79	53	71	66	62	51	57
23	84	7	54	9	95	15	100
10	96	91	38	95	95	95	95
10	10	10	10	95	95	95	95
58	46	42	37	68	83	4	28
5	24	4	36	97	98	46	12
77	79	45	30	58	78	92	99
86	95	66	22	26	49	39	65
70	68	15	85	5	20	2	86
82	69	5	19	47	3	32	21
86	10	92	29	41	34	46	55
47	56	2	100	74	40	50	77
54	78	38	50	88	72	41	60
68	74	2	12	1	10	93	51
36	55	59	71	71	5	54	30
6	91	80	83	99	86	40	97
24	78	40	98	57	55	54	25
23	38	99	64	74	69	75	51
90	40	82	57	1	34	62	96
71	15	48	1	7	42	84	40
42	8	1	53	61	27	66	30
9	86	92	88	30	41	25	77
43	20	54	47	48	61	33	22
86	18	63	32	92	4	61	30
36	28	82	42	19	83	78	87
7	45	51	99	35	66	55	12
90	86	39	76	63	68	75	78
42	20	100	34	33	11	72	9
37	30	46	46	22	29	11	19
85	23	71	84	33	17	66	4
13	30	6	54	82	65	3	86
81	6	31	31	40	59	7	67
78	23	9	76	51	70	7	74
77	100	52	2	20	92	50	100
45	42	22	77	31	44	10	79
29	36	71	34	50	86	47	76
5	83	46	61	42	12	79	52
44	38	25	53	58	11	74	16
58	26	17	92	30	90	99	38
87	95	50	98	4	5	62	100
73	58	64	68	91	38	86	41
77	86	49	2	23	54	77	92
85	54	61	51	1	52	79	30
80	13	78	14	84	76	68	20
8	8	8	8	87	55	59	90
57	96	24	44	29	86	97	89
81	46	23	21	3	40	33	14
35	46	59	13	98	74	72	84
60	94	50	64	90	90	90	90
1	1	1	1	100	100	100	100
67	22	38	58	72	82	33	85
53	94	40	91	58	73	4	80
48	43	30	40	22	32	77	82
86	11	33	54	29	13	35	53
6	32	53	7	49	37	44	91
38	32	89	5	32	61	95	98
93	82	8	98	41	40	24	73
16	75	87	97	10	55	65	56
92	7	87	57	37	2	86	26
66	72	48	84	53	12	100	55
85	35	34	62	38	23	59	36
97	64	40	24	54	2	83	29
22	1	63	87	9	34	35	68
33	60	35	47	78	53	46	80
43	20	32	66	50	45	62	99
2	60	3	55	46	85	97	55
75	69	62	42	24	87	13	10
9	30	75	38	68	84	76	77
24	61	62	93	34	2	53	65
65	98	82	81	6	42	25	5
33	93	60	61	99	41	81	48
4	29	29	23	15	46	4	2
43	42	58	53	29	12	45	55
22	39	29	52	60	10	93	58
62	59	66	82	35	66	72	84
95	28	49	69	28	12	69	39
56	34	29	68	66	24	71	76
57	80	2	28	36	61	73	51
46	57	77	54	20	16	5	49
23	74	54	65	71	83	2	1
64	50	3	84	93	18	42	48
31	38	5	94	30	51	6	67
66	37	32	48	70	44	67	48
90	91	100	90	63	4	6	72
34	2	52	25	100	72	69	75
71	10	82	51	79	74	51	36
82	65	21	13	90	63	98	12
89	82	53	42	18	24	92	39
98	49	25	65	96	76	57	52
65	94	45	20	35	29	50	60
6	6	6	6	25	24	90	16
58	95	81	73	12	14	97	35
68	22	44	94	50	37	42	45
46	37	8	71	57	42	49	65
37	28	49	54	98	98	98	98
8	8	8	8	99	99	99	99
68	96	40	26	58	15	89	62
79	86	23	48	15	47	36	94
67	84	42	52	61	28	13	76
98	90	39	3	85	4	95	18
26	88	70	69	91	78	57	72
64	79	98	72	81	91	91	73
37	45	29	82	22	12	53	76
20	87	91	16	64	91	20	9
80	73	83	49	3	99	72	78
100	84	30	11	51	70	49	92
14	100	2	40	7	97	81	7
45	93	95	4	43	93	1	27
26	14	85	90	30	2	86	85
70	6	96	42	9	100	62	26
51	60	66	4	19	58	74	58
65	71	34	35	20	23	4	60
80	27	14	32	96	10	86	32
59	42	64	92	41	61	48	56
96	28	16	3	65	14	93	75
33	78	95	50	66	91	18	94
100	7	63	7	62	91	32	52
83	36	7	49	41	50	36	83
30	96	8	63	59	25	26	83
90	95	68	43	69	54	67	13
79	6	6	49	26	88	93	62
16	1	22	31	88	96	39	32
82	50	10	33	77	92	28	4
71	80	55	71	5	77	57	59
18	87	41	30	15	85	27	59
6	55	94	50	93	39	28	96
70	68	8	72	96	12	80	78
51	99	58	69	42	42	86	78
28	91	69	42	76	36	8	41
82	52	63	42	28	71	71	66
30	64	69	81	57	1	80	3
59	76	96	28	7	85	91	46
14	93	67	30	65	19	63	53
2	2	52	16	88	98	32	29
45	54	52	59	86	100	8	31
73	37	80	68	90	6	72	49
6	6	6	6	60	65	41	40
71	18	10	61	98	68	27	64
16	1	63	76	94	15	41	27
26	37	64	87	55	72	51	32
35	100	5	62	90	90	90	90
4	4	4	4	96	96	96	96
73	75	35	67	35	99	94	59
30	53	14	18	26	95	96	99
96	10	23	68	54	32	66	5
47	47	29	62	37	73	72	23
74	24	20	66	45	6	85	96
79	21	77	58	3	23	94	12
46	91	13	61	19	44	99	29
54	9	75	80	97	9	93	93
86	18	71	78	76	16	89	16
10	72	36	28	18	82	27	87
51	29	46	32	56	72	79	73
23	96	32	2	80	24	90	36
73	27	97	61	71	59	75	84
2	45	14	80	24	80	69	2
8	83	4	6	24	27	57	81
77	98	12	31	33	32	66	39
47	39	52	26	74	62	94	25
28	85	53	97	81	85	22	94
32	16	99	72	73	70	32	56
68	5	37	9	78	28	90	16
27	64	33	64	99	15	52	88
3	64	91	89	96	79	82	88
82	20	74	63	25	41	17	91
24	99	7	91	18	94	79	39
94	61	89	80	89	42	36	52
63	66	43	73	20	59	76	54
79	39	86	59	40	82	18	42
61	80	59	48	7	1	67	8
10	14	6	29	89	3	69	11
5	53	26	64	90	10	16	34
78	99	85	71	84	78	30	99
64	35	58	96	34	26	56	32
70	97	51	25	46	79	15	88
13	81	80	71	19	100	70	39
13	70	80	4	13	13	40	14
66	43	78	80	60	75	23	54
38	40	75	7	26	76	42	60
1	74	70	40	50	91	70	81
59	70	54	72	48	67	63	87
69	22	55	24	78	8	16	67
1	1	1	1	13	25	17	8
2	72	21	12	23	80	76	58
33	84	15	3	83	20	83	65
81	61	78	13	5	3	84	37
86	76	16	53	100	100	100	100
5	5	5	5	98	98	98	98
29	99	66	7	95	78	82	49
73	89	29	32	78	58	28	32
51	44	95	45	97	70	5	16
82	8	97	12	30	15	1	1
82	80	57	76	40	42	40	82
56	20	4	21	25	31	32	49
86	4	39	87	68	41	88	83
77	89	66	85	44	45	80	72
55	98	17	12	35	98	91	39
2	13	5	72	55	74	85	75
20	95	39	79	75	93	80	40
49	44	2	3	83	59	14	72
74	94	60	22	44	54	65	50
36	15	5	59	1	28	64	44
53	24	16	91	98	76	38	67
19	37	58	81	67	66	67	52
60	63	87	65	86	65	80	3
91	73	27	66	49	39	71	63
9	97	52	63	65	63	2	16
66	92	44	53	49	37	94	16
53	27	33	73	24	35	31	50
46	16	99	15	71	54	44	23
91	48	100	39	55	6	22	10
77	92	55	56	91	28	58	50
54	94	80	63	16	35	29	95
51	97	79	32	16	17	43	81
93	50	6	62	64	18	32	70
20	17	61	65	4	2	3	87
57	65	21	89	53	74	21	46
10	67	19	25	77	23	9	6
21	86	74	63	95	10	7	33
51	20	87	27	72	55	4	1
88	55	50	36	62	51	29	76
38	97	95	70	32	49	84	5
2	32	64	77	30	73	41	29
16	79	46	71	12	77	4	83
23	8	51	77	97	3	31	32
16	24	85	66	76	67	26	79
55	83	60	32	35	46	84	50
84	76	3	69	33	40	51	70
8	8	8	8	32	86	29	74
44	23	81	6	75	39	27	59
57	5	61	36	90	69	44	18
36	22	57	13	54	50	58	16
48	59	36	52	97	97	97	97
8	8	8	8	91	91	91	91
41	26	45	11	36	43	100	97
16	90	31	77	6	35	58	17
21	84	12	94	62	32	97	91
79	90	95	97	31	50	21	35
30	58	57	92	40	84	91	35
27	91	75	57	96	19	86	35
51	32	86	44	36	44	61	25
8	81	73	95	17	13	12	3
92	34	33	79	79	23	98	71
15	16	71	63	34	99	41	33
70	75	25	70	89	3	77	84
26	14	32	89	76	49	31	16
31	84	59	39	69	67	81	80
68	41	90	38	26	10	90	54
29	25	60	41	49	53	22	28
20	45	26	76	48	74	68	47
88	66	24	8	72	98	21	77
45	73	82	31	29	52	20	26
33	99	74	75	42	41	37	2
1	95	18	84	63	78	47	90
45	6	48	72	79	40	24	72
68	42	45	88	3	51	52	8
97	11	74	77	77	68	99	55
81	29	100	68	88	46	87	50
87	30	9	64	69	85	74	61
21	94	58	15	99	1	24	67
46	93	79	59	94	99	54	70
63	37	82	22	75	9	86	44
48	75	19	47	12	53	30	56
97	95	87	75	58	66	38	26
29	62	79	51	2	61	98	92
20	9	41	63	26	60	39	26
20	21	92	85	69	73	53	14
4	44	89	85	60	17	81	45
64	7	12	78	18	20	3	42
4	42	43	10	83	89	61	75
38	47	16	71	92	100	82	92
83	65	63	74	63	75	63	77
46	62	29	40	97	36	99	48
24	79	1	52	36	94	52	77
10	10	10	10	75	40	90	49
30	1	80	4	64	40	99	84
79	43	13	87	64	24	46	96
39	15	21	90	6	92	97	41
73	50	35	10	96	96	96	96
3	3	3	3	90	90	90	90
27	38	85	41	33	85	82	46
52	49	89	74	88	94	17	7
3	9	28	100	54	86	58	94
82	69	98	69	73	82	7	54
34	60	49	7	43	11	5	57
17	10	36	65	92	65	23	11
69	42	56	17	57	25	12	99
39	10	90	43	1	84	59	33
97	93	21	61	31	23	49	99
2	62	62	19	14	26	67	42
17	89	88	8	95	47	86	69
32	73	21	96	1	49	4	96
54	31	23	9	99	27	37	61
96	90	28	86	8	55	47	70
64	17	35	66	80	4	91	4
8	27	79	80	64	11	1	65
53	12	23	23	2	71	55	46
52	95	37	45	8	64	62	36
42	83	62	92	69	26	28	31
14	18	100	44	60	23	7	33
65	47	97	35	36	11	75	64
60	48	66	21	84	85	24	97
78	3	2	13	78	47	54	45
14	85	52	20	94	68	36	25
84	18	2	10	80	29	22	77
64	2	69	95	32	81	63	17
24	42	71	80	38	5	31	97
61	16	57	23	47	68	59	39
39	6	40	29	39	48	14	58
23	16	41	12	29	88	14	64
71	66	87	44	62	54	64	38
66	25	48	7	7	81	96	27
66	33	38	17	64	63	14	60
32	92	85	74	67	42	13	95
87	16	37	21	5	68	35	88
49	54	93	55	46	100	100	6
71	84	76	90	63	27	77	33
3	69	4	13	15	14	31	20
7	55	58	41	82	90	16	8
51	76	54	46	81	80	94	80
5	5	5	5	83	41	39	75
63	55	68	21	52	92	40	43
43	15	49	47	97	90	98	49
60	13	23	45	38	88	15	66
41	66	14	26	92	92	92	92
3	3	3	3	98	98	98	98
68	65	72	45	17	65	93	6
21	33	98	36	14	2	40	77
30	47	99	13	72	10	5	35
65	71	7	75	6	26	82	67
21	93	49	21	38	47	24	30
29	66	33	55	10	11	95	60
93	84	2	69	27	7	81	24
87	96	7	59	32	61	92	44
20	21	18	19	45	9	17	98
30	30	48	97	3	15	13	83
8	56	66	44	78	86	76	27
42	46	84	52	98	61	54	42
4	71	25	56	89	58	94	59
85	1	51	7	5	61	25	20
47	22	22	10	16	14	14	4
20	60	33	60	39	7	39	84
91	57	93	81	93	31	76	27
83	75	23	26	52	30	51	95
2	77	89	83	56	46	44	81
14	61	24	72	64	79	21	92
2	98	90	54	28	25	19	13
81	26	94	13	41	99	54	12
75	28	87	82	12	53	34	74
7	77	81	5	19	1	65	91
75	82	36	35	66	6	20	42
58	78	37	90	67	88	72	79
90	69	49	52	6	69	100	56
95	73	74	24	91	47	73	36
96	62	83	79	86	23	86	23
69	29	54	27	99	43	39	30
19	65	14	90	67	42	88	23
1	5	25	17	82	2	73	41
60	49	12	5	41	53	46	91
80	38	25	70	77	33	48	28
14	13	71	1	15	54	68	33
100	8	34	5	89	12	56	62
38	13	4	54	32	12	86	94
9	32	91	63	38	50	71	10
5	26	1	45	12	87	65	54
82	81	78	75	17	79	59	72
10	10	10	10	77	18	14	11
70	84	21	4	22	41	77	33
64	97	71	22	12	94	82	84
35	26	34	22	73	75	2	84
78	27	9	62	94	94	94	94
7	7	7	7	97	97	97	97
77	28	63	93	46	61	16	28
20	23	47	28	88	38	74	2
55	89	34	39	23	62	99	9
85	43	1	97	85	85	29	62
62	52	56	62	34	66	8	57
58	5	78	7	53	33	54	15
69	75	10	100	60	17	53	12
66	10	90	35	66	84	49	56
50	88	6	99	96	8	46	99
69	20	43	7	3	90	66	44
78	98	2	98	57	81	16	88
99	17	82	83	22	9	78	9
97	58	75	4	1	95	84	77
5	54	33	11	57	48	2	19
98	89	54	44	32	95	2	20
22	94	10	85	83	94	37	78
65	38	53	47	20	9	39	66
27	42	90	2	86	22	67	51
41	52	12	66	29	7	51	2
44	82	47	41	75	61	52	10
33	27	19	28	65	83	71	33
74	4	42	30	97	7	6	23
43	65	29	70	2	88	71	77
91	71	15	14	62	11	53	46
90	71	83	100	61	51	80	97
44	36	89	59	64	2	88	33
78	58	90	11	46	63	24	87
75	24	68	59	92	76	50	52
72	42	60	81	44	85	22	91
75	80	35	97	75	66	18	42
61	20	85	6	26	61	47	71
8	21	47	58	37	68	36	19
77	29	48	97	21	37	49	34
93	77	42	84	30	11	80	21
54	42	19	37	98	7	52	18
83	24	51	41	61	18	82	58
91	35	12	66	85	19	20	36
49	27	93	68	39	24	96	39
68	56	12	38	88	64	49	12
95	37	76	5	92	28	44	42
10	10	10	10	28	25	3	74
75	54	14	6	16	7	59	53
61	20	21	82	28	53	86	57
97	39	99	43	41	55	73	11
78	42	81	4	92	92	92	92
3	3	3	3	94	94	94	94
88	8	3	42	64	24	46	3
47	87	64	97	42	21	60	30
66	66	80	5	70	45	11	51
33	98	96	41	58	23	41	26
42	48	68	31	79	44	95	55
21	79	15	67	57	75	83	16
16	30	67	15	86	8	96	59
43	30	43	95	68	10	68	12
71	46	97	79	77	21	11	48
19	33	12	4	31	6	20	91
21	90	31	53	65	63	36	57
3	72	5	23	65	77	67	98
59	100	89	3	97	32	50	81
41	60	93	48	51	74	82	50
3	63	28	92	20	60	69	33
33	72	17	68	25	21	86	80
45	32	16	42	93	89	15	75
70	31	50	1	47	91	98	7
29	32	55	69	41	59	43	15
26	20	71	68	97	71	35	58
20	65	50	34	56	34	74	92
76	1	96	34	78	98	80	7
73	60	45	62	13	8	14	67
14	32	45	80	55	20	20	99
31	55	29	38	86	36	70	8
37	22	5	38	29	71	25	25
23	36	78	54	64	35	45	97
32	63	73	7	38	67	33	89
61	23	3	42	95	39	14	8
59	65	68	29	62	78	57	58
32	84	64	46	56	86	38	62
31	77	13	64	48	1	25	85
65	46	53	59	96	42	3	14
9	85	81	19	74	9	67	55
53	43	40	90	55	33	71	34
74	28	98	48	37	17	26	90
55	5	41	20	88	91	12	9
88	33	26	1	84	93	83	3
91	68	69	55	40	4	68	28
31	13	29	39	40	93	76	77
5	5	5	5	93	67	6	94
24	42	21	70	68	92	48	75
58	96	5	85	14	36	100	89
100	38	21	50	48	58	10	75
99	89	75	95	95	95	95	95
10	10	10	10	99	99	99	99
36	63	30	45	40	36	88	26
14	50	91	25	82	24	62	51
91	22	89	10	70	98	75	81
49	100	66	52	42	5	86	76
20	94	25	61	88	5	46	63
92	95	85	75	17	47	30	94
87	36	60	94	45	48	6	94
56	67	36	27	92	42	100	98
63	81	18	99	93	77	99	2
91	13	56	68	47	18	26	40
97	8	19	20	77	63	93	23
63	60	94	31	92	39	47	1
57	89	71	59	11	86	77	64
84	10	98	4	70	92	71	67
9	69	13	27	1	90	3	73
69	29	48	2	45	45	47	81
6	17	60	18	4	17	34	87
45	6	33	46	84	3	31	90
61	44	46	80	40	21	57	80
99	4	88	7	26	24	20	88
23	86	47	24	52	83	59	75
17	86	61	67	43	8	99	33
39	38	86	26	6	57	54	30
40	96	22	70	25	75	44	11
72	44	59	61	2	55	10	12
74	60	2	9	64	78	73	76
66	19	10	95	31	55	67	73
54	72	57	55	76	49	68	29
95	48	17	69	48	91	39	80
56	36	89	37	79	53	81	41
86	25	63	19	77	22	94	69
93	12	33	13	11	42	6	52
79	81	34	49	44	63	27	62
45	49	73	94	90	74	85	99
94	3	31	38	48	17	11	55
91	59	15	80	87	92	20	81
16	18	23	85	97	34	27	39
12	61	44	35	100	3	8	72
95	10	19	55	57	22	41	54
85	90	85	91	17	20	73	39
4	4	4	4	66	89	28	18
13	28	51	16	98	61	84	94
30	43	6	8	25	50	78	12
52	6	34	73	50	64	32	39
37	85	81	18	93	93	93	93
6	6	6	6	90	90	90	90
96	41	29	93	88	98	40	53
80	92	79	17	54	70	14	60
60	68	88	61	35	58	29	31
94	2	30	35	46	78	20	79
44	56	19	43	53	46	10	84
92	33	13	7	92	99	48	89
37	39	19	2	39	38	55	76
62	100	62	73	65	75	94	95
31	14	13	90	77	99	4	74
76	17	12	32	66	59	30	17
43	31	59	8	14	6	6	54
92	90	40	100	24	62	84	70
37	62	38	10	10	6	11	20
100	69	77	3	31	71	51	13
71	28	17	48	61	50	19	99
2	23	66	6	48	48	64	41
32	23	31	31	17	20	36	73
37	51	21	92	78	52	34	78
45	13	17	15	48	18	51	46
29	24	58	1	6	57	74	48
9	43	4	25	53	95	92	50
14	82	100	78	50	29	47	60
76	4	63	65	40	67	44	19
57	25	43	20	71	62	74	82
60	3	22	27	20	21	15	60
69	69	36	12	93	36	88	61
58	29	4	18	21	69	15	96
19	30	17	37	79	17	31	65
64	48	87	62	3	70	98	57
33	49	97	82	44	82	51	78
67	92	30	28	56	10	50	1
32	7	98	37	58	66	71	24
88	98	97	31	35	75	14	12
1	61	34	47	81	48	48	24
53	73	92	50	54	24	78	4
84	100	65	80	21	15	98	95
99	81	32	27	39	53	100	25
53	82	92	72	34	54	35	17
42	66	28	50	37	27	79	91
63	9	15	20	80	51	92	85
10	10	10	10	44	82	21	53
75	96	58	38	49	16	39	27
49	40	72	99	89	60	74	75
73	26	50	58	52	87	49	76
40	51	67	56	96	96	96	96
4	4	4	4	93	93	93	93
86	54	72	44	51	23	5	69
53	77	41	98	53	23	29	1
69	48	94	80	75	6	55	18
90	48	21	34	75	18	2	43
27	13	61	7	36	14	70	56
68	62	21	10	21	12	76	21
53	59	79	45	58	41	44	17
88	81	98	56	26	34	34	34
75	26	5	48	91	3	94	53
52	76	43	26	21	95	69	85
30	21	44	16	94	60	36	95
93	15	97	25	61	41	37	48
90	67	37	35	6	15	91	93
59	32	87	86	11	69	24	45
8	2	50	50	80	82	23	30
60	60	74	4	92	88	31	16
44	81	100	15	83	90	35	8
17	43	82	13	87	30	66	92
77	91	61	20	73	52	66	90
86	59	96	9	36	67	17	95
41	81	87	98	73	29	75	46
1	43	33	51	41	42	95	15
36	15	76	14	11	53	28	50
34	53	98	51	72	3	6	16
54	41	23	19	69	80	18	32
46	22	8	54	23	47	15	28
16	81	1	23	98	20	16	93
5	10	79	50	9	52	50	26
31	13	96	16	64	57	14	50
81	91	80	24	10	10	71	8
71	13	38	27	85	1	91	90
40	43	20	44	59	50	78	2
46	24	90	25	100	85	20	64
1	33	54	36	27	29	5	50
85	20	79	63	50	52	8	30
30	46	89	17	21	38	55	31
4	92	73	28	38	96	95	51
75	57	73	73	87	31	91	97
70	63	70	54	49	95	16	47
30	86	49	43	89	99	23	35
6	6	6	6	66	2	59	6
87	74	28	12	8	82	91	28
39	5	61	81	6	74	11	19
79	11	35	78	65	93	61	55
62	2	2	99	92	92	92	92
3	3	3	3	99	99	99	99
37	83	58	61	61	91	26	58
75	65	18	59	54	54	30	72
11	47	47	84	77	94	29	26
89	36	97	47	4	17	44	62
51	29	45	84	4	15	63	5
99	16	23	80	56	6	67	2
51	90	27	25	45	74	93	35
75	54	36	56	81	67	26	43
87	40	11	41	17	71	48	17
87	51	54	51	31	81	52	86
52	18	42	72	16	26	53	70
61	96	26	16	48	97	55	94
36	22	78	75	6	17	78	31
7	60	85	53	92	62	41	78
46	25	60	6	70	76	16	30
2	62	85	68	22	30	14	53
97	85	81	32	59	86	28	45
76	57	62	17	13	2	82	46
40	94	22	58	19	47	89	41
11	9	28	37	41	67	84	77
16	100	98	59	34	37	99	15
81	60	2	93	96	3	88	88
71	46	62	23	73	15	84	19
96	17	55	46	95	52	94	24
58	7	13	60	29	70	55	71
33	66	12	79	47	38	83	21
86	73	6	36	96	96	31	72
98	13	40	22	65	84	34	91
63	15	36	64	60	46	96	60
64	26	6	71	66	44	27	63
39	79	29	23	74	8	84	87
67	78	63	39	10	38	14	39
6	68	46	28	45	40	57	27
47	35	100	36	23	46	64	9
98	83	58	39	24	21	92	86
21	18	88	38	31	65	78	71
98	21	6	4	56	82	34	51
5	36	100	42	72	62	63	53
56	84	28	55	90	55	96	21
13	91	16	42	5	76	65	82
7	7	7	7	27	39	99	37
60	31	3	76	3	44	38	80
7	16	86	70	78	11	55	70
26	88	14	47	60	18	49	54
71	87	59	76	91	91	91	91
10	10	10	10	97	97	97	97
61	32	62	5	88	36	35	99
67	26	33	1	72	77	2	25
44	73	62	21	27	51	7	17
44	43	18	35	70	51	53	6
77	97	84	85	56	42	32	86
68	55	26	68	49	5	38	47
28	19	55	13	93	83	80	68
40	41	19	82	11	33	87	99
35	56	45	6	50	35	85	16
96	31	90	99	70	27	76	4
39	39	59	32	20	31	43	89
51	16	4	80	31	81	2	24
11	27	61	16	89	79	56	31
27	41	2	77	55	22	51	42
50	4	65	3	47	32	35	45
53	97	22	20	51	34	72	47
82	44	6	13	3	87	99	49
12	8	51	13	52	96	39	3
77	41	88	67	95	56	49	93
46	61	29	32	22	52	74	12
24	68	50	48	24	90	27	3
26	33	34	80	68	9	55	55
11	71	36	46	59	71	67	2
71	20	63	78	87	90	3	77
36	6	55	83	40	79	36	63
93	80	54	96	59	37	46	24
46	38	4	1	9	59	16	24
28	55	32	23	51	56	22	2
70	86	83	67	19	49	88	89
53	12	55	53	16	19	3	73
23	66	25	57	33	85	70	57
15	61	33	78	90	80	81	25
20	4	28	100	11	55	34	24
13	25	71	22	6	5	49	15
62	66	19	46	29	63	54	56
21	78	68	34	47	51	69	34
92	94	41	78	41	9	9	84
10	56	44	38	84	65	39	81
9	42	21	88	74	57	6	24
45	48	82	66	58	29	5	61
5	5	5	5	13	18	21	19
54	62	76	80	40	80	95	85
82	2	37	67	48	29	89	51
85	57	14	73	28	16	36	43
76	4	26	44	91	91	91	91
1	1	1	1	90	90	90	90
62	99	85	37	30	65	99	3
91	43	33	72	93	44	56	34
23	15	75	13	48	8	36	68
66	43	63	21	98	59	51	89
49	15	39	20	46	97	85	37
47	98	36	84	20	88	22	58
11	88	39	97	83	63	8	26
73	50	22	30	55	71	8	12
9	55	31	64	25	58	3	96
56	3	74	66	14	35	93	50
58	15	87	15	4	91	10	26
100	54	19	94	15	72	79	66
9	83	41	80	78	42	2	47
9	34	88	3	75	73	97	77
66	91	14	68	52	33	77	1
41	28	44	17	2	50	93	3
91	13	95	93	8	64	33	78
14	91	99	27	96	20	98	2
75	9	98	92	21	35	43	43
97	59	22	44	89	42	6	1
50	79	74	4	94	58	61	66
31	21	50	99	61	66	92	41
70	26	8	63	86	58	77	8
33	25	71	88	94	88	75	43
83	21	17	42	88	79	72	71
39	63	58	54	79	27	77	91
59	32	72	43	22	52	85	21
29	26	26	77	50	44	46	42
66	93	58	79	14	88	19	14
87	97	13	80	17	92	78	94
90	23	37	20	78	18	50	97
14	78	26	34	80	76	30	59
44	97	8	7	95	31	69	44
100	1	27	16	14	36	97	58
3	44	22	10	69	66	90	96
1	55	6	85	3	63	16	62
60	58	88	79	96	83	18	96
40	32	16	75	31	31	77	71
27	72	3	51	26	83	63	58
34	27	32	87	94	93	42	26
8	8	8	8	68	38	29	60
27	81	91	98	85	41	66	47
85	31	88	76	88	91	95	45
55	16	17	15	94	24	36	57
3	40	11	87	95	95	95	95
1	1	1	1	94	94	94	94
100	3	24	92	83	90	96	30
58	23	82	40	25	23	42	98
36	99	50	62	60	73	18	41
89	51	49	39	68	2	51	28
4	7	10	28	16	76	77	9
3	23	59	69	45	65	49	70
37	75	43	55	14	33	20	12
1	67	72	67	77	85	79	96
100	59	24	73	86	100	78	14
57	37	64	1	8	37	75	78
4	95	98	26	32	96	91	60
57	31	42	13	51	38	59	53
34	26	45	63	83	99	65	82
29	12	56	37	3	32	15	87
26	11	75	33	72	90	69	29
75	84	61	23	70	17	49	49
91	51	96	62	69	62	82	39
1	46	84	58	97	8	33	19
50	42	15	49	56	43	45	72
55	5	53	42	92	21	46	71
53	51	2	89	33	49	58	81
60	2	53	85	27	34	100	43
51	73	16	47	90	36	99	92
65	52	55	42	14	93	52	67
13	18	89	50	17	38	61	54
4	50	36	11	20	19	83	45
2	63	66	8	15	76	86	60
9	26	80	99	22	46	4	46
96	45	37	68	46	62	2	80
77	50	11	31	4	78	53	84
18	41	62	39	38	27	14	99
91	50	53	68	72	79	29	86
30	60	72	93	100	5	94	50
49	84	81	66	98	75	70	15
31	18	28	86	64	79	5	94
2	17	77	3	82	49	56	2
33	96	98	92	16	81	93	58
53	91	51	34	68	91	50	62
74	64	79	48	73	98	39	83
10	61	85	74	57	45	45	1
10	10	10	10	68	18	1	41
43	52	6	44	49	94	25	25
54	82	72	48	5	12	38	93
83	62	18	76	31	49	72	85
82	98	22	65	97	97	97	97
10	10	10	10	93	93	93	93
48	18	24	78	79	40	11	81
78	92	10	8	22	43	30	43
22	22	6	53	38	23	1	11
32	31	69	86	40	46	74	23
62	52	22	69	95	66	50	13
6	91	39	38	26	22	24	29
14	76	19	30	19	53	97	45
38	83	30	74	24	58	6	54
59	54	84	53	44	41	46	64
50	67	37	99	15	19	12	80
52	45	56	9	82	83	96	8
80	96	21	33	18	52	52	9
38	63	9	77	83	56	63	46
2	54	50	84	19	73	47	53
64	94	58	49	27	73	7	29
14	6	12	63	65	75	60	81
56	2	90	64	42	65	54	94
20	44	10	48	99	11	52	41
47	11	99	84	53	60	56	60
84	56	74	8	47	66	87	27
13	11	38	39	29	9	78	87
33	22	16	93	32	54	94	41
76	61	39	70	27	74	57	3
94	31	32	57	38	50	31	25
42	29	62	79	98	91	56	19
42	74	71	43	62	41	15	34
72	51	6	23	51	44	4	29
93	39	12	10	87	72	95	13
83	93	90	90	72	75	52	2
43	77	12	48	84	85	4	36
47	10	6	33	40	54	91	71
14	53	39	34	67	74	21	7
35	73	18	21	12	37	70	81
59	21	5	66	98	72	91	86
85	68	2	31	94	53	8	74
49	47	60	10	5	32	37	66
63	58	36	95	63	75	25	48
27	18	100	38	74	45	66	91
12	89	78	28	4	17	51	96
13	7	24	76	76	19	97	15
5	5	5	5	87	79	30	13
51	9	5	80	1	14	14	59
94	99	71	13	47	25	59	58
75	84	35	36	81	88	34	74
4	66	11	45	91	91	91	91
1	1	1	1	98	98	98	98
49	73	94	26	58	85	62	32
67	2	18	62	93	44	17	60
76	24	20	59	44	78	34	9
37	93	44	34	63	85	54	28
94	85	56	97	63	84	90	25
15	86	15	45	90	93	68	9
98	68	2	81	71	29	88	5
22	16	54	81	67	30	19	18
87	20	36	88	23	75	4	92
59	75	2	22	73	56	84	75
48	26	35	31	14	43	99	15
32	95	52	78	88	41	63	29
63	58	9	43	77	18	36	15
91	75	25	55	75	77	65	5
68	25	4	15	69	82	48	16
24	83	1	26	81	46	96	67
95	9	77	8	72	96	77	25
97	31	22	81	87	46	34	44
91	70	19	85	6	30	42	96
32	70	67	45	96	24	55	38
43	7	43	61	75	68	94	54
13	58	86	62	85	27	70	86
81	77	38	31	86	66	89	79
48	8	40	14	66	95	20	18
96	32	100	3	44	73	48	97
73	77	49	48	22	52	95	72
86	75	99	27	75	41	26	25
92	25	27	35	28	66	22	20
92	16	44	94	73	62	38	79
10	37	65	90	32	35	27	71
12	23	9	33	21	31	25	61
52	15	91	70	85	7	63	63
83	4	67	81	42	18	80	19
63	51	64	9	5	70	84	95
72	84	14	47	95	51	28	36
60	4	100	44	84	79	1	19
53	31	71	61	68	99	80	7
39	41	34	50	14	35	19	100
13	23	39	24	74	88	83	41
35	76	96	83	25	39	25	93
7	7	7	7	16	78	26	64
62	16	26	57	1	71	13	71
96	76	66	65	45	78	66	16
14	3	24	42	80	64	45	83
52	33	2	15	100	100	100	100
2	2	2	2	98	98	98	98
85	44	31	37	89	28	5	80
1	29	59	59	68	13	50	58
68	32	99	13	82	12	91	7
49	44	15	93	24	66	4	77
51	62	42	78	44	64	33	41
27	39	73	42	29	68	100	67
45	35	5	17	35	4	85	49
47	33	42	71	1	17	94	38
52	88	25	45	100	58	60	70
65	15	76	1	78	91	93	87
38	100	55	83	2	26	76	53
68	66	25	95	91	16	78	77
62	42	62	96	6	70	34	33
29	42	72	92	90	78	65	14
78	96	31	1	93	4	25	17
83	18	90	91	71	88	81	69
46	25	75	26	1	59	50	88
71	98	88	43	75	94	5	19
35	77	3	12	74	47	5	90
71	5	70	47	83	86	19	80
59	63	12	63	100	62	38	69
87	91	1	17	52	83	3	22
69	76	33	81	41	98	28	3
79	73	13	86	11	59	78	18
83	91	75	73	28	12	47	66
88	3	37	80	27	88	51	45
27	48	62	91	53	29	35	11
12	1	95	25	97	88	43	59
29	8	31	56	66	52	40	20
64	71	21	48	100	68	20	74
9	20	80	64	37	22	99	51
34	58	84	57	85	37	30	3
23	23	54	24	53	93	80	15
75	52	26	52	19	75	44	40
35	99	3	74	26	48	98	64
65	6	62	45	63	35	45	88
47	8	9	19	55	88	41	89
84	76	47	62	41	12	57	46
80	34	30	96	45	16	64	47
15	26	67	84	44	41	47	76
6	6	6	6	83	65	1	15
29	51	35	59	35	80	67	89
10	83	6	58	41	2	5	2
63	48	70	36	64	92	14	75
53	59	75	27	94	94	94	94
1	1	1	1	94	94	94	94
51	19	46	68	58	41	99	30
75	87	87	58	23	42	34	23
92	52	99	33	25	37	93	34
9	88	13	40	42	71	8	53
79	23	100	52	68	29	50	11
81	33	54	11	21	71	82	46
20	22	38	8	52	35	72	10
81	90	15	63	64	84	13	79
72	4	1	97	41	28	100	70
84	56	35	41	73	12	24	16
76	1	35	43	25	6	36	65
87	13	6	99	68	68	30	26
14	41	88	72	47	28	64	35
27	10	51	13	56	84	96	53
43	62	95	100	1	35	18	62
16	87	16	81	22	77	100	56
23	81	78	13	69	97	49	36
92	85	25	26	30	84	42	79
45	19	10	29	7	95	83	91
26	73	51	80	94	81	84	57
39	98	6	16	1	90	36	51
20	48	62	15	86	79	37	7
7	63	46	86	1	89	32	24
47	11	86	44	56	1	97	23
63	28	75	4	92	39	71	22
94	4	85	92	95	36	68	71
20	45	26	25	4	62	88	94
72	38	30	65	47	91	5	12
56	60	2	83	47	76	71	69
93	50	22	90	28	37	39	2
34	7	100	5	58	80	49	94
13	34	20	87	27	18	23	51
85	9	62	69	32	17	39	39
47	42	70	67	52	5	24	34
69	77	83	7	74	92	88	33
19	6	78	14	18	5	93	65
44	7	27	82	29	32	59	96
11	21	100	15	67	31	44	90
68	27	90	70	99	91	94	2
53	97	30	56	39	52	88	86
10	10	10	10	28	53	49	79
41	83	29	86	33	1	63	26
42	80	48	35	84	7	89	99
25	50	70	42	79	80	71	68
3	45	48	92	96	96	96	96
10	10	10	10	97	97	97	97
19	22	26	26	63	63	38	94
13	92	55	33	89	68	85	35
37	22	33	81	9	86	9	37
52	33	62	6	99	57	3	30
18	81	13	54	49	47	84	37
78	41	65	49	73	43	44	47
57	68	37	39	44	27	53	56
2	9	46	15	99	78	80	64
47	69	94	43	49	61	29	68
21	37	100	86	76	41	4	76
90	99	4	84	19	19	65	44
61	16	86	8	42	78	34	72
8	90	71	89	60	60	41	27
16	87	21	51	2	61	64	89
38	41	62	83	54	11	16	56
46	17	15	17	93	87	68	74
18	77	72	40	83	96	28	62
40	40	47	28	14	75	59	96
68	36	77	72	64	17	67	46
90	99	97	66	44	4	54	85
15	26	60	26	1	4	73	89
41	15	35	51	70	58	93	79
15	32	73	99	28	84	35	33
22	18	60	24	34	1	94	60
74	15	5	49	9	41	100	60
92	44	2	8	90	100	14	19
27	91	12	92	85	63	99	10
43	62	34	50	30	19	6	98
14	24	53	20	79	85	10	83
63	56	66	55	11	35	4	8
84	61	51	82	63	83	39	20
66	12	21	12	52	35	17	69
68	48	63	22	60	19	47	56
22	97	76	41	56	47	35	67
14	25	89	43	54	21	22	35
21	2	31	100	12	34	81	63
46	3	94	6	20	98	63	25
60	95	87	1	57	33	78	86
79	39	5	19	26	16	71	60
58	28	9	72	72	11	73	69
9	9	9	9	90	36	32	86
59	9	7	22	12	87	45	65
86	85	15	56	84	57	16	13
58	45	11	57	55	25	11	98
94	38	3	73	98	98	98	98
5	5	5	5	91	91	91	91
13	65	52	55	66	52	87	19
23	29	31	46	18	50	67	68
48	40	94	41	97	32	3	18
22	4	8	30	8	94	45	55
44	96	89	1	38	2	93	88
16	83	21	67	65	81	73	54
81	63	53	79	1	35	49	94
52	97	98	10	6	71	52	58
9	50	80	63	87	58	14	18
64	41	68	62	41	4	12	15
1	27	11	80	6	57	50	12
43	64	82	50	99	76	99	95
5	84	25	51	26	42	47	45
32	23	42	37	17	2	5	24
80	23	93	89	37	41	26	69
17	85	67	28	10	61	29	73
71	99	81	84	69	89	43	25
56	5	72	64	70	23	27	4
59	79	57	55	28	71	58	41
13	17	73	52	74	10	76	3
37	82	1	19	70	84	42	71
40	98	73	79	84	78	65	14
54	33	21	85	16	61	64	78
54	46	18	11	17	60	1	19
70	75	62	93	49	34	7	16
21	38	19	58	66	40	76	14
58	14	74	83	37	11	5	78
38	96	73	9	78	86	34	85
89	41	85	80	15	47	78	10
65	37	66	66	27	41	5	1
88	79	72	49	69	45	50	9
38	14	71	53	82	83	36	7
93	18	6	83	16	1	77	10
69	34	75	64	61	60	67	43
6	88	100	59	4	72	95	99
6	5	42	13	58	86	70	6
9	4	6	38	91	82	61	16
52	72	38	78	17	64	29	80
76	5	33	60	61	43	9	68
59	56	17	5	15	61	68	20
9	9	9	9	76	56	36	1
58	64	91	76	98	54	54	39
1	98	91	75	10	72	43	30
25	76	45	36	2	1	34	91
40	45	24	12	95	95	95	95
8	8	8	8	97	97	97	97
80	77	29	92	53	94	85	43
92	69	73	70	51	72	32	52
81	78	44	54	56	92	6	85
4	52	50	32	59	79	41	98
83	14	40	77	68	57	79	15
23	9	33	57	25	24	70	31
14	59	74	38	19	46	99	79
38	31	17	36	23	73	72	70
27	37	48	77	37	65	33	9
5	52	87	91	97	89	61	48
33	93	61	22	6	3	65	15
27	78	1	9	41	79	10	9
59	43	99	30	56	27	44	60
38	99	32	20	72	62	63	50
80	33	12	17	6	91	38	66
75	83	94	6	45	63	47	77
6	15	16	53	89	41	99	57
32	11	96	75	72	17	32	100
48	76	63	11	25	96	93	23
88	29	25	4	82	96	74	59
20	51	11	98	74	82	29	38
85	81	48	8	51	18	24	27
39	58	81	3	14	94	88	12
83	2	49	26	70	98	64	20
99	89	72	61	70	100	16	82
51	73	34	24	23	90	50	16
91	24	1	29	16	96	19	22
61	57	68	97	77	19	60	77
7	97	88	98	84	1	99	98
38	40	81	90	63	77	33	35
69	85	72	22	32	82	77	82
81	18	99	29	13	61	34	70
19	26	30	1	84	51	16	4
31	26	49	3	32	13	95	80
12	75	13	76	32	34	98	3
46	23	34	100	75	10	58	69
3	30	82	54	55	85	62	44
83	79	98	76	38	21	7	98
20	50	73	14	44	66	45	72
98	76	16	47	73	21	80	3
10	10	10	10	30	2	70	61
95	16	28	58	59	54	86	86
23	33	30	23	45	74	73	30
54	1	64	39	34	73	51	70
46	29	55	31	95	95	95	95
4	4	4	4	92	92	92	92
99	23	77	19	16	73	76	47
21	3	72	29	15	21	17	85
88	57	8	70	80	96	59	14
36	57	53	65	74	18	41	56
47	55	46	48	66	76	41	98
31	31	38	44	15	79	4	59
61	4	11	87	36	87	53	35
69	58	12	13	53	27	51	82
40	50	38	36	90	50	81	87
20	87	52	30	57	54	5	1
48	5	51	39	100	54	3	77
51	56	30	10	14	53	30	13
36	61	91	6	66	54	95	89
36	35	100	2	86	7	20	47
62	36	73	28	8	79	29	72
64	52	74	82	40	69	51	72
54	69	12	3	46	1	67	87
46	78	23	12	54	94	56	26
36	12	19	26	32	7	77	32
12	17	32	85	56	62	76	27
12	24	61	54	67	1	96	78
73	18	99	33	95	49	24	6
96	55	58	9	41	32	38	47
12	7	90	36	63	21	72	71
53	25	53	63	47	25	16	42
65	98	52	16	55	77	56	94
70	13	23	95	53	48	79	34
100	66	26	16	17	51	70	59
95	92	12	97	40	75	38	2
33	31	66	20	35	35	13	22
53	39	57	40	31	96	54	59
7	58	55	54	86	27	84	30
64	27	61	74	79	89	5	11
45	83	53	26	23	89	94	40
66	48	27	7	72	47	84	85
54	93	39	57	2	66	36	34
74	80	2	71	47	57	39	46
2	22	84	28	71	59	58	94
93	89	9	19	50	68	53	72
99	22	74	14	97	1	58	86
3	3	3	3	75	27	36	52
85	91	95	29	58	19	63	27
66	10	73	39	55	88	20	90
70	10	75	46	18	75	81	93
53	82	73	85	100	100	100	100
5	5	5	5	99	99	99	99
47	5	73	81	47	19	3	87
40	89	24	97	26	23	19	15
49	55	56	99	45	64	87	97
67	67	53	79	47	55	22	70
77	42	28	74	85	95	86	45
72	22	100	11	78	82	100	63
61	31	18	100	38	28	84	8
76	18	99	5	3	41	20	99
79	93	74	8	30	56	71	38
91	18	52	50	66	98	38	74
91	98	18	51	24	52	66	93
7	16	6	18	31	39	78	18
5	76	79	8	25	58	76	43
31	58	37	47	59	73	29	2
24	12	32	9	41	35	52	91
95	90	26	34	49	58	96	100
25	35	64	47	12	24	26	93
47	66	23	81	6	67	34	70
16	31	32	23	47	45	31	84
94	58	19	60	76	98	41	91
80	50	56	97	7	68	84	20
5	36	29	13	44	28	64	97
92	31	49	90	57	74	26	83
20	2	82	53	46	11	76	52
66	30	16	34	71	84	2	39
1	29	93	81	81	59	32	30
12	36	51	35	39	91	45	45
58	31	81	81	56	82	74	85
4	18	34	15	52	56	80	24
32	75	92	85	8	40	7	13
61	88	98	39	40	24	49	87
28	30	48	93	34	53	97	90
73	44	43	20	6	48	59	65
37	50	56	1	22	84	11	51
96	8	20	38	97	5	68	47
14	8	88	28	95	20	93	19
13	24	16	86	75	41	47	39
61	81	73	33	56	1	88	8
21	55	98	37	84	54	10	24
33	23	7	20	7	8	3	30
8	8	8	8	30	82	65	36
3	33	67	51	99	42	4	32
64	48	8	56	60	24	86	84
43	62	39	6	40	13	71	35
59	83	7	17	98	98	98	98
2	2	2	2	90	90	90	90
49	3	19	96	7	59	19	92
82	77	36	18	25	7	6	46
69	34	58	2	1	92	63	9
10	67	43	40	51	48	42	74
11	67	1	71	52	82	50	39
70	72	21	90	45	90	62	2
55	43	88	97	34	98	69	21
74	54	30	76	17	32	7	52
89	77	61	6	16	41	50	89
19	63	65	68	4	11	27	82
92	37	94	98	60	94	48	25
41	88	63	33	86	57	92	95
67	91	83	42	37	92	27	69
61	27	28	83	77	6	25	21
73	42	56	62	66	74	57	26
4	52	33	5	18	56	37	84
66	44	55	5	92	51	56	10
91	13	88	76	8	15	69	100
42	66	24	44	74	94	4	32
23	5	52	18	57	79	17	95
95	2	53	98	54	40	19	16
79	37	24	60	94	18	85	99
75	44	44	96	50	68	33	100
96	98	10	88	14	73	6	9
77	64	49	65	80	39	26	32
56	100	49	50	2	29	73	24
4	74	62	19	52	25	51	42
71	6	96	25	27	66	100	56
68	31	56	79	95	98	87	13
24	46	55	18	79	3	88	27
60	9	83	46	25	96	85	84
29	68	32	91	65	58	49	40
79	32	51	49	74	69	97	57
38	86	85	90	30	63	26	9
56	78	19	2	21	27	19	73
71	1	15	2	67	39	53	91
29	95	83	81	82	76	49	35
29	49	18	88	77	30	5	52
16	52	87	35	55	25	41	35
17	2	40	15	31	71	45	3
8	8	8	8	39	10	19	31
8	56	59	52	61	86	30	59
40	21	31	44	51	18	55	4
57	76	92	74	88	38	7	20
14	94	60	31	100	100	100	100
8	8	8	8	100	100	100	100
5	3	8	8	29	82	57	94
72	9	58	19	70	85	80	77
21	29	26	44	9	15	48	32
7	28	12	29	42	80	61	9
18	8	7	1	82	19	28	12
63	41	100	32	71	93	89	29
31	71	4	4	48	67	23	66
100	13	84	20	47	59	53	19
68	38	78	18	71	65	86	100
4	4	100	59	39	90	65	56
62	75	15	98	45	42	37	21
35	53	83	54	79	23	83	6
22	2	75	75	48	1	27	86
21	54	25	31	92	86	66	66
38	72	100	50	20	7	84	40
12	39	83	96	2	45	81	56
95	69	90	58	41	26	34	32
11	10	80	4	7	94	89	100
44	78	60	81	83	13	34	75
73	35	96	13	62	19	32	23
22	47	70	33	15	22	63	86
26	75	40	25	31	46	32	79
8	15	20	51	65	89	4	94
26	88	40	25	61	94	68	60
68	17	83	98	86	72	32	4
34	88	99	40	69	83	62	32
21	37	98	12	77	82	48	99
6	2	48	1	96	37	65	12
23	32	39	26	76	92	14	64
71	29	90	90	16	1	97	66
27	64	8	44	74	30	56	25
94	22	44	77	95	55	37	38
15	94	65	56	87	79	50	92
24	71	97	12	41	35	34	2
59	94	11	18	25	42	59	56
37	89	12	18	40	14	81	34
58	16	49	30	77	75	17	97
85	21	60	23	87	18	99	100
66	8	15	68	6	48	42	28
92	89	19	23	77	74	61	5
8	8	8	8	25	8	1	58
1	43	55	86	41	34	90	61
72	2	83	93	94	46	89	50
64	2	34	66	71	34	36	40
29	93	15	86	94	94	94	94
6	6	6	6	90	90	90	90
69	59	12	82	28	17	19	66
64	71	49	31	79	24	80	99
5	11	38	12	65	6	56	98
76	53	88	46	34	56	68	76
34	88	98	24	9	51	47	5
22	86	91	79	36	68	57	77
10	40	43	58	89	38	54	22
81	22	76	98	75	29	16	99
88	31	21	28	54	96	74	99
29	94	100	19	85	82	39	55
93	21	10	86	51	41	72	40
42	79	40	4	98	90	66	9
100	31	23	1	78	75	83	67
46	46	57	89	10	45	96	80
42	78	75	25	21	43	6	29
95	63	54	7	3	46	77	81
51	38	71	39	92	70	3	21
37	83	60	4	44	39	53	27
78	71	43	26	15	85	93	44
15	76	20	34	52	83	44	9
69	90	31	82	5	34	33	2
14	57	8	38	98	55	79	82
72	56	33	24	36	30	51	94
87	22	40	39	34	85	12	45
6	62	43	60	68	48	85	87
73	77	77	79	40	12	54	80
66	4	32	63	24	18	91	6
97	62	77	70	76	66	53	3
49	45	37	10	23	43	32	57
84	27	57	92	17	74	79	15
19	30	12	4	7	69	27	47
84	64	47	34	36	47	41	32
67	92	39	71	20	67	21	4
46	94	48	97	30	11	84	36
16	87	67	86	49	61	52	76
63	12	77	16	67	18	76	44
56	37	85	34	72	78	19	78
73	71	36	39	91	51	83	11
20	91	79	82	45	27	5	76
86	67	2	28	74	60	14	38
1	1	1	1	98	25	67	7
96	53	25	98	93	82	22	97
58	1	70	48	43	22	74	19
18	11	73	63	86	1	43	98
65	26	1	57	93	93	93	93
2	2	2	2	92	92	92	92
18	98	35	57	28	79	39	19
52	83	99	83	77	28	42	25
70	33	94	87	22	30	53	74
37	81	43	51	12	88	6	36
8	41	44	64	44	75	23	15
29	38	84	42	81	11	11	18
18	60	60	72	51	87	73	31
92	39	15	96	87	93	41	38
78	86	2	52	25	79	51	54
34	60	73	40	93	10	76	44
38	23	74	65	31	76	48	87
30	63	43	51	21	16	59	49
98	76	70	14	93	44	65	40
84	85	93	4	6	88	7	84
29	66	39	3	98	51	25	7
74	72	88	4	86	17	91	5
30	8	49	55	92	43	24	81
64	86	67	17	62	62	3	35
96	79	80	22	2	28	6	87
3	20	2	97	99	63	28	86
1	71	95	57	86	5	48	86
9	28	24	24	90	80	24	13
83	8	86	32	22	36	71	49
52	25	23	89	61	78	34	89
47	75	82	69	39	21	55	98
65	84	42	74	40	21	45	77
34	30	99	5	88	31	71	27
82	66	31	46	4	64	12	15
18	80	83	36	30	55	23	96
34	51	92	13	97	87	29	69
61	76	2	78	61	64	52	19
73	4	3	33	43	65	85	18
12	13	9	89	67	10	52	38
83	86	97	74	52	19	86	59
14	61	39	41	87	21	52	37
95	3	23	35	82	63	71	50
79	85	25	80	24	68	84	89
45	18	95	14	27	12	16	83
35	85	55	77	17	59	46	37
97	63	94	8	36	44	27	94
10	10	10	10	40	100	71	69
90	25	38	88	41	3	82	65
62	26	9	70	88	14	26	46
14	81	58	63	92	27	82	61
38	93	42	73	97	97	97	97
5	5	5	5	92	92	92	92
9	46	40	87	2	30	78	32
72	58	75	52	60	17	43	40
88	15	39	96	3	2	70	94
59	17	55	61	91	38	78	24
20	92	80	71	99	20	52	100
15	39	78	24	78	87	92	42
23	3	46	53	34	70	72	42
18	100	66	33	85	34	21	48
87	41	47	28	74	14	53	34
6	39	22	55	56	64	87	88
89	7	20	86	68	100	80	65
51	39	24	81	4	11	13	37
68	84	62	67	82	23	72	79
75	72	95	25	43	95	87	94
85	66	54	68	14	45	27	38
100	41	12	42	44	50	45	21
38	75	66	26	15	55	1	2
95	56	84	38	19	24	92	1
78	73	12	64	21	96	72	97
38	12	6	18	10	69	96	19
83	88	60	91	23	46	53	2
63	27	92	32	8	1	73	19
16	26	38	46	28	5	73	73
31	83	17	69	98	63	38	70
42	58	65	14	81	20	84	73
90	73	78	72	69	53	85	8
6	45	28	39	58	79	73	59
38	71	17	22	75	7	65	36
50	97	95	72	65	83	43	71
51	65	68	35	96	94	3	6
15	79	23	73	12	18	21	41
76	87	80	76	45	2	78	77
51	38	21	52	44	88	66	13
39	24	91	80	86	10	36	18
43	48	67	8	88	56	63	7
60	4	52	64	80	5	34	13
94	99	20	44	93	94	73	34
96	52	96	97	52	4	72	54
94	18	72	4	44	56	88	33
78	100	98	20	54	60	44	83
2	2	2	2	83	91	70	52
65	3	79	55	14	16	28	50
42	37	39	82	19	62	91	30
86	26	69	50	9	6	89	33
15	41	40	14	98	98	98	98
7	7	7	7	90	90	90	90
63	17	37	44	42	7	3	42
19	39	9	100	89	6	15	41
79	6	42	38	85	61	99	24
80	5	66	13	18	71	39	4
20	44	8	79	23	50	4	18
29	62	81	4	69	48	91	57
94	18	27	27	58	19	79	49
89	5	13	94	74	33	2	27
70	42	91	54	40	76	23	17
90	20	16	4	31	64	73	30
87	69	25	11	80	100	92	13
93	49	68	9	42	23	64	83
93	37	26	28	26	40	86	43
46	27	39	73	37	94	59	6
98	44	4	71	25	18	32	28
73	18	62	54	39	76	23	91
71	19	1	58	99	61	31	29
25	88	3	71	3	8	89	3
9	52	99	10	24	66	47	33
90	3	18	18	13	89	62	56
83	90	89	30	30	98	23	30
43	2	74	22	69	6	73	93
9	28	1	44	19	71	89	78
90	13	30	64	96	91	86	83
2	24	62	19	93	51	22	81
30	26	49	74	89	97	12	41
38	64	42	40	69	34	77	92
98	96	90	34	91	67	16	4
35	3	43	15	48	31	59	21
38	97	67	41	55	77	22	68
3	97	77	63	31	70	18	86
95	66	76	22	50	82	67	31
84	68	68	93	1	88	53	68
93	80	28	55	64	51	87	83
66	1	92	34	71	97	13	22
74	32	84	95	12	16	74	63
40	83	98	82	80	2	63	21
80	33	77	5	50	8	79	36
64	69	45	78	9	93	84	1
77	53	77	38	69	29	21	58
5	5	5	5	35	37	12	16
33	50	20	57	52	90	32	70
22	64	1	40	63	74	28	1
8	96	60	87	19	50	15	16
10	85	38	69	95	95	95	95
10	10	10	10	96	96	96	96
100	3	12	20	7	29	47	87
72	7	48	46	31	83	59	8
85	48	11	54	84	43	9	9
15	78	62	54	1	23	62	40
14	41	20	19	61	91	58	38
17	1	58	19	59	60	29	3
9	29	9	70	76	98	80	19
30	64	65	12	58	49	39	47
58	58	38	87	99	2	55	24
79	51	50	70	35	52	49	26
91	58	20	39	7	13	33	90
85	14	25	36	78	43	11	64
66	14	49	86	76	50	95	20
3	46	50	90	75	67	90	59
15	65	56	84	13	56	85	94
74	7	5	65	54	85	28	87
24	51	50	55	27	46	37	25
37	69	62	71	80	71	36	34
8	97	98	29	76	33	39	79
9	10	60	9	95	81	83	96
80	94	20	19	58	47	49	83
5	2	57	57	13	55	55	11
46	3	76	53	18	5	26	83
13	55	55	77	78	45	51	95
97	33	93	54	67	38	69	4
85	5	78	16	82	9	88	41
7	56	60	84	91	17	44	20
64	12	59	80	83	34	46	51
20	62	26	39	79	6	45	44
98	82	32	80	56	28	28	80
20	40	86	93	30	99	39	64
23	66	50	17	78	69	92	72
62	39	92	78	30	76	18	27
72	87	35	25	99	63	8	92
51	40	84	97	14	26	97	79
75	99	9	45	79	3	81	47
61	69	95	63	62	75	58	31
78	66	2	16	45	73	27	4
20	86	62	75	1	25	68	68
56	10	94	18	67	82	89	46
7	7	7	7	12	44	79	10
38	13	16	85	38	48	39	85
37	56	24	15	66	41	7	96
22	14	46	62	22	41	37	97
84	83	79	89	93	93	93	93
9	9	9	9	98	98	98	98
67	43	49	64	34	23	43	61
88	34	80	81	17	40	49	78
46	65	80	45	80	85	78	41
20	87	40	88	3	76	1	44
51	14	2	41	31	24	71	21
79	37	33	60	8	42	99	42
82	53	55	55	29	28	69	66
23	1	97	47	35	11	16	9
64	60	6	29	63	38	3	65
85	37	61	95	54	13	61	38
70	7	48	89	75	72	95	58
60	3	55	83	1	10	67	67
14	57	59	34	44	21	39	8
70	19	15	42	64	70	66	35
96	72	23	20	95	59	90	36
28	5	83	2	23	33	24	31
10	73	71	20	10	89	21	10
94	82	58	40	85	84	9	7
62	82	51	37	60	50	32	23
38	37	83	50	99	8	53	93
63	31	91	84	78	87	47	88
44	43	80	59	11	85	38	87
46	58	68	78	68	61	22	89
59	1	92	50	69	30	20	83
52	43	89	64	100	21	95	11
90	57	6	32	48	40	35	72
42	11	100	2	45	68	82	59
55	4	74	58	52	22	46	23
74	41	27	34	38	64	6	4
11	28	26	50	63	18	71	78
56	74	65	69	31	84	37	87
91	15	23	24	99	10	56	84
19	97	35	70	17	40	72	29
71	63	9	12	29	14	22	78
96	33	16	60	59	42	80	2
76	53	76	66	16	45	14	98
81	86	44	9	41	70	2	3
21	53	15	84	35	65	35	43
87	65	4	78	37	61	85	17
33	10	17	91	6	45	68	6
1	1	1	1	44	30	72	16
6	96	63	83	55	97	77	35
40	58	21	96	61	34	85	52
54	73	41	72	36	79	7	19
79	37	58	52	91	91	91	91
7	7	7	7	92	92	92	92
65	10	75	63	26	73	55	79
52	26	54	8	97	97	41	81
17	37	36	45	55	68	26	49
4	58	47	51	44	44	42	15
49	76	26	2	50	67	82	29
54	79	5	71	18	19	79	66
73	74	52	58	72	95	16	47
10	58	57	36	38	48	65	69
42	77	43	33	9	9	59	56
79	82	49	64	24	21	5	16
35	51	20	53	3	66	71	38
72	20	71	34	67	37	28	96
17	99	47	78	8	3	58	98
75	59	75	34	75	73	69	35
85	26	64	86	55	75	12	40
13	40	3	19	92	64	16	22
27	23	70	3	42	87	97	58
55	62	27	81	73	92	19	76
52	33	48	51	32	88	20	2
97	10	95	23	78	86	47	55
63	34	29	6	61	50	24	98
58	52	6	16	54	84	10	45
89	88	84	26	5	72	54	27
72	19	40	22	98	38	76	76
87	36	74	72	75	64	50	62
57	42	49	97	100	45	71	16
80	47	71	52	72	22	84	80
19	30	35	55	82	98	21	34
23	35	82	28	91	86	85	92
25	66	36	96	39	89	64	31
95	64	42	82	75	7	46	94
59	39	18	4	96	43	48	31
64	99	87	20	100	17	40	87
24	19	13	88	29	75	39	26
75	81	61	46	91	45	70	15
19	99	92	26	28	5	51	50
49	61	37	39	43	38	47	72
12	1	42	50	2	90	96	48
39	97	41	21	62	36	83	46
48	83	56	36	1	26	59	44
2	2	2	2	61	92	35	81
58	93	51	80	69	44	4	25
61	38	75	75	63	57	5	2
67	12	15	21	35	98	57	85
48	13	62	94	95	95	95	95
9	9	9	9	93	93	93	93
24	52	16	20	90	37	1	59
36	58	60	53	64	26	78	97
12	81	66	27	98	14	3	24
38	91	89	49	26	98	25	69
40	20	3	33	84	89	41	97
23	26	87	9	28	3	58	57
45	58	95	8	91	86	95	72
61	23	67	4	15	23	84	29
93	33	64	39	98	29	80	1
5	26	91	63	17	2	37	29
91	68	56	4	19	17	2	14
91	15	1	73	22	90	49	98
75	48	82	67	70	73	96	73
48	24	62	4	76	63	63	80
48	9	20	29	34	48	23	71
89	84	38	24	71	63	15	69
57	4	23	64	64	97	80	83
66	61	92	32	10	96	70	26
60	67	9	37	37	72	31	43
72	25	90	87	53	82	64	39
12	90	61	17	48	74	50	52
26	83	98	73	85	77	60	39
35	3	3	22	20	21	41	26
83	60	53	59	69	2	28	78
58	41	84	33	71	64	6	35
5	71	48	11	26	42	74	34
59	18	26	52	36	20	77	94
9	56	26	94	92	88	48	46
86	52	24	19	35	31	26	100
14	42	88	31	47	75	90	38
5	49	51	67	42	65	54	50
61	83	70	11	47	90	43	81
18	11	50	72	79	54	92	91
65	50	53	61	37	68	91	52
15	74	74	9	15	66	78	28
31	94	39	98	67	58	74	91
64	19	47	69	99	15	43	3
73	12	67	68	94	51	7	37
87	9	8	65	71	63	11	76
33	66	84	24	13	26	48	44
4	4	4	4	11	80	96	50
16	30	73	4	59	50	50	90
98	68	48	19	83	35	95	44
84	90	62	33	83	69	20	66
6	61	14	40	97	97	97	97
6	6	6	6	94	94	94	94
10	42	70	53	98	56	5	61
17	47	34	30	50	89	13	42
53	47	12	56	59	31	85	75
48	53	5	60	84	87	59	33
29	46	22	98	51	15	85	34
5	28	51	9	79	40	18	7
29	13	73	42	92	49	80	68
14	61	61	29	8	7	29	1
26	80	61	60	43	6	18	30
98	10	20	21	64	96	2	3
39	27	70	49	2	14	61	43
19	49	15	75	84	91	8	4
20	42	36	83	16	64	17	97
98	29	57	93	69	27	36	54
60	24	11	36	10	38	50	80
24	53	66	22	15	97	56	5
8	16	44	60	33	49	63	9
61	92	44	5	37	26	86	38
8	45	62	68	9	2	78	65
60	5	24	81	76	43	95	11
73	69	11	30	77	18	21	91
60	37	89	39	19	88	7	93
58	60	19	28	3	100	83	65
24	88	4	20	14	66	53	85
27	29	45	75	33	51	13	33
31	86	17	9	97	96	65	35
53	1	21	10	85	63	40	65
88	62	56	65	55	28	39	93
4	1	63	38	52	61	86	95
10	71	9	14	64	28	94	70
53	98	75	27	80	25	41	78
88	23	6	7	43	45	28	59
11	10	34	16	74	37	74	11
100	67	47	78	17	93	14	69
69	4	40	8	94	32	48	22
74	50	9	36	24	34	97	75
69	18	8	59	79	13	96	38
26	68	5	94	96	38	13	86
51	68	86	61	72	2	42	77
76	50	19	12	18	53	21	45
8	8	8	8	73	29	87	71
35	71	56	8	18	55	58	35
76	35	46	98	8	53	13	22
10	47	72	97	63	68	99	59
85	97	47	30	96	96	96	96
2	2	2	2	90	90	90	90
2	70	98	73	26	93	58	31
86	24	44	14	39	44	84	31
64	46	68	19	20	73	54	48
23	59	38	44	83	78	76	61
61	50	5	13	6	61	86	19
27	85	88	7	72	21	47	50
85	44	75	25	39	3	63	64
100	34	93	53	73	23	98	64
30	22	25	30	72	52	60	22
59	65	76	38	10	94	40	92
12	14	32	100	38	54	87	92
97	86	57	36	38	95	11	11
81	21	34	82	83	2	90	91
29	99	80	8	44	44	95	61
6	83	56	16	85	31	8	50
56	36	9	20	50	50	90	16
29	70	14	49	78	31	22	54
38	47	88	20	34	67	1	89
68	49	32	45	82	32	47	100
6	7	1	49	7	18	50	86
6	16	91	38	17	85	47	54
3	4	74	66	53	10	1	8
85	59	14	14	2	58	60	43
78	12	86	82	39	64	64	63
29	51	83	60	76	12	44	98
60	7	76	86	26	28	23	29
59	65	6	17	1	81	64	64
80	74	94	53	83	27	68	89
91	10	26	46	91	36	5	59
70	10	14	25	38	61	71	44
35	82	98	77	31	28	81	61
21	73	45	59	69	9	14	40
70	14	94	25	17	90	62	2
39	89	14	95	68	31	26	42
28	22	89	45	76	12	64	65
58	40	69	54	97	25	31	36
100	8	89	29	50	5	34	77
83	26	6	45	35	88	64	16
70	73	65	73	37	81	51	59
38	63	24	45	22	42	21	46
5	5	5	5	50	97	81	17
96	76	62	99	77	78	46	6
3	59	53	34	1	100	92	71
23	67	24	55	84	19	80	23
19	30	46	64	97	97	97	97
10	10	10	10	100	100	100	100
22	100	2	60	87	24	31	19
15	24	38	22	57	55	60	18
18	42	23	52	11	90	25	14
31	66	15	32	48	78	85	89
51	69	45	60	40	27	73	37
2	99	95	87	22	70	9	48
90	89	81	49	93	17	7	57
66	36	97	18	47	68	67	27
68	71	15	68	15	83	36	54
60	98	98	96	92	41	16	29
53	44	77	13	48	50	15	58
27	73	54	80	77	78	17	80
2	44	23	40	1	89	15	93
79	44	70	19	72	31	64	92
95	90	91	3	58	70	94	4
100	27	37	52	5	20	93	61
59	98	96	25	29	60	20	75
7	72	35	95	81	87	94	22
41	74	73	59	46	51	5	37
78	42	94	43	84	51	34	12
63	72	67	24	64	60	30	56
93	40	28	2	12	75	79	95
49	64	77	85	12	13	45	91
25	31	94	38	45	43	53	43
36	97	12	1	28	87	5	18
58	38	63	61	5	68	2	40
1	99	99	71	78	77	10	90
9	19	49	35	53	37	39	21
14	33	26	78	67	53	37	90
16	60	21	81	74	65	5	55
55	21	3	67	69	63	91	27
67	95	90	47	8	63	66	87
82	32	56	90	78	4	13	52
87	49	32	84	70	12	12	74
1	24	84	86	82	72	28	79
59	46	96	65	69	74	80	93
13	75	61	74	35	62	1	39
73	17	6	5	12	74	50	68
18	2	35	67	65	26	91	87
61	3	27	52	41	13	18	43
4	4	4	4	64	51	55	54
95	45	29	50	93	82	4	45
58	28	59	62	84	36	57	4
67	48	73	10	53	85	32	31
34	1	24	72	91	91	91	91
6	6	6	6	100	100	100	100
35	5	11	12	48	18	94	79
29	29	9	12	18	30	24	61
13	8	61	58	70	88	29	4
47	69	86	66	2	68	59	35
62	38	95	23	30	88	87	18
60	75	70	87	10	97	62	21
46	86	57	59	81	66	51	45
13	99	36	49	82	11	23	11
90	94	92	58	50	20	93	81
86	36	13	78	19	15	7	41
21	97	52	70	59	32	37	97
80	95	24	7	42	33	25	51
64	12	80	100	87	17	18	23
50	71	31	85	60	66	52	85
75	72	40	2	96	1	43	93
13	15	73	57	99	37	14	88
12	38	99	69	48	96	94	64
20	81	4	63	15	77	60	19
100	73	33	90	84	87	8	69
99	72	99	21	17	29	42	99
53	69	36	75	85	67	37	52
74	62	44	44	86	80	81	61
91	18	85	74	11	63	87	75
60	18	45	91	6	94	52	6
16	39	71	75	32	91	25	17
26	99	55	79	52	53	33	75
88	39	90	70	94	34	46	85
21	92	75	19	72	90	53	30
38	75	60	87	57	58	2	70
91	96	49	76	13	57	43	26
62	12	56	42	25	25	4	56
20	53	84	30	85	57	9	4
69	47	14	20	87	93	75	39
92	86	17	70	31	21	42	94
28	74	14	79	14	72	93	57
80	32	8	49	14	26	83	68
69	96	56	44	57	81	87	6
28	43	47	72	71	37	44	13
20	14	1	60	76	43	67	72
26	18	89	26	99	21	20	15
1	1	1	1	37	62	80	38
52	52	13	49	82	38	93	30
5	43	11	5	45	69	73	47
90	44	84	78	5	16	52	69
31	5	28	10	93	93	93	93
2	2	2	2	100	100	100	100
43	30	57	52	42	81	76	11
56	35	65	49	100	28	4	37
61	88	26	7	60	59	40	36
79	83	78	41	41	56	59	16
24	67	60	97	98	63	84	17
76	2	91	12	40	24	96	67
71	59	27	23	26	25	36	26
90	2	12	30	42	80	97	94
93	31	67	66	91	29	97	46
53	20	66	95	98	68	84	54
92	13	71	77	38	50	34	24
100	90	94	7	26	24	61	82
29	20	64	23	79	39	54	37
48	51	73	69	88	58	26	90
38	48	38	37	55	12	73	52
50	36	18	21	48	12	70	57
33	10	71	76	59	13	23	4
13	72	14	33	88	86	29	65
75	8	23	12	1	89	79	76
62	8	79	10	28	16	55	51
26	52	14	33	81	37	97	40
65	72	98	3	38	14	85	25
50	89	98	91	82	91	32	96
10	40	87	30	55	34	48	83
56	56	75	31	83	99	14	5
50	41	73	100	98	43	64	73
72	87	79	47	48	84	85	84
68	41	53	39	33	48	47	28
59	100	62	1	3	61	15	12
87	50	6	65	46	46	12	83
94	84	18	6	15	21	46	6
58	78	3	3	57	74	17	79
30	54	95	74	32	58	81	1
2	76	88	23	70	98	68	20
9	12	78	54	95	56	97	100
43	15	71	92	58	48	75	57
22	44	36	96	40	34	78	61
7	19	51	11	27	80	52	58
97	39	57	44	40	98	9	41
99	28	31	34	34	47	23	5
2	2	2	2	54	20	10	23
65	21	27	83	29	30	67	38
99	21	26	49	50	19	9	52
76	61	9	79	87	29	92	36
39	33	43	5	93	93	93	93
7	7	7	7	99	99	99	99
81	87	94	8	26	95	65	81
21	60	52	12	60	3	11	58
98	4	11	11	71	88	13	67
15	41	59	63	69	74	79	68
46	99	10	57	16	22	97	90
19	94	74	11	99	14	83	60
17	85	92	35	26	54	18	3
37	41	40	72	13	61	3	52
79	36	83	62	24	50	50	78
92	43	40	100	86	57	65	30
87	38	71	47	85	88	2	43
97	74	10	58	51	34	83	34
66	76	28	84	44	97	5	56
93	68	11	89	7	91	58	37
39	100	54	59	99	1	98	26
58	25	58	71	63	31	56	61
15	70	21	57	69	8	18	13
28	95	66	22	84	53	42	8
33	5	28	12	50	12	95	42
37	10	77	90	12	25	41	38
54	6	2	56	78	61	100	76
61	11	49	97	90	61	7	59
86	32	52	68	88	25	53	39
96	48	97	74	98	19	42	88
91	4	66	52	3	28	92	99
38	60	94	29	69	48	75	63
51	60	51	70	68	78	55	78
66	44	53	79	61	36	58	96
84	30	26	31	20	2	7	5
14	8	68	39	58	31	49	97
27	22	60	71	10	98	56	50
93	60	81	55	1	31	64	93
31	11	21	25	74	47	59	7
9	4	63	18	48	76	93	14
28	82	32	19	80	93	54	29
50	15	24	63	60	1	58	27
67	58	62	29	25	45	69	96
68	65	83	10	60	80	29	10
4	2	60	85	91	20	34	13
76	52	31	30	65	50	96	5
3	3	3	3	53	27	87	40
31	85	14	92	16	43	88	88
2	44	50	83	75	89	89	71
69	79	32	44	23	21	45	38
3	68	94	81	91	91	91	91
2	2	2	2	96	96	96	96
38	75	59	80	87	86	9	50
56	67	96	84	10	13	12	59
29	53	100	28	63	23	39	26
49	88	17	8	75	89	88	46
20	73	58	62	55	17	100	90
53	82	81	91	66	31	87	100
64	52	11	32	99	33	4	95
45	53	50	63	94	78	47	97
43	98	26	18	27	41	94	38
49	65	71	5	11	74	71	52
94	24	58	12	73	29	78	19
70	81	19	89	76	49	65	49
80	59	40	62	68	81	23	33
77	40	70	34	29	31	96	8
92	80	5	6	32	23	72	64
24	83	21	2	24	32	72	50
34	16	9	88	74	76	78	69
66	55	76	14	49	72	49	4
37	7	58	9	30	15	77	60
68	65	38	88	4	21	19	55
8	68	19	15	73	34	49	91
77	92	47	99	48	99	30	25
34	67	20	85	1	13	73	12
58	60	13	44	34	1	81	1
7	10	68	14	45	26	7	93
34	95	9	45	88	19	58	59
72	99	93	25	92	14	100	81
100	30	24	12	26	37	89	69
95	25	68	1	7	42	65	56
66	11	88	49	67	100	25	53
9	39	63	83	39	94	93	28
65	60	77	51	84	10	41	34
44	9	51	5	18	21	59	20
63	81	13	18	60	18	94	33
84	96	9	21	63	23	90	96
56	38	13	4	42	100	89	28
78	73	21	15	56	25	31	55
16	4	72	74	28	51	68	31
60	41	84	6	55	89	69	52
23	11	53	76	47	80	44	68
6	6	6	6	21	81	93	95
43	5	5	10	20	62	45	83
33	51	41	68	20	25	8	89
9	61	40	40	9	68	79	63
55	65	29	15	100	100	100	100
1	1	1	1	95	95	95	95
89	62	74	46	99	50	19	68
12	80	60	84	47	63	78	76
20	46	18	2	97	52	13	42
85	63	13	25	45	61	7	38
35	1	71	11	35	42	79	41
60	44	12	4	16	65	18	39
10	20	73	13	16	86	74	10
7	14	54	55	40	29	98	12
23	84	88	11	12	95	40	84
86	53	74	97	26	27	60	85
83	1	30	13	86	87	73	30
61	72	92	19	46	35	8	12
67	67	69	15	67	21	77	1
8	45	35	27	75	90	76	29
97	10	25	68	4	95	75	64
54	18	70	96	99	90	54	10
8	47	31	24	76	33	77	33
52	33	83	18	17	15	92	1
98	95	97	41	23	54	96	62
86	39	39	52	68	47	28	52
60	7	32	1	41	14	4	50
12	68	71	74	48	8	96	83
64	100	47	51	78	38	68	4
77	1	94	19	64	11	23	8
23	91	47	49	39	10	66	7
42	21	34	48	79	47	7	7
68	16	5	16	30	41	99	9
41	23	61	15	6	86	52	98
3	52	55	38	86	61	75	58
35	6	47	71	88	90	15	55
88	41	48	89	2	32	52	28
72	43	5	66	49	34	60	52
64	98	72	75	55	71	91	88
51	2	4	24	84	2	6	82
97	68	63	20	51	99	21	13
49	2	86	100	32	94	63	42
94	4	93	56	97	47	50	11
46	39	21	31	29	23	10	1
78	59	85	74	6	63	45	41
15	83	70	46	53	38	50	3
6	6	6	6	35	96	60	4
9	32	53	77	60	81	46	13
87	80	79	55	83	32	66	22
1	19	5	74	27	81	34	42
8	84	28	25	92	92	92	92
5	5	5	5	91	91	91	91
18	13	32	21	26	96	61	93
76	23	98	86	49	81	89	50
35	65	11	39	93	25	6	1
78	20	41	18	54	30	3	75
75	81	14	33	88	83	32	67
17	64	44	85	66	96	38	9
34	74	65	35	20	38	46	98
32	10	23	42	76	99	88	35
37	26	16	57	2	57	11	52
64	71	70	15	56	41	6	41
82	82	98	100	11	44	56	58
72	73	34	71	92	46	70	84
36	39	52	49	10	52	84	86
52	67	55	29	57	46	11	10
53	44	69	98	33	76	21	46
79	44	54	49	88	28	6	24
66	65	88	3	27	47	78	8
39	96	41	69	45	56	95	2
13	62	33	12	53	58	97	87
63	13	54	24	52	26	15	92
61	97	97	11	4	75	85	16
50	64	53	62	26	16	22	48
61	68	34	20	69	56	80	69
84	84	96	68	96	3	24	33
13	62	8	80	69	65	93	53
46	58	76	79	60	43	59	28
72	30	9	40	26	90	44	82
24	93	79	72	92	52	62	31
16	87	61	41	50	91	77	14
50	9	80	54	32	15	59	85
26	23	26	41	18	99	1	64
7	34	82	25	67	17	79	76
16	65	35	88	92	41	19	37
35	37	9	74	49	96	100	27
52	3	37	75	7	6	55	5
98	58	93	84	21	26	32	9
18	11	13	61	79	69	32	28
92	57	57	70	2	29	19	65
56	57	3	77	81	31	76	41
9	51	64	34	51	93	66	88
4	4	4	4	37	41	60	45
20	34	1	53	84	29	79	58
76	83	2	48	13	95	4	78
95	63	92	68	74	72	37	56
35	87	52	43	94	94	94	94
1	1	1	1	99	99	99	99
4	40	2	66	4	32	5	76
52	47	33	25	9	12	10	32
98	10	71	60	68	65	63	17
8	57	14	48	93	70	48	58
63	15	81	52	63	6	77	72
33	6	91	13	60	99	21	18
14	72	93	52	35	57	1	31
32	38	52	88	83	24	50	67
20	100	66	56	32	70	71	12
79	13	22	78	16	22	98	63
76	94	2	28	40	94	55	81
74	79	24	26	67	48	83	24
6	94	23	8	24	6	19	12
92	15	29	38	26	36	74	4
98	9	43	11	69	82	54	30
28	31	68	82	15	98	41	64
65	36	51	94	84	45	5	2
71	39	5	9	77	47	47	2
23	36	26	79	63	93	63	57
47	19	36	71	94	84	52	12
26	20	8	43	13	89	60	89
45	71	46	47	68	36	96	25
73	8	4	83	48	88	19	26
35	94	66	81	49	63	26	39
72	1	47	3	48	46	94	32
94	98	85	60	79	66	97	28
12	52	3	80	92	76	68	99
85	10	86	67	49	29	29	23
23	52	53	15	73	59	26	27
14	73	64	19	55	12	5	19
98	90	29	73	40	27	7	84
2	82	73	82	86	8	90	84
40	23	39	65	86	37	85	85
88	36	43	62	5	39	57	30
9	62	65	85	49	3	93	3
97	46	52	88	52	97	40	95
44	29	16	18	50	8	86	68
21	90	68	13	49	54	91	29
49	91	68	88	95	63	57	79
30	37	51	41	66	86	30	99
10	10	10	10	66	53	19	89
15	56	53	40	97	72	23	61
2	12	30	21	2	100	21	51
51	17	35	77	31	51	25	55
74	23	84	59	92	92	92	92
10	10	10	10	99	99	99	99
96	24	13	80	28	80	87	52
89	9	71	27	17	100	69	9
85	82	79	43	69	48	3	70
84	81	21	31	62	86	47	40
75	79	68	54	71	89	98	90
15	94	90	15	98	20	44	84
80	50	68	92	9	1	20	41
95	18	41	86	85	53	68	7
91	22	89	87	20	68	26	86
46	37	96	16	50	55	15	54
70	81	89	75	22	64	79	61
51	52	7	71	46	65	47	45
1	6	83	97	38	67	14	16
5	88	52	3	1	28	100	72
89	42	89	73	45	1	91	17
57	96	54	11	22	54	2	99
80	94	97	21	33	77	63	33
48	80	99	79	18	82	7	19
57	35	23	40	77	57	86	57
96	32	68	37	63	79	89	67
98	38	62	22	9	79	4	100
78	90	90	94	100	29	46	79
77	25	40	97	92	63	15	27
67	42	67	95	97	72	73	97
94	18	33	72	22	42	22	84
90	18	35	91	78	86	28	30
81	49	59	19	88	31	63	59
39	30	17	34	48	7	48	18
91	97	12	28	23	50	86	99
23	69	4	31	84	15	28	96
98	68	16	87	69	16	71	8
66	91	67	75	54	9	55	75
49	36	31	91	24	24	58	60
96	21	64	8	7	10	55	86
84	89	70	22	64	4	19	80
95	67	78	22	90	42	73	58
17	35	95	90	33	64	38	41
90	85	41	33	10	84	57	72
11	44	9	54	44	8	80	88
29	5	42	74	11	20	2	56
7	7	7	7	82	87	99	74
97	29	66	93	17	59	95	51
72	43	12	65	16	53	38	28
79	75	44	5	57	80	76	30
10	17	43	83	92	92	92	92
2	2	2	2	91	91	91	91
88	32	8	28	36	23	60	96
90	2	96	88	33	92	55	17
48	68	39	63	51	52	22	14
27	83	3	97	97	73	83	98
5	36	87	45	8	57	77	100
42	84	25	46	37	2	11	68
13	43	87	34	69	57	29	34
32	74	26	75	11	83	61	58
9	52	57	27	89	72	96	93
3	14	84	79	80	56	59	67
77	82	50	68	91	15	21	82
60	96	96	82	49	17	95	73
96	46	25	21	38	34	73	87
95	86	12	90	10	71	72	46
69	19	78	7	38	5	3	51
33	81	87	100	12	83	81	53
50	7	39	62	9	7	12	49
11	63	29	41	75	41	40	33
70	83	88	39	62	26	2	3
23	52	100	80	15	83	56	44
48	46	16	18	17	96	9	1
14	46	84	70	50	49	16	62
1	55	34	78	71	77	69	82
21	61	33	44	70	18	19	49
99	4	27	39	59	1	97	100
39	54	75	2	21	68	54	66
18	62	67	83	25	23	92	61
54	16	32	21	40	65	28	63
27	33	73	32	72	51	34	99
74	8	81	23	50	5	25	64
74	43	98	39	11	13	87	37
52	98	71	79	18	86	34	8
51	56	4	81	71	56	28	6
27	84	4	30	58	83	15	74
98	79	100	80	1	41	51	91
61	84	82	35	3	47	65	30
9	32	31	46	75	82	20	20
44	90	97	73	56	76	85	44
22	21	44	56	19	99	92	87
40	98	95	97	15	9	50	69
7	7	7	7	64	9	83	25
50	35	91	36	70	47	27	67
17	63	64	80	2	75	4	94
73	27	28	47	24	70	13	64
18	50	15	6	98	98	98	98
9	9	9	9	90	90	90	90
21	42	79	93	96	78	97	88
96	59	8	95	97	17	4	20
78	54	41	34	28	34	58	81
23	36	14	96	23	13	73	49
27	82	3	80	88	98	72	5
36	55	100	20	52	46	26	3
11	53	29	26	95	93	74	60
50	34	82	33	52	49	54	34
41	77	27	32	22	52	64	9
49	57	96	91	34	88	77	99
89	81	71	22	34	85	97	42
9	10	35	49	36	92	98	58
43	82	92	16	61	19	12	2
83	93	61	58	27	98	80	25
17	43	33	82	46	7	2	72
63	80	51	63	31	5	75	25
90	24	4	78	38	68	41	31
39	96	63	83	27	28	1	56
22	82	19	15	8	99	79	97
48	76	90	15	19	73	3	99
87	60	79	28	27	81	87	10
20	75	16	7	92	93	24	88
70	80	78	92	50	78	83	69
63	3	26	22	18	41	59	79
46	60	75	22	94	11	95	63
42	79	70	28	41	58	85	3
17	55	89	91	93	64	13	57
84	66	91	86	59	34	92	94
56	11	31	97	86	6	11	58
47	93	59	43	31	41	73	36
30	80	49	55	65	89	24	96
69	37	92	33	93	8	50	22
94	34	94	66	27	41	60	84
7	76	42	72	76	84	74	85
7	73	94	27	86	95	98	79
2	56	88	12	53	82	48	52
27	18	24	46	56	28	80	26
93	26	25	71	3	11	65	44
70	95	7	24	56	94	80	40
63	76	75	60	47	92	13	71
10	10	10	10	39	27	99	81
63	8	33	39	80	81	89	21
60	3	77	69	43	31	12	45
100	69	100	37	18	47	36	7
57	87	81	75	96	96	96	96
2	2	2	2	93	93	93	93
93	53	44	4	52	100	91	60
61	23	36	86	35	40	7	13
41	97	33	42	23	18	32	6
39	74	78	71	41	49	19	45
68	12	52	48	20	8	76	69
11	2	36	100	66	90	47	54
24	7	79	7	87	67	72	49
45	5	82	19	20	73	67	8
37	59	53	95	54	28	73	59
67	66	51	49	76	74	23	32
77	37	98	24	56	21	37	38
49	27	98	28	35	91	57	79
57	49	87	70	32	55	82	79
40	27	94	25	38	61	15	51
69	4	84	45	53	49	41	26
31	57	42	34	88	52	42	76
1	76	92	63	3	25	78	23
11	47	92	79	72	32	38	27
23	12	91	11	1	54	80	98
69	66	20	49	50	71	13	42
58	14	45	27	54	91	44	4
44	46	88	74	57	77	81	14
57	92	23	51	9	69	2	13
55	88	81	71	45	85	92	28
95	63	6	91	25	7	69	65
47	62	49	61	86	87	29	25
92	80	19	88	1	84	82	97
88	7	31	50	14	29	92	75
2	26	19	8	71	21	53	21
28	58	3	85	99	84	3	50
19	36	41	66	39	18	3	59
90	65	97	66	46	40	11	45
29	81	72	100	39	78	58	1
40	74	62	34	96	93	74	60
20	95	99	51	67	46	26	17
60	25	96	43	47	85	87	11
100	68	13	12	20	50	53	6
57	40	49	8	30	48	60	81
16	32	55	24	45	47	25	54
58	81	66	19	65	45	55	74
1	1	1	1	34	16	25	10
57	72	26	81	39	95	86	93
24	77	21	51	9	27	70	18
95	28	94	39	69	59	23	73
56	65	13	32	94	94	94	94
3	3	3	3	100	100	100	100
76	79	72	10	63	67	82	80
55	54	56	74	7	26	85	54
72	55	73	10	100	28	93	66
81	7	56	4	71	75	92	58
65	14	72	45	64	52	52	14
37	53	92	73	27	33	90	53
14	58	70	55	53	15	67	13
43	77	66	54	5	73	92	58
31	60	3	82	87	21	76	4
3	49	18	67	5	44	3	29
31	96	1	82	7	3	48	72
100	35	85	12	57	97	26	91
42	99	21	9	88	28	34	85
18	4	5	32	46	91	74	80
25	4	55	60	90	64	22	66
83	77	85	24	78	92	74	59
14	86	29	1	83	92	80	90
79	37	94	84	91	39	18	90
70	22	78	50	74	8	56	92
23	67	50	92	90	90	43	52
92	23	8	91	54	85	54	57
43	65	16	88	68	59	61	44
1	22	65	36	77	43	91	92
43	93	8	33	84	53	83	7
35	25	91	51	36	5	4	72
22	70	16	88	7	71	62	97
34	40	68	42	90	35	7	99
65	65	78	82	58	98	28	84
52	80	99	44	99	41	93	56
13	27	77	47	35	46	62	54
27	68	86	4	30	29	76	97
65	19	33	73	71	83	25	77
25	76	18	70	58	24	95	4
75	9	73	42	7	32	35	69
87	36	15	17	62	22	65	6
87	87	5	2	72	16	59	77
62	34	50	1	55	3	76	80
78	13	34	1	64	15	39	14
18	5	66	33	44	57	23	91
4	26	90	44	64	42	27	40
2	2	2	2	74	8	87	97
81	6	34	10	90	53	50	52
80	27	29	59	23	54	39	4
72	91	57	15	61	70	30	71
17	43	4	71	95	95	95	95
9	9	9	9	96	96	96	96
49	56	53	14	93	92	45	13
40	53	89	79	32	67	14	14
56	80	76	59	66	81	86	39
47	9	69	50	37	48	82	72
56	87	93	63	10	1	6	13
68	14	2	73	15	79	57	81
1	59	49	57	70	12	79	65
89	99	87	63	97	11	81	15
22	100	68	63	83	39	3	91
60	50	9	76	61	27	12	52
91	54	43	7	92	61	70	72
2	28	5	6	33	25	16	10
73	75	89	78	15	90	85	31
27	77	29	93	96	12	25	42
96	10	10	66	16	24	52	17
86	79	67	22	83	42	29	71
47	33	90	40	1	93	43	2
51	33	47	64	55	50	14	72
74	77	58	99	73	15	38	3
57	71	69	82	7	32	24	92
16	10	45	1	64	3	94	57
65	65	94	14	14	51	50	18
89	68	95	41	3	88	82	92
45	62	91	26	5	10	36	17
78	70	22	12	50	97	26	13
85	62	45	2	27	73	4	74
42	1	30	63	26	42	57	94
91	23	82	53	68	55	11	14
80	58	20	51	3	41	79	82
6	77	11	24	29	48	52	10
39	69	78	78	49	8	71	94
94	76	64	23	13	20	40	42
72	87	26	2	29	89	20	35
88	80	50	57	8	54	79	11
45	75	77	98	11	72	67	13
26	16	47	75	92	80	35	66
44	71	55	80	77	68	38	90
83	11	92	5	98	39	30	81
11	3	60	63	68	65	70	37
89	13	30	91	61	76	11	33
6	6	6	6	98	23	69	3
41	40	31	33	71	8	82	11
41	76	9	99	33	49	82	63
34	98	14	48	57	66	21	1
60	69	2	73	95	95	95	95
1	1	1	1	91	91	91	91
5	30	23	97	76	32	38	10
83	38	26	90	78	55	94	78
93	33	9	49	68	99	28	14
69	27	97	34	85	10	44	54
29	68	95	95	73	72	69	29
31	50	51	41	97	41	27	50
100	61	50	6	87	40	28	23
77	19	30	82	20	76	33	50
15	62	17	64	99	29	99	96
42	58	22	35	87	89	54	63
73	17	52	35	62	2	78	55
61	90	92	83	48	37	69	12
99	42	54	75	15	91	27	94
80	94	64	7	13	92	73	68
78	53	96	44	97	5	97	37
36	21	59	68	29	49	47	84
47	92	100	78	43	32	90	11
10	58	33	21	40	87	88	25
34	80	29	15	12	3	5	65
61	84	13	48	43	82	38	94
10	76	22	13	23	48	69	93
88	65	8	72	10	100	74	31
61	3	20	20	18	91	49	18
76	21	43	84	1	61	60	19
7	88	51	41	45	51	18	78
24	63	16	61	68	26	17	14
59	11	89	20	27	77	76	15
8	90	35	68	45	58	29	24
19	94	87	79	67	80	3	24
24	64	60	51	100	72	48	74
31	31	88	18	53	3	25	47
32	21	95	48	46	16	10	33
16	36	86	7	56	87	57	68
40	16	43	95	86	99	78	74
93	4	90	33	22	88	94	90
84	3	36	28	36	73	41	88
69	79	90	8	57	7	99	79
32	74	13	78	73	63	13	99
40	89	38	97	28	23	93	9
28	58	3	2	21	83	41	3
6	6	6	6	21	18	15	89
84	36	77	29	70	14	27	12
39	82	13	38	9	3	43	95
38	61	50	21	72	39	18	66
64	23	24	80	99	99	99	99
6	6	6	6	90	90	90	90
43	88	29	57	67	81	51	55
38	9	10	63	22	84	83	86
44	5	92	87	72	57	39	61
57	77	40	38	22	47	2	23
9	2	12	81	40	92	12	11
18	26	59	34	37	2	32	27
25	96	89	70	43	46	25	32
54	38	100	63	99	14	42	38
12	92	71	39	38	6	29	77
35	29	16	82	16	65	38	32
29	73	40	37	6	57	89	91
50	36	34	31	92	1	25	79
98	88	28	68	51	93	65	95
45	17	9	40	32	36	78	11
56	58	48	78	41	26	96	28
10	43	100	12	74	87	31	38
4	54	98	11	35	96	9	76
40	20	4	43	70	87	5	7
38	6	33	30	98	54	56	34
73	37	20	38	98	2	15	82
67	68	84	72	92	92	9	76
57	69	26	18	65	69	91	51
5	4	73	70	18	62	58	71
7	60	34	90	34	67	77	63
71	14	43	77	83	94	34	32
61	29	37	3	66	56	58	33
57	36	2	99	73	18	11	90
85	20	55	45	64	43	66	77
70	33	21	52	69	64	34	10
52	46	4	70	77	11	57	49
18	78	27	87	71	48	35	13
20	85	3	52	82	42	40	17
42	3	85	85	60	36	72	22
45	38	51	67	52	18	34	51
76	31	28	92	41	48	30	81
83	50	13	27	95	83	15	32
55	98	81	81	85	35	14	58
34	87	76	49	27	70	90	47
52	85	79	33	4	18	20	46
49	95	12	10	88	84	81	88
4	4	4	4	12	1	25	75
51	94	35	55	92	18	21	57
79	88	24	58	28	81	30	59
71	68	76	21	33	77	89	90
63	70	18	54	97	97	97	97
5	5	5	5	90	90	90	90
23	90	32	77	41	42	16	53
11	26	41	28	16	66	70	9
51	27	75	25	15	68	18	89
32	97	89	49	41	29	73	59
52	41	78	77	42	49	44	71
84	13	23	10	41	43	34	20
21	98	92	42	68	15	3	98
47	19	39	93	25	35	99	91
1	94	55	79	63	99	55	58
25	22	92	50	68	16	26	14
35	47	99	75	51	74	87	4
55	49	1	57	99	27	72	91
100	65	26	8	74	75	53	81
47	56	98	82	38	39	43	70
35	80	64	52	67	81	56	79
36	15	88	49	60	92	94	29
17	96	80	53	24	83	93	61
83	94	74	83	85	35	29	1
68	23	28	88	73	11	48	25
41	84	1	21	93	12	20	3
53	20	49	67	69	11	52	40
22	60	44	16	59	66	92	6
54	83	28	21	50	64	22	61
69	83	12	29	11	22	21	73
5	67	25	1	1	34	78	61
36	4	85	62	10	98	63	28
73	90	57	27	75	3	6	64
39	72	73	36	72	45	35	7
28	65	1	4	63	64	28	71
81	50	49	68	47	81	82	41
19	21	6	18	43	69	19	18
97	38	77	61	8	27	95	57
59	51	8	57	35	81	73	42
67	37	45	84	45	5	89	33
82	56	60	17	20	22	92	99
34	1	70	75	70	46	31	58
53	63	83	82	44	72	10	62
21	34	76	79	99	15	20	20
60	70	19	43	5	53	20	82
79	78	86	97	57	33	39	81
2	2	2	2	81	12	68	83
23	68	4	23	62	87	87	7
79	7	79	4	57	62	36	53
73	6	84	84	4	54	90	76
19	27	9	69	95	95	95	95
3	3	3	3	100	100	100	100
40	99	55	30	4	37	96	25
17	11	82	1	39	60	90	57
41	42	62	25	91	1	51	61
86	65	56	78	83	89	3	58
91	46	21	70	86	56	45	66
31	43	95	18	55	66	6	68
31	58	32	99	73	28	87	52
18	83	73	63	89	99	63	32
57	89	64	38	91	46	1	5
59	94	75	22	73	48	29	86
91	65	71	89	23	16	65	49
61	56	20	52	97	84	81	35
42	24	87	87	7	85	45	6
84	36	13	80	93	85	19	55
31	80	67	50	36	36	58	91
11	10	53	78	89	50	94	94
58	37	12	22	6	60	8	61
57	43	89	60	60	35	45	40
83	27	62	44	5	1	38	33
8	63	72	66	67	64	77	1
79	92	40	97	69	95	60	87
88	11	77	17	52	76	88	23
13	30	98	42	17	76	49	50
42	1	74	74	37	44	69	97
84	33	69	36	83	29	7	40
87	39	57	59	90	80	25	15
88	8	24	17	68	93	74	52
86	96	59	48	2	32	29	82
86	98	63	39	27	22	76	19
53	6	77	3	39	46	38	29
71	13	21	54	12	99	17	60
57	61	94	77	29	28	93	59
85	93	75	86	87	100	62	63
5	43	40	48	100	44	1	81
89	25	26	66	34	9	57	86
95	43	22	14	5	23	47	33
83	33	79	91	99	16	52	91
62	31	35	43	31	86	65	9
1	70	31	64	6	81	94	42
32	74	66	21	67	55	81	91
3	3	3	3	35	25	65	75
34	39	64	58	99	24	37	77
37	53	79	66	16	75	3	71
28	90	85	98	20	53	73	25
95	65	60	8	93	93	93	93
8	8	8	8	92	92	92	92
75	39	34	68	75	28	33	28
91	13	58	69	37	23	17	5
19	21	10	20	6	30	95	59
95	59	47	71	20	97	40	78
29	71	13	85	2	21	10	23
40	4	78	27	52	22	65	78
40	70	100	68	40	70	62	100
25	48	22	78	63	14	41	99
23	81	23	37	66	91	45	81
25	34	86	84	9	89	11	43
1	69	47	48	12	52	54	62
92	67	1	88	47	16	34	98
57	92	86	6	17	74	32	77
60	24	52	64	47	65	81	18
91	53	68	80	97	45	50	39
74	2	77	33	40	44	8	77
42	15	81	82	22	68	68	78
68	69	32	13	42	38	85	4
67	24	30	84	44	89	57	65
11	55	1	59	95	10	86	63
42	63	97	43	67	64	38	99
16	37	11	98	15	97	88	60
69	36	29	5	59	23	76	64
6	19	73	67	67	25	33	33
4	68	91	79	29	84	37	88
73	95	4	23	80	18	36	65
62	70	29	88	73	98	52	77
98	20	52	12	79	8	39	35
35	28	24	94	91	7	42	1
63	19	28	39	62	31	87	95
40	72	9	88	63	96	38	20
56	63	25	17	88	51	13	33
23	4	9	55	53	13	83	74
23	39	40	20	58	42	85	78
86	18	62	33	91	73	88	20
31	89	61	96	87	43	66	7
92	28	42	63	10	39	69	1
88	73	82	92	87	74	8	38
21	63	72	68	43	83	93	44
57	74	70	68	52	9	68	60
7	7	7	7	25	25	1	78
6	94	39	78	68	8	14	9
42	77	87	53	22	81	12	51
31	3	69	38	37	43	79	13
22	64	10	80	93	93	93	93
2	2	2	2	92	92	92	92
47	21	75	20	37	64	4	81
76	79	79	68	97	98	52	22
33	25	58	68	51	12	66	67
49	49	76	64	6	5	66	87
50	2	90	69	98	5	17	73
65	16	91	48	33	47	82	11
72	59	55	55	39	97	90	6
47	87	22	24	8	85	81	32
55	46	19	18	35	41	4	39
61	89	60	85	78	25	89	23
79	54	73	50	29	54	76	73
46	43	40	66	92	12	56	5
63	54	23	85	33	5	69	45
7	68	53	66	88	86	20	9
44	46	44	94	21	68	71	32
38	56	92	9	90	54	14	81
99	25	84	79	38	54	64	71
46	5	91	38	13	51	88	65
75	12	96	53	82	4	81	86
41	95	83	46	32	61	99	15
75	51	78	19	15	68	93	86
78	13	50	89	48	93	77	79
70	30	47	49	63	60	7	23
66	87	62	99	87	75	53	22
81	59	19	61	88	33	66	8
40	88	46	100	100	38	70	57
92	60	38	98	7	37	28	84
67	65	15	5	50	96	17	6
61	14	21	42	57	92	88	48
6	50	16	63	27	67	58	1
47	98	8	57	21	75	74	22
2	62	22	9	30	40	98	59
81	56	28	51	83	93	99	39
84	70	4	65	58	86	80	62
27	45	85	69	15	19	79	16
89	15	36	67	77	16	82	97
68	18	63	90	28	77	57	99
59	9	66	65	44	14	44	62
62	66	4	49	82	3	84	52
22	66	39	62	7	39	95	68
10	10	10	10	31	98	77	95
28	65	99	79	72	98	91	39
1	44	75	17	8	11	94	8
69	26	24	54	3	73	62	85
71	2	79	40	97	97	97	97
4	4	4	4	96	96	96	96
17	8	50	94	81	70	82	72
8	9	28	48	26	17	26	69
24	94	4	14	70	41	78	67
28	25	88	91	22	35	33	10
67	87	54	21	65	71	44	44
76	53	8	19	37	5	24	25
26	33	79	89	91	36	17	27
56	53	98	36	74	14	28	59
68	95	42	85	100	9	72	38
65	56	85	66	61	8	99	45
96	85	19	54	55	50	26	33
59	14	88	21	18	68	98	38
97	56	93	74	28	27	58	35
40	22	70	95	98	62	70	30
61	89	17	18	26	10	61	31
51	19	50	98	8	95	76	53
31	39	3	47	79	82	83	91
64	43	1	6	61	23	7	84
59	58	58	40	92	38	93	95
48	98	64	22	30	83	52	15
74	92	80	64	62	13	55	69
47	49	15	1	65	3	66	36
9	71	61	32	50	59	96	64
58	30	98	43	97	5	16	40
80	86	86	92	48	44	80	28
63	85	93	65	76	24	6	1
7	81	12	32	61	63	18	17
88	3	52	9	54	79	43	10
92	96	87	74	18	71	24	48
78	33	70	26	90	87	69	25
77	83	16	45	83	100	71	59
17	11	40	87	79	32	11	10
63	65	94	62	55	8	93	69
51	10	17	19	6	5	53	77
21	4	65	89	28	76	66	74
43	76	30	47	98	64	62	25
26	62	81	59	56	9	80	27
84	7	100	50	77	6	93	47
71	11	40	44	29	41	57	60
26	41	61	15	96	47	95	66
1	1	1	1	25	36	35	1
2	21	23	39	42	97	48	84
17	100	24	84	13	20	86	34
64	9	82	58	19	13	11	11
98	33	26	46	95	95	95	95
6	6	6	6	92	92	92	92
73	21	76	56	65	34	61	79
29	59	96	49	65	86	6	14
43	65	62	2	82	73	76	65
73	57	24	100	45	38	33	8
54	72	12	25	81	59	39	19
33	4	40	4	37	98	42	24
48	60	32	68	80	63	68	90
49	93	1	27	57	30	90	61
92	40	83	11	8	28	34	84
38	45	65	75	61	35	63	94
20	37	39	42	98	53	63	88
72	36	53	28	53	81	2	71
54	65	8	45	17	7	10	62
44	34	85	74	4	91	98	8
3	17	35	17	40	11	70	38
41	33	18	54	89	23	78	100
13	4	24	30	4	48	96	6
17	65	92	73	14	16	12	18
71	18	87	58	27	89	28	91
24	13	71	2	34	84	59	70
74	63	85	100	63	77	57	65
59	30	57	26	55	19	85	37
44	54	50	12	76	54	85	5
27	100	20	47	13	87	90	99
27	67	6	12	43	95	90	53
99	33	9	63	82	35	83	98
75	45	40	49	26	13	61	33
23	45	80	23	1	96	76	72
30	82	69	25	48	20	34	79
69	96	76	63	21	43	14	49
92	6	46	44	91	83	78	46
57	91	6	28	10	28	74	17
57	98	88	91	87	32	36	93
41	14	19	76	15	18	32	42
100	29	77	21	24	38	48	60
72	72	21	51	31	42	65	68
61	41	29	80	70	20	69	7
9	21	48	48	34	13	72	98
15	99	22	17	30	87	8	40
3	10	62	11	60	53	79	49
8	8	8	8	25	32	56	18
16	76	96	83	36	65	67	100
90	87	85	70	80	46	82	20
26	38	26	93	34	92	56	37
100	45	97	47	95	95	95	95
4	4	4	4	99	99	99	99
89	6	79	19	64	24	5	76
2	14	72	25	99	15	55	96
80	83	82	83	100	98	70	30
81	12	37	38	5	95	3	57
44	29	37	39	99	23	76	44
46	88	71	69	2	42	21	91
27	53	71	63	17	26	93	13
31	76	76	53	56	90	46	9
49	19	13	17	72	12	83	40
18	85	65	74	65	20	16	95
11	37	76	89	73	63	43	8
97	9	35	53	82	8	24	32
26	43	71	82	25	64	10	58
23	30	82	24	1	44	76	23
13	99	24	33	69	25	85	95
40	44	35	44	7	94	16	53
36	45	54	58	66	82	43	32
87	14	99	62	51	7	8	44
15	76	23	75	55	54	87	6
7	76	39	37	18	70	39	76
50	44	50	3	53	19	48	39
35	49	51	96	59	97	44	5
74	43	96	21	21	56	26	78
65	32	35	72	6	19	23	74
91	32	44	7	79	26	57	78
45	43	13	69	10	92	95	72
61	28	66	72	39	99	45	72
65	59	27	50	43	3	38	23
85	10	22	56	87	69	73	23
94	34	57	81	58	14	88	42
61	82	17	65	57	91	74	42
86	73	64	66	76	49	23	51
62	5	52	44	46	87	52	56
93	47	58	33	97	86	73	61
42	57	61	58	75	7	37	95
96	29	33	37	78	61	61	54
18	23	79	67	75	16	36	25
59	49	79	69	15	26	3	27
34	69	12	78	67	46	100	75
61	84	44	47	74	80	89	61
8	8	8	8	82	75	5	71
88	81	78	38	93	1	9	94
49	5	37	28	81	34	50	56
49	14	1	28	49	56	82	27
100	42	37	41	100	100	100	100
3	3	3	3	97	97	97	97
73	94	90	35	77	12	10	20
7	7	16	65	21	18	76	86
62	48	80	74	5	14	7	31
88	34	85	30	61	61	17	4
53	84	34	8	68	15	12	58
29	5	2	61	75	97	76	13
78	49	46	32	24	87	33	21
93	59	92	74	9	55	95	15
6	77	1	62	39	63	71	10
37	40	68	42	52	30	86	26
45	37	44	26	70	38	56	85
33	31	28	9	8	89	58	77
46	84	46	82	19	24	41	95
42	70	45	25	9	67	99	13
15	77	11	55	64	36	97	25
5	69	48	19	46	55	23	60
38	72	69	66	44	10	56	72
41	3	71	34	60	41	61	56
89	46	96	13	31	32	97	76
44	41	40	96	98	14	47	6
91	46	57	11	15	81	18	15
76	11	31	7	74	9	11	6
85	75	95	8	19	91	28	74
62	16	76	91	66	46	99	65
33	95	38	77	66	88	31	85
68	85	96	40	78	69	20	76
10	91	66	29	4	13	80	55
57	95	7	50	67	44	99	11
87	33	70	78	10	92	88	16
16	80	43	93	84	27	49	6
34	58	36	86	22	76	37	29
14	20	42	67	9	11	39	80
69	61	90	6	48	43	90	64
24	71	33	62	44	54	5	100
96	16	41	80	29	54	92	30
21	75	7	35	83	80	86	41
65	99	8	70	34	94	17	21
28	7	33	41	35	64	24	54
99	4	13	22	24	44	54	98
36	51	70	16	94	88	5	50
5	5	5	5	58	45	36	12
16	68	87	43	60	12	57	27
72	61	24	3	58	42	3	37
2	2	7	82	20	65	12	42
61	37	53	74	92	92	92	92
7	7	7	7	100	100	100	100
96	71	34	29	51	35	58	87
73	42	20	69	67	9	37	68
69	49	49	23	99	86	6	71
79	66	78	35	77	75	46	94
25	53	12	80	55	15	80	66
25	44	93	19	7	87	49	92
71	6	61	67	19	30	3	59
30	21	33	64	24	77	84	42
64	78	6	19	22	51	70	10
71	10	41	55	83	36	66	21
14	70	1	9	100	20	74	31
40	6	69	17	44	18	63	23
19	69	50	99	81	57	84	71
89	41	48	99	99	42	62	75
11	73	43	47	90	55	9	64
1	7	32	60	43	86	7	34
60	28	47	56	24	75	13	9
48	95	72	37	4	42	65	90
91	65	91	77	20	15	51	17
78	4	30	38	27	94	40	93
46	10	34	90	52	14	20	59
98	2	81	92	51	14	29	56
63	62	7	12	69	35	68	55
60	24	76	23	44	9	1	3
69	10	21	62	27	80	25	55
54	68	52	59	40	58	5	62
61	14	86	97	79	70	63	73
59	18	65	45	5	53	51	95
8	49	31	76	11	66	1	36
91	86	93	62	72	14	51	26
46	7	90	49	11	100	97	12
82	91	24	96	51	40	83	3
69	97	47	4	29	26	26	83
82	41	34	39	37	94	39	7
8	56	80	54	97	55	94	100
3	12	4	24	51	81	43	10
45	76	98	56	67	73	82	59
50	64	29	20	9	75	86	89
68	87	38	65	35	73	34	70
21	63	21	16	18	68	93	83
2	2	2	2	35	18	58	7
42	33	27	38	100	38	56	5
93	49	77	84	62	29	79	76
93	77	19	23	74	84	97	78
42	25	37	85	91	91	91	91
1	1	1	1	94	94	94	94
5	35	91	43	45	63	54	87
72	50	97	89	36	50	22	83
25	84	31	58	69	85	32	77
5	70	14	76	22	67	43	59
69	42	37	15	92	92	3	89
36	53	90	53	19	46	43	86
70	45	6	29	98	71	97	42
44	62	68	56	39	50	58	92
91	39	99	26	58	23	4	37
26	72	40	73	69	95	44	41
35	50	74	51	1	6	46	87
88	17	9	89	27	76	73	35
23	42	76	99	34	59	99	3
30	29	72	82	38	86	10	49
54	79	40	84	43	13	28	33
79	42	63	85	34	57	95	7
94	76	74	8	60	56	99	83
70	28	89	83	34	89	76	28
11	56	89	48	7	13	47	27
19	2	44	8	57	8	85	16
7	97	90	38	88	58	62	49
20	74	51	34	82	97	82	71
1	73	66	30	8	80	78	11
95	31	95	87	98	61	17	54
31	24	30	34	39	36	24	2
93	95	65	47	56	23	15	51
56	19	49	73	64	51	94	82
52	43	4	70	50	8	13	35
52	71	7	92	79	47	74	40
68	19	88	93	7	41	55	32
87	6	13	32	49	14	88	84
60	57	94	8	87	48	98	24
16	16	85	72	9	28	79	91
78	56	63	12	44	84	80	19
49	69	36	74	58	97	13	96
7	74	40	31	55	42	86	38
40	90	81	83	65	30	87	67
3	97	33	70	57	80	88	44
96	3	68	79	75	76	76	12
91	86	47	66	7	60	26	80
10	10	10	10	51	12	5	80
32	51	83	100	9	6	6	43
62	78	17	28	53	74	80	98
95	51	62	88	96	73	54	32
90	38	75	49	93	93	93	93
9	9	9	9	93	93	93	93
75	85	17	16	24	46	61	6
43	22	5	44	48	74	100	82
27	86	38	88	60	22	81	4
90	79	86	98	91	79	77	100
25	58	79	48	87	26	7	70
91	7	33	79	45	83	45	29
59	3	100	25	100	68	5	98
97	40	77	77	97	41	51	79
21	39	93	88	30	48	59	54
30	28	32	95	63	28	37	4
21	51	85	48	13	74	32	99
72	58	30	39	11	10	32	41
65	54	56	56	31	80	36	44
37	19	71	49	78	94	93	14
15	72	71	79	65	55	43	91
7	50	51	5	6	26	40	93
32	46	79	50	41	25	38	44
68	75	78	52	62	27	50	65
9	84	99	27	19	29	78	77
2	19	73	47	28	16	79	7
52	49	19	76	14	35	23	39
77	66	67	28	50	69	80	35
15	51	46	23	14	15	80	36
4	50	44	98	45	22	8	11
79	62	60	45	2	48	21	33
13	13	51	55	96	83	38	39
8	88	47	99	80	79	47	88
83	76	11	49	38	75	20	73
92	27	100	96	59	26	82	90
60	58	45	36	69	81	75	62
88	13	19	62	82	44	29	78
98	97	99	88	24	53	71	89
44	74	67	9	35	3	81	82
54	69	48	15	93	27	88	2
70	35	63	3	64	42	14	25
61	89	95	72	62	64	53	75
18	25	21	14	29	73	41	5
73	82	40	74	31	77	10	1
77	59	58	72	30	57	30	95
89	29	100	9	47	4	3	91
9	9	9	9	20	17	88	44
60	40	53	48	7	85	60	15
2	47	85	6	20	64	37	69
31	98	70	12	52	79	59	29
59	89	21	39	97	97	97	97
4	4	4	4	90	90	90	90
69	80	31	66	4	67	45	57
85	23	40	15	85	4	96	7
36	76	91	55	17	65	85	56
26	62	12	2	97	25	4	66
97	43	66	57	10	10	51	96
35	39	85	93	66	53	89	11
13	48	62	88	23	62	46	62
37	100	50	5	89	72	73	14
61	15	46	28	71	85	66	92
40	11	36	94	61	59	19	58
1	94	1	49	59	36	12	85
38	43	29	31	29	65	45	74
84	1	73	85	95	44	8	63
93	19	52	93	7	28	79	81
2	76	74	7	11	36	1	89
81	58	90	41	15	68	37	100
34	24	18	25	30	34	71	97
98	44	30	35	7	87	20	99
59	76	14	30	62	50	35	21
74	15	58	96	84	32	1	15
73	62	100	35	43	41	47	99
89	69	43	76	24	70	13	73
72	62	20	98	90	24	73	53
42	65	43	76	70	3	78	91
3	47	18	57	52	30	19	77
93	56	55	42	29	46	36	92
24	49	63	29	41	94	82	51
91	21	59	20	18	86	52	89
94	93	57	73	36	46	28	60
42	85	86	36	87	4	79	50
5	34	69	97	30	99	92	14
42	75	58	16	14	68	97	47
35	52	90	32	63	85	76	21
92	92	43	59	40	94	18	54
2	65	97	17	74	27	98	1
25	46	98	89	94	8	97	92
72	10	37	49	37	64	58	94
31	34	59	46	91	58	62	36
87	74	68	67	56	81	47	85
80	5	43	2	61	30	41	33
6	6	6	6	96	63	33	99
31	45	64	87	84	7	17	60
95	23	35	67	23	32	26	74
4	70	29	16	25	44	38	94
28	60	51	51	99	99	99	99
7	7	7	7	90	90	90	90
63	18	25	51	47	91	45	46
59	94	7	22	76	9	38	36
3	42	69	67	9	73	96	93
61	37	54	80	7	80	99	100
86	23	97	28	31	36	24	90
96	31	88	68	60	69	26	90
5	5	73	99	86	76	96	88
82	70	77	85	49	84	14	73
78	14	14	89	38	86	98	57
2	41	94	38	45	66	48	48
65	16	76	53	65	85	78	69
65	36	78	100	35	51	25	92
50	54	27	70	79	8	72	26
25	63	63	96	59	89	45	26
54	21	87	42	53	77	92	11
7	60	85	30	97	53	71	57
60	50	38	85	68	67	49	34
44	63	23	41	10	37	53	41
100	32	3	72	100	49	91	27
83	90	87	89	79	57	84	21
42	69	32	35	8	32	76	66
7	63	2	84	26	72	37	33
6	59	94	41	88	27	49	79
78	42	72	27	98	89	69	91
72	27	44	40	74	13	94	21
62	65	5	43	47	39	64	19
91	80	58	34	71	12	10	61
20	39	99	32	65	16	97	37
25	37	96	14	73	85	5	72
37	64	56	4	47	98	44	94
95	46	76	27	40	22	24	5
91	37	49	80	40	50	51	29
12	42	81	63	99	100	62	99
52	43	45	30	97	71	13	57
1	4	42	14	39	92	14	37
44	9	95	12	94	41	87	66
82	37	86	1	53	94	55	26
64	76	66	55	91	59	70	90
17	53	43	69	30	39	19	54
68	12	19	13	28	49	39	24
4	4	4	4	49	47	49	37
31	36	73	95	32	97	26	7
65	16	41	56	62	27	5	60
72	22	80	45	72	69	83	58
85	12	92	72	99	99	99	99
9	9	9	9	91	91	91	91
78	63	67	7	57	93	42	33
49	55	56	16	16	13	62	57
57	31	79	9	2	60	20	45
84	44	19	98	92	49	53	50
85	80	83	2	54	70	93	29
48	94	67	56	31	65	59	68
21	39	53	81	30	26	29	20
27	43	64	46	95	49	61	60
81	25	28	37	44	80	23	73
18	75	83	46	66	17	50	84
85	59	81	6	74	4	70	98
55	22	54	14	19	67	60	82
13	25	46	83	44	65	66	12
54	40	83	72	52	95	29	51
33	94	87	42	98	81	76	22
41	26	62	11	58	91	55	59
78	32	89	55	9	8	76	7
97	56	14	65	51	99	84	32
65	90	62	32	76	26	80	8
35	48	44	83	79	83	48	36
88	26	8	59	42	9	30	97
72	80	80	28	77	23	60	19
28	8	60	77	59	83	11	88
63	70	33	96	59	5	53	59
54	84	76	82	41	42	90	44
54	4	52	69	88	75	49	78
6	48	12	34	8	32	40	47
11	46	97	12	6	67	52	73
46	74	97	95	50	95	43	91
14	49	90	51	86	100	30	53
52	76	34	33	25	74	29	20
38	9	95	9	100	93	60	6
100	45	77	54	2	26	66	99
14	27	63	47	68	51	86	98
29	3	70	90	46	75	74	42
14	90	74	16	1	55	88	51
14	90	5	27	45	41	23	39
29	20	29	18	51	51	93	23
60	76	3	14	56	87	82	13
49	67	40	14	76	17	27	84
8	8	8	8	82	5	43	38
19	30	14	52	60	32	32	38
6	99	28	79	55	6	10	91
29	96	94	20	82	38	65	87
61	97	72	49	93	93	93	93
6	6	6	6	95	95	95	95
21	63	67	8	100	67	71	16
34	73	9	42	12	93	74	56
88	99	19	76	10	79	81	37
19	42	56	46	46	66	42	100
80	42	70	93	98	38	76	99
18	3	10	17	67	39	17	28
73	34	72	85	43	58	85	38
73	89	20	23	93	41	79	13
92	70	64	22	37	77	4	15
67	22	65	90	22	10	48	19
18	68	46	97	2	47	59	52
6	67	33	32	12	67	6	4
57	93	65	94	41	92	84	95
55	98	90	26	74	18	29	4
7	7	27	96	11	34	63	59
61	82	59	21	78	45	55	30
1	35	25	61	34	92	54	77
20	20	58	56	34	94	73	7
17	11	81	51	31	5	62	23
16	14	71	45	8	11	59	45
62	4	8	2	52	71	61	73
38	1	85	43	66	4	13	2
37	33	25	21	10	10	74	28
8	80	33	47	63	96	19	38
18	83	92	81	46	42	59	97
44	64	98	87	15	13	100	81
47	60	35	76	66	82	37	90
50	83	17	43	17	7	22	78
86	55	32	96	89	88	54	54
65	88	71	95	50	18	30	72
73	16	14	97	29	31	27	10
69	48	7	19	57	50	86	13
9	15	94	55	56	95	57	42
67	53	52	95	10	82	48	53
15	86	12	55	28	41	75	27
92	24	49	30	88	59	47	50
37	88	88	82	29	23	43	72
50	36	32	84	78	8	16	97
35	37	35	49	70	58	11	61
79	5	43	91	42	51	4	95
10	10	10	10	56	7	48	82
89	98	54	51	11	55	14	84
51	22	46	11	32	22	54	81
29	25	73	14	24	47	97	4
12	43	32	30	99	99	99	99
10	10	10	10	91	91	91	91
71	1	46	90	52	86	72	55
15	42	7	54	44	47	99	79
48	36	24	4	100	5	13	39
98	60	13	22	82	8	36	55
18	60	2	3	33	70	90	59
79	33	61	65	33	93	66	68
83	93	97	97	4	24	46	54
41	100	25	36	2	66	92	57
18	82	62	54	47	61	47	15
17	47	25	27	44	42	55	58
33	81	76	90	3	90	9	49
55	26	77	6	49	21	31	63
21	63	35	7	70	83	47	56
22	72	7	29	36	60	4	50
4	67	88	100	19	4	9	26
83	9	61	52	7	65	61	52
92	22	6	3	25	58	1	70
76	80	36	1	37	23	21	57
32	80	9	80	58	40	66	100
61	96	73	22	13	12	74	51
60	71	61	99	74	19	82	99
46	17	94	99	89	83	36	42
3	51	10	93	14	32	85	47
90	6	70	45	82	10	41	89
69	87	50	93	29	13	20	26
72	30	21	72	75	45	30	23
52	99	56	27	92	9	93	74
12	44	87	24	86	34	42	59
20	58	32	34	13	48	42	58
51	79	39	98	80	96	49	100
40	66	63	35	94	95	87	36
60	45	97	20	7	49	57	79
41	53	60	61	63	93	91	12
9	41	63	68	63	4	32	87
89	64	95	20	51	3	95	73
57	56	60	85	55	27	74	90
59	29	92	91	40	88	58	62
94	64	65	8	49	3	36	55
64	38	83	92	38	12	69	13
35	36	1	8	58	85	31	44
9	9	9	9	25	74	39	49
57	38	25	37	31	14	54	82
27	56	39	51	16	43	66	91
80	100	58	6	23	65	46	47
77	90	78	82	97	97	97	97
5	5	5	5	100	100	100	100
10	39	84	31	36	24	45	99
52	84	76	96	44	2	70	1
1	47	12	92	60	93	26	20
96	75	94	16	40	55	46	49
7	97	47	48	19	37	53	60
77	44	78	41	41	44	28	9
22	60	56	72	91	82	40	100
76	19	41	16	92	95	97	6
48	93	87	67	34	85	15	37
65	88	37	36	32	13	78	94
14	31	34	54	81	80	88	28
33	1	37	93	5	3	96	79
17	86	58	88	82	58	60	20
19	70	37	94	10	87	27	96
80	69	7	81	56	10	83	38
95	88	2	6	70	12	32	49
74	87	69	90	70	28	80	2
91	2	80	19	70	31	25	50
31	39	70	67	9	48	29	59
79	70	29	37	91	40	93	30
46	77	76	57	28	84	92	81
39	49	20	100	61	29	14	19
12	97	51	30	15	58	59	57
11	50	24	52	23	100	66	31
91	94	29	38	34	77	93	71
87	11	37	69	48	61	34	69
78	71	13	62	38	33	24	50
65	74	84	77	37	82	63	62
28	87	69	71	63	63	2	56
40	98	60	87	59	70	23	40
85	31	92	91	41	85	75	57
30	32	16	55	12	72	31	31
76	14	5	42	23	91	87	33
95	75	54	45	81	55	10	14
7	69	52	95	39	85	29	95
99	82	90	99	17	94	4	58
78	79	66	60	80	45	61	58
7	59	86	50	1	48	91	2
13	82	91	4	40	55	17	15
85	13	30	95	71	15	1	17
8	8	8	8	51	37	66	84
94	20	66	38	75	73	25	29
4	77	26	81	56	68	77	89
31	81	39	55	17	1	53	70
71	26	66	45	96	96	96	96
10	10	10	10	97	97	97	97
26	61	19	39	72	67	75	2
82	91	68	56	78	24	10	52
70	56	12	22	32	73	77	78
74	46	18	58	64	85	72	9
97	6	76	24	45	5	13	51
88	45	25	69	93	25	32	73
20	22	70	85	52	20	42	83
9	13	38	9	25	8	39	44
75	11	6	48	43	17	19	45
67	94	93	6	45	76	66	5
27	47	42	73	82	21	59	50
44	6	93	88	41	43	59	100
26	84	57	67	38	80	96	45
7	49	54	5	53	39	27	26
99	65	93	93	57	67	7	93
98	81	83	31	18	88	83	19
88	42	65	40	5	71	88	87
96	94	86	21	10	7	29	42
72	66	97	96	50	83	11	42
78	58	27	36	36	60	91	71
96	96	25	38	93	23	68	58
94	49	100	56	51	23	38	46
17	34	29	17	59	69	16	86
87	63	70	15	86	82	33	51
61	100	98	78	38	24	92	43
30	27	83	64	51	62	99	80
97	71	98	2	22	94	54	12
53	28	39	14	38	53	38	77
17	7	40	6	4	100	87	34
63	43	72	53	63	37	5	28
61	55	81	72	27	44	99	68
75	58	93	93	36	90	33	91
13	8	79	66	71	66	51	60
70	74	5	57	84	14	86	55
76	8	92	15	70	36	69	22
1	41	6	5	36	11	93	95
12	84	9	24	59	42	25	72
14	91	32	37	46	23	97	42
71	17	37	53	70	22	25	31
47	16	95	41	48	15	11	31
7	7	7	7	94	81	9	32
100	1	52	54	89	3	2	50
6	44	83	21	50	19	95	27
44	72	42	69	66	51	48	7
63	15	63	7	93	93	93	93
5	5	5	5	95	95	95	95
53	57	98	81	22	64	74	56
82	82	91	8	25	74	83	44
60	92	79	97	98	62	64	72
22	51	70	52	65	12	11	89
74	97	15	58	80	36	93	17
38	36	7	91	96	20	20	49
59	44	23	51	18	82	48	31
73	13	54	86	52	78	76	99
3	4	4	57	84	35	86	95
100	50	56	70	95	28	30	32
76	26	31	27	31	32	93	96
73	63	16	92	84	66	38	21
10	39	85	5	72	18	50	57
39	93	56	73	3	30	15	89
39	8	44	75	86	34	84	25
83	80	96	36	75	64	73	73
97	40	72	98	55	10	49	27
77	95	70	47	26	82	27	1
34	55	75	100	94	31	47	80
44	94	37	81	29	27	61	53
85	95	89	95	98	75	91	21
15	13	47	14	29	40	45	77
33	68	10	77	6	7	38	44
97	16	89	65	57	23	50	82
11	90	5	3	31	65	65	44
68	88	60	80	37	15	32	49
46	25	40	29	40	15	60	79
90	63	60	52	62	40	81	63
27	22	72	23	58	16	3	84
78	11	71	45	27	34	33	21
19	37	14	81	67	44	12	95
55	84	73	14	63	81	86	11
65	13	61	87	76	78	12	61
59	83	30	30	59	9	97	91
88	78	49	14	71	67	79	17
19	75	92	89	38	71	38	62
74	83	59	20	21	97	46	44
41	69	32	30	92	39	64	50
32	30	94	95	30	81	58	92
13	50	68	61	87	7	16	54
10	10	10	10	89	50	44	48
17	85	68	70	48	56	82	49
55	57	53	51	2	97	25	79
87	50	48	71	90	32	83	25
7	28	25	25	94	94	94	94
10	10	10	10	97	97	97	97
64	10	74	89	3	34	8	11
26	77	42	93	41	51	22	53
81	87	43	22	55	94	2	22
76	56	40	87	28	11	63	66
38	22	7	59	68	54	26	66
21	95	59	70	31	8	75	20
83	26	6	11	56	53	47	90
89	45	62	48	65	5	74	68
84	21	77	68	76	21	22	40
78	16	58	79	73	90	100	8
66	28	20	49	47	85	18	35
45	87	34	36	22	4	42	14
9	29	49	20	25	30	17	41
43	47	100	31	83	7	98	62
53	84	1	59	99	13	90	13
74	48	29	60	27	94	21	5
93	36	62	93	19	99	17	67
4	42	3	87	30	42	72	81
41	84	87	93	54	38	8	80
42	72	84	32	32	74	91	43
44	84	14	29	22	90	70	66
13	61	35	56	87	79	32	33
51	13	93	75	33	84	57	79
78	83	36	51	8	23	68	64
54	42	60	86	98	94	28	50
25	33	73	73	23	63	49	90
76	87	86	69	98	60	31	46
71	90	72	63	85	8	46	68
23	71	67	50	83	16	95	33
99	47	88	16	62	49	13	12
10	26	66	34	68	57	39	57
62	30	75	2	57	39	9	44
26	58	40	47	21	45	88	13
43	71	58	45	59	94	1	99
8	69	73	16	50	91	80	83
37	56	19	83	100	74	30	47
78	66	7	36	98	77	98	75
87	86	40	50	77	93	91	88
65	52	87	30	77	82	62	15
45	35	96	93	32	39	4	36
8	8	8	8	65	15	12	9
90	83	84	15	10	89	96	86
19	70	80	91	28	55	17	8
31	84	28	38	25	87	14	91
69	93	60	65	98	98	98	98
3	3	3	3	97	97	97	97
52	22	49	67	52	33	26	73
67	41	58	84	82	39	61	88
95	58	34	34	9	37	89	20
32	98	24	49	31	8	57	11
76	77	30	24	79	75	71	64
69	66	14	55	56	38	80	50
18	10	28	2	14	7	44	20
68	6	46	27	8	47	13	3
31	54	61	11	96	19	92	13
69	57	74	37	57	32	46	72
87	77	54	40	16	29	16	69
50	12	6	40	35	86	68	82
94	58	8	96	78	11	21	59
62	51	87	42	69	47	70	12
4	20	66	77	43	73	22	61
60	1	93	35	24	10	9	94
52	59	94	57	23	20	47	92
52	21	85	26	8	93	42	14
38	100	100	19	23	9	21	5
33	57	92	64	29	48	50	34
53	9	45	42	78	48	91	21
78	63	52	100	4	99	51	42
24	77	69	19	56	23	78	33
48	88	30	33	35	3	49	25
13	100	25	10	58	38	63	98
84	67	88	34	18	82	75	8
11	12	70	28	87	39	84	8
20	81	74	68	28	8	29	2
13	94	17	53	59	21	68	12
87	75	83	55	54	46	6	100
94	60	84	67	81	19	20	63
90	85	24	18	30	30	72	39
38	46	7	54	92	92	64	56
73	57	88	55	55	49	46	96
10	40	32	52	28	12	57	51
2	72	74	82	22	73	22	71
38	47	4	7	92	4	27	1
82	93	11	83	40	17	100	20
83	32	2	17	34	22	89	75
80	100	53	23	62	84	71	16
1	1	1	1	67	85	2	52
30	33	3	97	64	72	40	35
14	51	26	35	60	33	62	13
78	71	47	93	96	53	72	7
39	94	24	97	92	92	92	92
9	9	9	9	91	91	91	91
17	37	5	93	91	28	2	98
73	45	50	59	88	15	11	3
23	68	68	81	87	11	24	98
16	22	21	92	3	84	88	91
46	45	48	87	22	50	83	39
60	30	43	91	68	1	93	51
48	98	72	71	75	60	70	15
80	81	33	24	35	34	73	77
92	5	3	1	68	16	73	72
25	25	45	96	29	92	3	14
72	79	42	27	89	70	93	66
19	36	36	21	77	66	83	17
11	19	73	39	91	8	47	51
7	55	70	54	33	32	16	59
98	39	6	4	49	14	4	45
67	51	9	7	43	29	78	32
82	82	6	24	83	40	69	50
21	86	66	72	27	33	78	36
21	36	87	35	69	63	57	59
74	28	96	45	75	68	8	82
24	69	52	69	4	58	94	58
4	38	56	43	52	87	34	84
47	4	82	71	39	5	77	88
11	90	83	98	92	48	18	57
31	26	42	52	19	39	76	9
89	65	78	7	62	60	84	96
65	89	44	62	18	42	7	33
46	84	25	75	60	26	6	67
40	64	92	63	55	100	88	91
95	4	69	70	29	42	22	67
91	76	82	5	63	25	92	19
15	30	33	73	14	56	36	92
6	77	35	68	47	59	39	26
85	38	74	30	32	85	56	59
27	78	14	69	13	41	37	8
20	35	50	87	23	6	37	35
9	39	80	59	85	11	17	8
13	31	10	27	16	45	23	78
89	42	45	27	88	38	96	97
87	66	91	91	58	68	97	93
9	9	9	9	26	37	33	30
50	38	24	1	5	2	77	33
59	33	19	6	28	29	29	94
22	43	94	72	7	28	15	43
61	27	56	16	97	97	97	97
7	7	7	7	96	96	96	96
51	66	95	11	27	92	72	14
20	82	5	17	70	46	48	84
14	56	65	56	45	37	95	22
28	40	73	80	11	44	64	22
12	75	100	72	17	17	25	68
76	90	16	23	65	15	22	26
85	94	62	27	39	95	34	57
16	95	54	43	85	65	32	84
73	21	26	92	32	15	57	59
64	48	96	3	42	59	26	41
54	45	42	83	27	60	67	66
75	77	89	62	48	79	37	96
55	39	17	94	48	52	77	33
51	15	17	6	17	23	30	91
41	68	79	68	37	39	84	4
66	7	98	71	31	10	43	86
54	20	5	17	79	54	28	11
43	93	69	11	70	74	57	30
71	90	73	15	18	65	75	24
1	62	37	76	70	57	95	68
61	94	58	65	53	84	8	82
56	91	82	51	80	89	53	27
1	64	25	21	70	16	32	58
89	26	9	57	49	29	18	8
60	32	84	73	22	67	71	38
50	77	90	96	64	45	90	64
18	62	90	1	39	2	55	80
1	64	23	98	45	18	30	65
74	53	41	34	13	15	38	16
33	89	37	83	18	20	100	25
22	58	97	67	4	87	62	30
5	55	37	16	35	55	43	64
46	37	90	65	58	42	4	31
49	23	20	20	89	66	85	56
35	65	1	40	82	84	81	100
22	94	20	48	80	100	10	66
50	41	17	87	46	16	55	49
33	29	49	32	12	73	27	48
71	12	62	37	53	91	43	100
78	40	50	12	23	87	51	32
9	9	9	9	73	69	6	86
21	80	18	86	84	70	65	12
47	38	35	41	16	38	47	57
93	24	98	96	54	29	92	16
51	52	21	92	93	93	93	93
2	2	2	2	93	93	93	93
89	93	48	78	84	9	24	39
67	16	33	13	98	57	56	99
9	45	19	71	13	6	27	79
83	24	51	52	47	69	71	84
4	47	79	90	39	62	51	90
28	47	83	55	96	91	3	31
7	18	91	30	21	13	69	3
23	29	13	24	83	19	31	87
24	15	39	1	42	97	65	39
35	89	89	25	42	67	55	7
56	98	97	9	48	9	11	15
40	25	39	55	61	95	34	88
21	90	61	38	27	29	85	57
50	80	95	11	10	64	87	42
17	88	70	100	38	67	83	14
50	28	24	89	26	30	86	51
76	17	82	99	24	84	84	17
32	26	43	45	63	31	72	13
8	2	22	66	62	19	90	76
85	56	12	52	32	55	85	21
24	2	20	32	36	34	8	20
6	88	47	87	58	6	17	41
48	17	28	100	33	93	63	63
46	34	61	69	14	93	29	59
97	23	10	99	5	53	25	98
44	75	87	37	37	28	69	67
85	13	72	17	12	79	46	23
66	36	35	67	25	15	58	77
18	5	5	5	61	40	39	91
76	11	53	56	27	92	12	61
93	88	54	50	19	56	9	18
63	39	66	98	22	67	72	16
2	61	62	79	34	48	78	62
64	53	43	21	96	59	98	41
84	55	61	13	57	26	52	6
28	22	24	76	41	53	36	64
42	2	93	44	43	78	94	41
54	54	75	23	9	100	81	63
68	47	21	50	43	39	86	75
40	84	57	79	22	22	96	54
8	8	8	8	25	81	4	78
27	49	42	85	46	81	29	1
82	18	83	74	79	38	13	75
49	73	61	57	21	54	87	46
4	40	23	55	94	94	94	94
3	3	3	3	96	96	96	96
68	65	54	86	23	39	97	31
18	87	2	4	58	64	74	80
47	26	32	54	14	4	17	100
40	79	58	79	88	26	80	2
60	12	33	65	38	62	59	37
12	57	31	44	5	33	49	3
3	79	47	2	31	50	4	38
92	96	43	11	13	83	24	91
45	72	30	70	73	26	28	17
6	87	65	32	45	97	3	28
9	17	77	83	64	89	22	80
71	36	88	65	84	11	47	54
87	26	76	2	45	65	23	31
80	44	10	8	32	59	62	96
54	86	19	92	19	15	41	73
63	14	89	41	5	26	33	75
40	53	33	76	62	63	69	57
45	100	35	77	52	17	42	8
63	56	89	40	44	40	16	43
63	55	17	25	71	69	52	7
5	13	25	45	100	71	7	67
41	46	34	10	82	30	12	23
26	66	97	37	93	47	12	63
75	38	96	48	50	48	23	45
62	67	47	40	58	87	48	82
82	93	12	7	20	96	13	36
91	48	57	49	91	99	51	6
78	97	3	56	73	17	11	5
26	96	47	33	45	72	46	91
56	51	36	26	11	63	68	45
85	89	75	23	58	75	29	75
50	39	31	30	75	36	59	100
28	74	33	25	40	85	47	88
10	32	59	29	36	5	77	47
87	95	44	34	11	33	32	20
11	37	40	42	75	40	86	43
12	10	44	80	67	56	88	58
19	72	93	28	30	60	77	54
24	24	6	22	53	17	21	92
55	93	26	59	43	12	6	86
5	5	5	5	95	85	99	29
61	91	23	89	44	19	73	96
3	15	53	50	68	98	64	14
95	42	30	9	8	18	25	33
5	94	34	14	91	91	91	91
2	2	2	2	94	94	94	94
59	81	77	16	28	10	31	20
4	61	99	34	94	27	21	9
48	92	43	82	68	8	94	57
100	13	95	16	52	39	5	36
62	24	13	12	61	29	40	88
14	85	1	95	22	74	57	58
45	6	87	24	98	81	74	100
8	10	18	14	88	79	65	83
36	87	54	6	6	19	43	93
9	98	58	6	60	25	28	80
69	92	70	91	14	10	47	13
77	95	56	31	79	24	21	74
99	9	55	16	33	84	74	97
44	32	21	58	5	43	90	83
72	52	99	69	92	28	92	2
28	85	94	60	23	64	87	75
18	58	32	79	57	5	82	35
85	84	41	87	61	6	18	93
73	94	13	90	11	48	80	89
48	26	59	66	23	9	53	67
12	85	7	16	63	83	64	65
81	48	42	88	79	55	93	49
90	65	68	1	94	77	49	51
4	84	9	2	27	48	23	9
72	8	36	61	20	80	13	53
88	4	28	81	73	74	35	13
52	89	44	65	55	2	37	61
60	87	43	84	37	39	65	81
26	3	62	57	23	48	100	42
60	67	100	33	72	62	69	43
97	28	88	87	95	15	73	22
13	42	60	17	17	34	92	68
65	64	19	34	68	76	90	31
57	55	8	9	91	58	48	63
93	23	74	95	80	80	18	32
49	44	54	77	14	56	62	82
57	23	33	86	39	53	94	10
77	85	81	2	75	60	67	45
79	13	2	5	14	17	97	13
65	79	18	14	1	50	97	24
1	1	1	1	48	76	5	14
68	96	66	67	52	27	62	18
14	44	48	44	92	97	74	77
79	69	64	4	65	1	57	77
95	95	62	78	90	90	90	90
4	4	4	4	99	99	99	99
29	29	10	90	18	40	13	56
19	25	28	7	99	20	47	82
41	78	75	45	73	41	70	57
15	79	72	43	74	82	69	15
21	22	46	42	48	31	46	68
35	35	77	78	84	21	43	84
1	78	100	63	56	3	20	26
61	28	93	54	57	12	51	83
19	24	81	92	99	97	95	98
50	74	99	81	58	14	55	32
10	72	55	95	76	48	19	46
64	61	28	26	22	10	23	58
18	16	38	100	94	86	14	72
56	18	28	70	95	63	88	98
65	13	21	36	43	100	89	1
23	52	4	71	9	93	11	91
32	80	97	54	23	14	31	28
45	29	95	67	63	46	78	97
57	18	71	88	55	35	21	93
28	98	55	78	41	47	13	3
84	41	74	58	98	77	11	46
64	54	46	44	68	49	79	77
53	73	48	92	55	60	35	58
94	77	73	64	81	97	26	35
11	47	69	55	31	63	73	68
75	32	58	34	54	80	24	59
69	65	53	12	1	100	8	45
5	20	4	35	81	58	73	29
96	94	24	58	10	33	68	46
59	9	56	88	54	5	40	32
21	79	37	53	24	66	78	95
95	41	2	86	38	48	88	92
18	58	66	34	29	87	55	53
7	69	53	21	29	17	33	7
88	23	24	72	46	50	40	27
1	89	30	85	57	84	27	15
73	99	80	18	87	88	53	15
7	34	11	24	79	90	79	81
94	51	66	1	99	8	24	53
60	60	74	97	70	88	67	100
2	2	2	2	54	96	16	57
1	83	1	56	12	75	40	63
19	19	50	75	34	87	4	84
6	20	26	8	29	78	93	59
24	10	67	99	95	95	95	95
5	5	5	5	100	100	100	100
77	32	39	90	52	58	86	70
4	66	20	61	44	20	34	66
15	33	83	88	81	38	27	34
58	38	58	67	96	75	42	25
40	19	8	12	100	9	88	20
20	33	4	64	59	51	6	70
87	50	99	33	93	27	48	48
49	80	56	30	19	77	10	96
81	13	22	30	46	16	72	12
55	29	52	36	78	80	46	77
18	5	26	14	54	36	84	63
62	45	60	53	24	44	28	71
26	39	58	8	62	30	33	22
71	83	14	57	23	5	51	35
16	53	49	54	35	23	7	75
90	74	93	77	91	94	68	56
10	20	36	95	53	71	82	62
26	65	38	38	17	55	35	28
58	5	89	100	88	55	74	68
94	96	34	62	94	17	85	15
67	57	47	34	96	14	29	15
67	66	73	50	66	2	76	3
18	69	31	10	60	65	71	36
25	1	57	13	27	4	46	33
81	92	94	49	10	74	67	45
19	23	38	17	58	12	52	71
18	85	48	54	39	96	58	30
75	78	2	33	60	6	68	11
35	36	24	47	38	62	37	74
93	1	64	21	8	43	52	11
89	72	14	83	63	12	15	97
51	34	5	84	98	99	38	47
20	35	17	30	93	48	28	58
33	1	53	80	55	24	25	97
3	30	75	56	17	12	76	52
75	68	67	91	30	64	76	29
31	8	7	60	68	26	50	1
99	73	54	22	99	43	75	20
30	77	35	62	50	87	56	45
60	46	94	96	62	72	100	11
4	4	4	4	63	17	59	33
80	57	58	93	92	73	96	23
38	93	68	28	37	47	38	77
69	10	52	6	90	52	39	12
18	99	38	47	94	94	94	94
8	8	8	8	91	91	91	91
1	85	40	69	87	95	94	10
89	65	18	38	8	18	87	29
10	44	17	60	91	69	42	24
18	41	12	79	23	16	98	57
27	15	90	81	97	96	16	2
73	54	66	37	39	87	9	93
63	76	70	66	29	49	88	74
34	25	48	54	49	15	50	6
10	69	98	34	15	75	44	31
73	55	100	38	88	51	47	85
63	93	14	58	60	7	59	54
98	20	31	15	3	72	41	72
40	96	60	88	78	3	76	40
47	18	53	77	1	43	4	62
58	81	63	25	53	1	31	77
83	74	76	96	30	71	62	13
5	62	75	42	5	36	48	85
27	47	99	11	39	65	48	12
67	38	47	30	30	81	100	44
80	52	100	56	75	54	75	72
91	54	10	30	30	77	66	33
10	46	99	6	81	92	78	75
2	36	83	77	85	82	15	39
25	13	36	40	53	24	73	15
20	80	59	77	31	97	34	60
46	64	94	7	39	66	52	60
91	8	48	69	26	93	15	6
76	19	62	64	70	85	62	41
47	90	10	76	97	25	33	63
96	68	9	49	66	44	1	31
9	71	82	24	62	41	30	94
32	5	2	8	70	24	45	99
50	75	68	66	38	40	53	49
4	100	50	89	62	27	33	90
88	58	95	60	85	8	62	51
44	21	97	13	75	27	39	5
41	24	69	57	61	71	51	75
40	20	77	12	90	37	17	17
1	86	24	13	44	22	98	24
74	3	71	3	52	51	32	52
8	8	8	8	33	34	85	33
98	53	65	20	58	16	23	95
25	65	83	86	44	21	38	32
63	45	93	91	6	75	45	96
33	23	23	40	91	91	91	91
3	3	3	3	95	95	95	95
13	29	100	93	94	13	9	61
74	16	74	87	23	36	13	77
35	29	41	16	77	14	92	44
82	18	99	33	69	54	30	25
65	99	78	46	77	75	92	59
54	23	56	86	5	87	93	98
35	96	79	92	95	29	96	15
3	3	77	34	73	46	78	41
80	29	33	80	22	25	44	30
23	43	13	20	18	8	88	11
19	58	15	21	6	58	27	17
56	35	75	45	37	45	19	2
95	73	26	78	52	41	80	49
89	66	25	94	92	63	49	40
2	95	58	2	75	91	48	90
1	19	9	83	20	97	39	14
20	76	48	75	41	20	73	1
67	29	97	63	28	28	48	59
67	65	81	60	47	11	92	30
38	12	87	8	41	49	21	67
8	21	59	38	45	44	28	42
41	75	64	6	29	42	90	42
41	84	75	94	46	2	35	71
45	69	43	41	63	23	33	1
14	44	31	61	34	96	17	3
3	8	3	16	51	12	88	51
85	17	8	64	22	49	48	97
96	26	50	52	54	96	93	63
80	7	89	90	73	9	82	35
10	10	44	6	31	18	76	65
18	78	17	81	54	34	85	7
36	64	32	44	91	5	92	91
67	72	59	90	50	70	80	30
12	63	15	47	53	93	15	43
56	41	72	71	16	17	4	68
3	6	71	51	6	30	69	53
23	22	68	21	43	5	58	43
15	3	60	28	95	20	28	17
12	39	30	62	18	31	10	28
69	76	86	96	42	57	59	61
5	5	5	5	31	74	96	82
56	54	4	52	68	35	14	45
14	63	4	64	88	65	59	67
26	62	52	17	21	75	62	76
72	34	81	8	97	97	97	97
7	7	7	7	90	90	90	90
80	56	2	41	42	44	33	93
83	61	53	9	17	7	77	26
30	33	35	24	97	58	75	98
22	62	52	5	57	74	42	49
8	14	58	7	57	36	82	48
60	52	59	41	86	77	56	90
46	76	87	94	30	58	97	59
24	94	51	81	66	37	83	88
47	47	53	80	58	72	84	42
6	37	6	37	35	26	85	42
25	45	41	13	76	94	71	5
71	20	76	8	43	21	62	67
34	19	76	67	23	62	34	73
19	25	78	72	77	71	51	96
3	20	49	45	87	99	42	1
86	12	8	29	85	68	14	2
47	28	67	75	3	76	93	82
47	49	93	34	60	1	19	54
50	49	27	20	5	86	96	91
77	9	92	24	44	11	69	81
19	28	37	99	56	37	5	11
10	91	43	91	2	78	66	65
61	2	4	38	6	49	28	46
10	15	94	4	66	42	67	70
57	37	2	8	64	46	83	63
41	52	49	58	75	38	39	88
62	67	72	22	39	77	52	41
84	85	54	98	72	74	77	44
66	27	63	54	50	51	76	64
73	67	60	80	65	13	65	18
64	7	87	34	72	24	22	97
39	61	40	95	94	94	1	17
48	10	61	72	31	42	18	41
59	74	57	92	46	56	58	27
27	10	83	37	8	83	62	54
84	29	92	64	40	41	34	9
34	9	63	69	51	29	33	90
44	27	26	94	4	81	86	32
57	100	4	4	60	77	8	60
63	11	37	63	70	16	25	71
4	4	4	4	95	98	47	100
58	7	57	56	66	59	48	30
22	41	21	19	63	13	96	10
26	43	78	78	86	16	4	33
43	15	4	32	98	98	98	98
2	2	2	2	92	92	92	92
6	39	69	60	76	47	72	96
28	44	5	33	24	42	5	56
21	67	57	14	88	72	77	8
67	51	13	87	95	21	19	52
94	17	45	63	88	19	69	63
95	13	93	29	60	60	75	21
59	93	50	69	79	61	99	91
80	43	14	34	77	37	94	13
6	12	48	32	100	20	38	81
71	62	73	93	82	74	52	89
44	43	71	16	26	44	68	63
79	19	14	29	42	87	46	92
54	49	46	53	82	91	6	54
69	93	54	71	22	34	72	32
91	35	13	29	13	19	27	89
31	74	100	42	19	45	39	29
100	52	86	7	71	90	64	100
6	3	85	56	88	26	28	62
35	62	95	32	64	51	41	5
44	26	86	11	15	35	85	60
45	31	75	5	51	68	48	5
79	76	41	27	20	5	24	27
34	94	98	65	4	43	35	86
100	38	37	36	82	61	13	26
57	68	33	10	88	62	53	57
30	1	27	65	46	49	21	55
17	34	54	49	5	56	36	49
65	97	89	38	9	96	92	98
83	23	34	13	14	1	26	5
19	46	77	36	93	29	25	17
40	84	87	44	94	41	3	91
94	57	7	44	41	84	92	80
93	97	54	15	35	67	49	82
56	67	9	73	83	13	31	80
94	8	9	38	81	10	50	38
90	6	36	54	47	50	71	38
17	5	1	77	25	85	39	92
2	75	98	4	100	79	13	49
61	85	46	36	70	72	23	70
49	86	43	17	13	42	46	4
8	8	8	8	55	42	77	76
62	97	84	46	64	87	99	16
50	66	41	69	56	51	80	7
46	15	100	76	32	58	43	60
54	4	16	95	99	99	99	99
3	3	3	3	93	93	93	93
58	56	47	68	4	12	50	10
92	9	69	95	27	5	33	29
90	53	88	93	66	72	52	62
25	43	3	51	67	65	43	1
59	47	81	77	70	20	27	73
39	24	79	82	48	66	12	99
5	50	61	80	69	84	6	93
6	97	81	85	7	65	75	43
52	92	76	10	9	45	29	97
20	25	75	84	13	83	99	89
63	77	97	67	41	90	21	31
2	51	98	19	61	84	12	57
57	7	40	89	71	62	72	60
60	45	79	37	11	10	96	9
81	51	25	84	87	54	28	60
72	75	70	28	8	83	43	38
59	57	94	14	39	47	22	77
13	55	38	81	20	83	43	88
96	40	54	2	96	9	67	47
42	96	82	27	26	72	55	67
45	19	90	43	91	42	89	85
51	26	75	60	21	96	69	52
91	66	14	85	7	31	68	34
78	64	4	79	55	61	24	36
73	8	91	7	41	36	9	67
12	83	76	1	15	34	11	86
84	41	53	28	34	63	17	74
68	30	89	64	75	66	63	48
6	98	16	68	10	97	19	34
19	47	86	57	29	79	38	2
74	38	93	34	22	62	42	4
94	87	45	1	21	64	2	59
58	21	56	48	88	71	99	84
22	78	90	100	18	40	74	59
89	52	53	95	55	92	68	76
32	70	62	39	72	28	63	1
98	10	20	18	85	55	39	52
53	55	39	47	45	37	22	30
66	15	42	32	85	51	49	3
7	17	44	95	45	25	34	6
10	10	10	10	18	96	11	37
89	31	72	38	97	68	86	74
94	93	87	64	90	29	67	26
23	71	43	63	61	51	27	73
13	31	72	90	100	100	100	100
5	5	5	5	94	94	94	94
18	10	88	1	68	5	64	18
97	19	35	18	2	17	23	31
52	63	51	78	93	58	79	77
9	12	50	93	47	12	53	40
57	93	58	23	32	80	76	57
61	49	100	59	52	82	3	5
52	33	32	26	9	48	99	87
90	91	10	44	83	57	98	61
78	43	29	90	82	40	16	77
20	44	43	60	78	79	60	10
76	19	47	91	69	87	9	30
39	89	86	83	78	74	60	100
49	72	96	96	70	17	94	58
86	91	11	37	7	9	84	39
72	19	48	35	50	53	51	40
39	30	68	77	36	30	46	30
5	70	51	46	44	100	36	19
27	77	31	16	1	67	21	3
56	52	28	52	43	62	65	73
90	77	3	83	46	86	37	34
79	30	84	18	99	62	48	57
6	75	64	40	91	37	73	43
23	20	16	80	41	18	41	87
18	77	69	29	95	79	100	43
6	2	88	57	77	44	78	85
53	2	60	9	12	1	30	62
37	6	94	74	74	23	52	88
32	46	39	14	22	5	98	71
40	21	42	46	35	54	40	54
22	56	97	66	50	22	64	25
34	51	88	32	76	19	64	76
6	14	54	97	75	57	40	66
17	54	40	66	97	1	32	1
25	69	35	23	21	13	12	85
72	28	18	43	33	83	47	71
85	58	48	89	37	90	75	16
2	60	26	20	92	37	64	80
2	64	92	8	50	37	49	96
45	64	51	32	2	7	8	21
30	19	78	93	71	81	45	46
8	8	8	8	91	79	9	90
27	55	56	17	39	46	25	50
83	91	60	83	53	79	5	7
82	80	97	12	35	67	19	51
66	43	97	53	90	90	90	90
2	2	2	2	95	95	95	95
43	16	53	50	42	91	76	20
77	28	4	12	33	67	72	27
23	8	93	45	45	67	91	2
34	98	41	8	58	20	56	85
83	2	68	7	36	46	16	96
28	61	14	37	85	78	36	66
30	50	31	39	22	69	59	4
32	14	24	86	68	83	24	69
1	94	64	9	18	42	87	77
22	93	18	5	20	72	94	63
11	50	41	92	25	62	17	13
90	11	35	97	82	95	83	69
66	93	92	14	11	1	18	34
60	10	1	56	17	90	89	71
80	56	28	7	68	75	7	17
25	100	61	79	51	63	81	99
20	57	71	74	75	51	29	41
82	3	94	67	54	29	6	73
46	56	41	97	72	2	9	39
56	30	27	59	48	89	74	44
100	81	27	6	96	85	79	18
59	81	44	71	15	2	26	92
23	24	25	64	11	97	77	79
1	37	97	29	10	40	60	62
52	26	55	33	69	82	6	87
4	17	40	42	100	64	99	90
68	88	67	24	79	91	54	25
65	20	64	92	76	36	4	33
43	81	21	95	27	74	72	4
19	43	4	32	52	41	84	19
64	38	57	41	42	88	77	64
75	43	38	86	80	27	77	92
91	38	34	4	22	4	85	88
63	87	94	71	58	95	76	19
18	42	12	60	61	55	76	22
78	10	32	46	36	95	92	22
82	16	74	84	32	100	95	80
27	10	96	56	17	98	91	39
32	55	61	44	62	78	36	32
26	93	50	63	61	17	56	44
1	1	1	1	33	63	37	53
52	47	84	89	70	61	38	48
98	43	72	22	8	77	53	70
21	73	86	41	82	21	98	87
55	37	67	65	97	97	97	97
2	2	2	2	94	94	94	94
62	65	82	29	52	30	6	61
68	77	59	50	49	35	81	22
68	3	1	64	84	68	50	7
44	43	19	60	44	13	93	35
81	10	10	54	52	90	44	3
69	93	22	100	88	23	36	89
26	28	68	22	40	67	6	86
45	69	51	59	19	82	17	9
27	83	75	78	82	38	23	79
95	62	63	98	68	62	25	89
53	38	7	2	62	29	88	17
58	49	7	8	14	31	65	4
43	57	35	2	1	71	54	88
52	33	17	25	75	19	7	48
11	88	41	46	33	10	77	92
80	89	63	36	68	95	10	7
25	49	3	41	33	17	7	53
46	27	98	41	72	94	59	67
4	98	94	25	80	54	85	44
72	100	61	56	97	81	32	3
38	41	51	49	27	12	59	38
73	75	30	26	52	90	97	17
37	33	67	19	6	39	25	18
42	11	47	93	95	12	7	64
49	74	6	41	44	2	3	47
15	28	62	31	68	86	60	59
14	47	3	11	33	68	88	86
63	70	9	98	75	40	92	48
99	22	72	56	8	92	40	24
19	34	28	99	58	16	82	6
90	31	40	4	95	94	84	50
79	97	52	16	31	77	16	54
33	41	55	89	21	9	39	74
10	18	43	62	13	64	79	86
43	24	82	37	45	33	36	85
53	12	62	5	94	7	61	7
81	6	76	12	79	5	24	60
9	56	4	63	37	23	72	72
7	3	19	58	6	52	63	27
88	22	28	31	85	46	74	34
2	2	2	2	55	6	83	72
48	10	56	53	65	28	56	83
38	81	3	64	53	11	63	98
39	72	5	58	59	72	28	48
2	26	72	58	98	98	98	98
6	6	6	6	90	90	90	90
12	60	91	79	70	45	4	46
84	54	71	48	93	11	78	77
97	63	60	11	19	40	27	32
17	8	12	32	70	6	14	87
88	62	59	97	2	91	83	73
39	11	2	55	84	34	42	34
50	6	19	88	23	4	86	38
61	46	34	41	12	53	98	29
100	7	17	11	63	40	62	50
57	77	20	97	24	15	33	11
70	56	69	36	87	44	34	3
83	100	79	9	86	71	12	85
68	66	18	22	83	15	16	91
62	29	42	55	72	19	70	87
54	1	39	67	33	69	31	49
75	18	10	37	95	34	72	64
79	65	45	78	28	7	89	58
28	75	100	84	31	17	61	55
100	77	20	2	34	74	79	70
60	75	55	27	97	4	38	29
94	75	10	79	21	76	4	28
91	24	70	41	92	26	9	86
16	21	21	15	37	97	41	61
27	80	93	82	86	29	25	33
75	14	74	72	96	14	82	7
58	77	16	26	88	99	40	1
26	56	75	3	81	37	41	23
54	78	28	16	18	9	19	44
51	87	32	8	59	20	35	15
21	70	42	78	9	90	81	38
7	4	62	1	81	73	26	77
95	16	13	48	36	36	21	63
59	78	64	77	47	27	27	65
69	74	90	6	9	89	57	75
47	74	1	85	83	98	26	37
90	98	20	53	48	51	83	17
52	28	13	94	19	58	95	88
11	11	100	25	17	82	49	50
35	62	53	78	60	67	99	49
92	20	78	6	29	90	3	91
7	7	7	7	63	5	18	64
16	67	81	96	13	56	60	19
8	18	96	59	62	98	61	82
54	19	27	83	4	17	40	26
42	97	90	6	93	93	93	93
1	1	1	1	98	98	98	98
28	99	31	48	37	27	99	34
52	13	38	17	27	58	90	68
67	22	29	31	9	26	30	89
68	10	52	94	91	55	33	94
83	32	57	31	93	3	70	4
92	21	53	21	10	36	53	98
30	37	44	94	40	64	88	90
56	26	50	59	11	26	82	8
9	5	73	66	41	71	8	11
40	11	47	82	46	96	74	73
24	35	27	33	20	41	24	48
53	83	76	28	58	9	91	77
57	71	33	75	93	58	60	57
96	48	37	27	98	20	42	82
23	69	56	41	16	39	77	89
1	47	100	24	7	21	95	38
51	71	62	32	13	70	75	82
24	55	18	8	9	54	96	97
46	3	88	32	52	72	18	12
21	25	59	6	81	63	80	81
10	70	87	90	30	21	47	82
24	36	55	9	67	47	55	87
52	67	42	91	6	7	56	75
81	52	86	72	48	70	71	89
14	96	91	4	77	12	71	98
96	45	44	19	12	90	49	33
13	67	9	61	27	80	55	76
21	1	29	9	50	41	79	23
49	80	65	45	64	58	1	50
64	71	64	5	7	10	74	17
95	41	71	1	73	53	51	21
43	5	95	58	28	68	73	92
99	84	88	78	96	15	68	42
21	21	38	39	8	97	75	94
52	98	38	88	92	52	24	41
75	64	34	49	30	76	88	26
60	28	75	48	61	41	57	83
18	27	48	82	49	3	60	81
51	84	53	17	55	48	96	57
78	38	86	95	55	24	52	32
9	9	9	9	24	73	26	93
58	76	18	99	92	58	88	45
40	13	47	99	30	45	41	32
24	24	94	35	49	56	47	34
25	95	21	50	93	93	93	93
8	8	8	8	94	94	94	94
9	79	24	86	18	34	5	40
47	62	29	32	46	64	13	43
89	81	65	88	70	42	34	92
35	11	96	42	15	41	80	8
30	67	12	39	42	34	85	28
4	59	50	84	49	9	65	89
37	74	13	16	6	12	90	45
54	74	21	68	71	96	82	48
41	65	26	96	93	29	68	44
10	71	49	96	18	19	95	43
50	32	65	89	86	37	83	27
80	91	54	49	91	30	60	18
54	28	97	33	30	92	63	85
12	44	16	62	35	29	78	64
19	6	39	69	26	36	43	13
32	61	40	62	7	48	25	83
95	58	28	86	91	43	83	1
41	25	85	90	97	28	100	45
26	39	36	44	58	41	39	33
27	77	94	57	70	51	84	30
98	91	60	31	18	75	58	29
23	94	13	13	69	87	8	80
59	56	1	97	5	22	77	24
19	35	37	49	93	35	42	18
72	15	15	13	49	75	82	42
66	45	68	25	23	66	29	80
72	95	47	75	26	51	3	14
10	73	47	32	61	86	59	61
6	14	85	46	45	63	79	57
3	100	28	84	73	5	77	87
14	73	10	33	75	16	74	96
68	43	75	79	78	16	44	18
14	49	87	17	99	71	22	91
50	69	29	47	36	34	21	25
55	90	8	67	27	91	95	79
78	86	32	87	59	20	4	28
71	27	43	99	38	20	10	68
55	31	16	71	60	99	49	70
13	4	75	24	82	64	22	95
46	59	65	56	69	14	2	19
4	4	4	4	94	60	8	52
19	31	20	74	85	67	12	61
70	51	80	20	4	96	70	47
37	27	71	60	34	20	88	67
35	98	37	76	98	98	98	98
10	10	10	10	94	94	94	94
11	60	65	51	63	77	98	98
68	100	54	86	12	53	21	52
63	19	66	57	4	21	67	15
63	66	21	96	96	57	58	36
84	6	14	68	91	9	80	38
91	58	80	56	98	81	70	49
10	18	14	46	53	97	49	76
74	42	50	63	56	81	15	64
56	4	79	21	62	63	70	74
4	82	85	24	33	24	68	83
59	88	100	62	32	68	14	43
64	41	3	25	59	46	56	12
77	87	21	73	61	11	96	78
57	34	14	40	54	65	15	38
72	77	94	48	65	65	73	79
81	17	36	16	6	58	21	3
66	92	85	86	65	25	80	47
8	11	53	65	29	59	2	64
2	80	14	63	34	100	15	39
42	79	74	75	100	6	5	39
97	46	23	30	30	33	33	31
28	46	64	91	25	61	52	2
80	31	64	51	62	20	93	28
8	15	93	98	39	51	70	90
93	57	74	53	72	65	48	40
93	75	25	47	29	71	25	100
45	86	82	44	76	79	72	93
67	16	76	32	45	63	5	67
1	97	3	22	21	66	34	69
69	44	33	39	100	47	60	97
87	51	8	3	54	81	43	23
67	90	4	57	26	88	87	63
60	13	68	9	60	18	21	38
50	100	84	12	86	96	96	36
69	24	47	47	15	93	72	23
97	84	83	34	93	17	86	20
63	68	96	28	64	40	43	76
40	40	61	27	55	19	30	12
28	93	2	40	13	12	34	13
53	89	59	8	42	6	66	96
9	9	9	9	97	99	99	38
10	36	69	18	54	40	16	73
44	17	65	61	34	47	39	8
63	50	92	16	93	2	16	33
67	44	2	72	97	97	97	97
5	5	5	5	92	92	92	92
7	21	100	41	38	10	92	9
21	19	18	39	26	57	91	55
25	91	39	99	8	30	49	24
95	26	28	23	62	56	75	29
63	82	34	18	60	78	43	68
10	34	38	40	67	51	67	52
97	45	49	9	79	46	71	59
90	83	72	77	40	80	62	32
100	35	88	1	81	76	82	75
86	31	24	67	92	45	73	42
40	24	71	18	23	39	46	10
23	56	63	27	51	85	26	41
2	20	68	83	53	59	8	45
4	14	35	13	16	77	20	21
7	30	21	64	76	84	68	97
75	54	71	10	62	25	80	65
76	57	75	63	67	48	52	40
73	81	31	13	64	36	24	99
54	80	2	42	9	38	61	16
64	2	6	36	62	38	93	50
18	43	32	68	6	80	35	31
94	67	67	59	6	2	99	95
75	26	77	32	39	46	84	39
21	11	73	76	80	80	57	86
39	47	21	6	66	4	54	60
6	98	34	49	33	58	15	87
81	18	3	61	33	93	57	33
88	21	51	30	30	93	92	31
10	21	35	8	85	47	63	74
57	73	15	82	29	74	35	22
83	74	15	100	51	29	59	78
60	37	29	96	95	27	54	95
2	68	63	82	73	15	16	54
63	57	51	33	5	7	70	57
45	1	78	47	89	90	36	87
35	73	13	9	68	48	64	56
40	72	7	64	97	95	76	24
27	29	45	58	23	95	65	73
5	1	95	100	34	48	5	45
11	35	84	86	54	7	38	78
2	2	2	2	39	94	85	32
58	22	59	79	70	16	100	48
69	16	19	14	27	99	96	94
48	5	83	39	70	16	20	45
2	40	15	41	100	100	100	100
3	3	3	3	100	100	100	100
38	65	51	55	69	23	83	27
17	98	25	60	85	61	57	56
22	32	27	77	47	26	46	49
30	39	88	51	99	36	88	20
66	95	46	96	89	76	69	98
8	54	100	75	58	24	74	39
4	35	8	86	13	9	71	9
10	26	46	84	86	20	65	40
72	23	77	83	73	72	14	39
40	8	28	23	38	90	62	46
54	58	36	83	5	92	8	9
9	51	15	85	83	11	66	89
56	70	34	18	97	47	78	13
43	2	65	29	2	51	2	82
46	33	4	81	69	99	7	90
72	43	50	19	73	16	3	43
52	94	64	98	2	39	98	80
64	88	2	55	33	67	65	68
9	81	100	44	5	35	33	79
4	73	29	15	65	92	45	8
94	94	90	88	26	7	68	54
25	55	90	9	25	52	16	94
34	5	51	17	32	2	95	66
63	20	50	35	20	71	48	46
48	56	47	34	41	27	9	91
26	29	73	80	49	81	38	90
52	87	81	51	11	9	8	14
79	38	16	31	20	40	25	70
31	21	88	29	25	99	8	32
70	26	37	77	85	78	80	58
12	55	32	80	89	54	34	38
29	61	69	40	33	37	99	92
98	30	100	36	8	23	43	47
99	86	88	37	7	95	49	61
92	21	11	47	96	71	97	2
93	61	67	85	17	37	99	87
82	48	4	29	96	31	75	7
18	65	87	8	50	9	36	6
18	22	83	56	17	16	23	96
90	32	49	49	47	67	92	38
1	1	1	1	63	7	17	44
14	64	80	75	37	1	76	92
91	86	40	58	56	57	58	18
4	98	62	26	42	81	27	20
36	76	10	86	96	96	96	96
7	7	7	7	93	93	93	93
94	11	25	97	43	97	3	41
56	54	74	29	81	54	100	65
3	23	74	20	40	85	23	71
13	63	90	58	63	32	54	48
4	76	24	42	29	7	42	81
80	90	36	67	88	43	100	28
60	81	99	84	62	7	52	78
65	33	69	54	8	20	95	68
30	60	82	2	25	10	14	100
7	10	34	63	68	79	8	11
9	58	52	37	67	17	84	46
85	43	23	75	47	92	20	46
26	75	91	56	44	47	49	39
9	64	52	42	45	97	10	68
93	34	88	80	80	92	44	59
29	74	13	19	3	12	28	100
63	26	92	26	98	28	5	55
73	28	36	38	72	52	51	61
16	46	95	90	10	34	93	17
18	99	33	50	84	90	91	87
43	82	12	51	8	70	79	95
92	7	33	94	45	57	68	24
67	44	22	21	31	17	34	1
78	46	80	57	22	25	77	3
71	87	53	55	80	75	57	53
34	70	44	41	58	83	42	98
31	45	27	12	4	87	25	100
83	4	23	64	74	98	70	6
4	74	28	97	55	95	20	40
20	77	70	86	54	69	95	35
100	2	81	87	3	53	37	57
16	42	85	98	62	99	54	39
75	35	74	87	69	49	65	29
28	40	30	80	70	87	28	65
7	39	1	7	60	1	12	74
62	59	28	82	13	25	26	78
57	53	85	82	89	2	43	49
61	9	17	28	72	32	8	94
48	89	34	69	27	58	100	53
22	70	20	76	46	91	62	64
8	8	8	8	1	19	39	20
54	66	89	75	19	40	79	80
53	43	10	95	95	18	85	14
32	43	15	32	58	18	23	83
18	46	26	68	100	100	100	100
3	3	3	3	90	90	90	90
52	12	61	2	58	97	39	10
11	31	83	59	26	11	89	26
16	73	8	91	91	16	53	12
70	16	67	98	96	71	32	99
27	36	12	73	6	65	36	10
56	81	1	20	96	44	11	30
47	48	42	1	11	22	77	92
22	49	44	61	63	99	95	51
35	18	26	10	45	89	69	27
64	15	39	96	27	91	15	1
21	12	59	42	9	67	38	29
8	2	16	72	75	48	81	18
29	94	94	87	84	25	61	73
59	41	89	84	84	45	65	10
16	27	61	11	7	58	1	79
24	31	79	29	83	70	79	55
51	66	17	9	48	12	68	25
56	42	4	97	24	38	94	5
53	53	41	48	43	32	30	47
6	88	98	84	43	85	62	94
37	45	47	35	75	67	18	37
54	15	50	5	92	91	14	68
45	100	7	47	32	31	73	44
46	31	34	86	52	64	35	7
48	59	44	22	23	97	31	5
97	55	89	3	54	94	85	82
95	46	83	31	44	72	57	89
71	71	83	97	40	90	37	2
57	20	92	84	73	41	75	32
68	95	74	88	87	81	87	55
54	92	47	80	50	39	91	21
1	17	16	1	11	52	99	32
1	89	2	60	83	88	85	100
38	25	94	21	74	24	93	89
61	6	15	88	35	91	53	23
27	91	39	14	24	93	10	39
75	85	60	43	17	48	41	59
12	27	39	36	17	74	80	18
81	98	72	12	73	65	83	15
33	38	3	2	49	47	35	7
8	8	8	8	92	37	7	26
72	96	20	61	10	8	86	80
99	67	22	69	49	97	90	58
67	19	2	7	79	88	21	15
43	46	39	83	91	91	91	91
9	9	9	9	95	95	95	95
14	100	38	68	6	87	60	82
67	48	20	90	100	44	92	39
6	4	21	60	23	38	33	37
10	81	23	30	63	79	22	12
93	46	97	57	38	38	80	30
71	54	29	20	57	78	19	37
18	86	8	7	80	61	42	20
22	53	3	73	81	82	21	71
53	42	7	51	89	20	57	13
97	62	47	80	29	96	45	28
48	84	30	61	59	51	15	6
85	96	93	29	57	23	96	9
84	32	85	98	69	51	48	73
71	88	7	77	88	17	9	19
73	59	11	39	28	81	78	54
36	89	51	80	49	10	77	18
79	89	7	35	45	97	69	71
98	11	57	100	26	39	92	54
62	16	58	25	28	63	66	26
42	42	90	85	6	13	6	34
40	61	13	53	38	38	75	96
30	63	45	49	30	47	99	37
53	30	48	14	31	33	74	82
11	24	19	12	51	10	90	10
25	51	63	68	92	77	68	51
44	34	87	22	70	8	3	85
75	36	85	96	64	67	95	7
4	51	21	53	29	86	100	94
39	24	45	41	48	91	29	26
10	57	56	63	39	38	28	62
20	21	72	25	22	27	70	93
32	30	79	46	97	5	4	38
15	57	48	64	36	8	65	18
51	13	56	37	75	71	92	36
56	28	91	13	28	60	36	71
23	95	67	35	58	91	64	96
5	99	68	58	33	9	39	92
73	52	17	37	9	33	69	95
23	50	52	12	54	27	33	41
26	63	2	12	50	61	75	7
3	3	3	3	57	61	48	52
79	29	24	46	76	75	62	80
32	88	47	98	30	26	41	59
6	12	49	81	12	38	75	77
20	25	2	93	91	91	91	91
8	8	8	8	92	92	92	92
76	12	29	44	2	33	51	55
82	31	20	40	22	30	80	12
4	65	86	81	66	55	47	49
57	40	91	38	68	96	36	71
58	13	90	77	28	31	90	50
67	29	33	63	87	12	44	69
58	19	79	9	87	72	48	96
5	72	3	41	76	84	82	3
75	49	84	71	10	21	100	39
12	77	97	89	43	82	7	64
39	83	48	40	6	25	83	9
57	91	6	51	59	54	64	49
24	10	86	51	94	93	26	11
19	70	63	65	44	92	1	20
4	49	74	57	88	25	73	43
72	21	41	88	30	57	74	60
90	48	45	90	66	39	81	59
78	24	19	7	63	93	57	24
25	73	84	31	52	20	20	10
30	52	91	5	26	21	86	47
78	25	15	15	28	67	91	82
53	7	58	10	26	22	45	45
40	1	31	8	52	76	44	50
84	56	43	93	40	39	92	64
32	98	99	81	70	57	45	84
89	14	26	32	46	27	65	5
90	68	28	85	64	41	47	90
36	39	59	26	69	90	84	78
41	16	34	6	78	27	39	96
63	34	39	55	40	1	3	37
97	7	68	76	94	89	86	7
51	49	76	48	93	74	6	75
27	38	87	8	61	71	2	80
51	46	78	94	83	87	59	67
77	48	96	11	42	96	29	95
22	6	85	7	92	40	81	4
94	1	13	3	12	25	46	89
89	12	25	37	66	65	70	69
26	10	36	98	91	98	14	61
30	1	33	67	89	53	94	46
9	9	9	9	84	60	41	88
92	4	34	1	37	100	5	97
98	25	39	49	6	17	22	62
35	44	38	48	7	76	4	34
65	70	7	69	100	100	100	100
8	8	8	8	92	92	92	92
56	66	53	89	94	78	31	67
51	95	86	33	78	77	24	79
53	79	68	8	82	94	50	75
29	41	71	84	30	5	18	84
94	82	99	5	32	22	49	60
3	26	59	28	98	56	62	38
14	67	44	19	84	27	21	85
30	27	83	21	15	20	5	37
5	18	12	51	85	23	52	34
15	43	82	29	66	48	97	51
34	82	67	15	43	69	88	45
92	56	44	36	6	46	33	87
61	30	77	56	38	16	33	36
71	100	66	1	93	94	74	96
58	14	47	19	8	94	94	40
49	97	36	42	22	49	82	9
77	96	17	40	53	35	64	83
27	71	38	4	98	53	23	90
70	20	78	24	60	63	100	36
89	88	27	89	59	93	21	81
52	73	22	66	34	80	43	19
35	45	19	37	42	54	83	58
6	45	67	86	78	5	77	57
52	63	75	69	56	79	99	11
74	85	53	26	96	90	19	6
68	96	82	62	2	84	92	80
88	34	68	26	17	47	29	21
68	17	16	59	82	86	3	39
22	68	81	50	1	51	77	72
40	50	30	30	90	37	20	25
88	51	1	3	98	1	61	9
49	60	73	58	90	14	22	2
81	93	82	6	57	79	26	55
94	73	22	78	66	44	48	55
96	23	78	87	36	65	86	17
72	23	32	61	67	24	87	64
98	75	83	57	72	34	63	95
10	91	73	35	36	89	45	34
93	8	30	10	33	17	21	94
75	41	53	71	25	36	8	55
5	5	5	5	15	23	23	72
83	55	6	39	20	84	12	40
60	12	99	21	13	66	95	66
84	76	73	99	12	14	88	50
35	5	35	75	98	98	98	98
2	2	2	2	94	94	94	94
75	92	59	90	36	12	99	3
96	16	19	70	67	100	27	4
26	92	4	80	51	62	37	43
59	57	75	3	59	12	48	36
79	54	63	8	50	43	51	42
65	85	95	91	64	3	95	63
91	37	27	92	26	49	77	53
6	95	59	40	78	19	100	68
24	73	88	16	71	19	59	28
71	97	44	5	49	1	9	99
77	31	34	39	54	83	3	85
27	9	64	42	80	34	34	79
14	68	34	22	45	33	36	6
39	32	28	71	43	33	39	88
77	14	25	20	52	22	47	4
36	58	73	97	100	2	28	93
71	98	65	44	24	80	91	23
8	16	76	3	61	23	91	77
79	59	90	94	17	42	71	11
62	84	100	96	59	54	64	46
62	26	88	29	22	33	82	4
91	82	34	97	37	58	98	51
56	35	72	28	53	4	73	69
71	81	49	21	28	32	40	45
49	78	45	52	2	39	29	5
72	83	8	70	42	99	28	64
61	72	6	28	63	94	13	83
37	71	69	66	74	51	59	78
24	32	41	23	45	48	51	86
20	38	38	15	11	14	41	30
39	76	46	25	13	6	52	15
62	75	68	29	46	62	51	59
45	13	74	10	16	31	97	7
41	75	77	40	60	68	64	61
15	83	14	61	19	18	10	89
3	99	59	77	9	9	21	89
5	61	71	27	8	20	87	98
54	56	33	42	100	90	58	9
77	79	58	84	22	38	66	94
7	2	91	3	93	29	83	42
10	10	10	10	13	61	12	85
32	96	46	18	97	47	67	56
79	6	76	4	23	27	52	72
63	49	16	19	2	93	46	22
10	48	32	91	92	92	92	92
4	4	4	4	98	98	98	98
55	48	79	98	67	3	40	94
25	24	67	78	75	99	77	32
53	73	24	50	72	79	80	79
100	29	49	21	84	26	26	35
17	98	1	8	3	31	37	66
1	98	60	50	41	17	69	8
60	89	82	42	63	84	37	4
77	79	5	68	3	93	56	25
25	22	71	61	96	74	23	49
49	72	80	6	57	17	69	85
61	65	53	74	16	67	53	25
3	22	56	82	74	97	60	19
27	82	88	47	68	20	65	75
81	10	46	98	31	83	26	44
41	38	14	100	90	25	100	1
26	8	77	56	4	44	58	67
14	93	38	23	45	63	76	73
97	67	49	1	62	30	45	16
79	60	31	73	70	37	1	64
83	30	67	72	7	86	63	11
60	10	25	14	39	95	14	20
79	52	26	95	28	26	29	90
45	83	83	90	11	10	49	88
25	70	91	9	30	69	44	72
90	2	65	88	86	93	28	87
49	5	15	25	27	41	31	51
12	99	49	25	90	29	79	99
26	58	44	70	54	1	50	41
4	13	97	36	39	77	85	31
57	54	50	92	22	100	38	19
20	55	31	96	93	58	59	73
25	55	84	12	15	13	55	99
60	18	57	58	33	51	44	20
51	52	19	13	71	58	87	14
80	40	22	31	14	94	98	53
94	83	57	100	90	33	87	32
87	51	99	25	10	60	61	4
64	33	27	29	4	58	8	78
65	63	80	69	43	76	71	22
25	38	90	26	69	1	43	48
4	4	4	4	73	40	37	42
7	38	21	70	75	74	85	77
13	40	10	50	39	28	11	67
90	44	58	47	88	17	28	91
27	91	95	58	94	94	94	94
10	10	10	10	98	98	98	98
62	89	13	4	9	97	49	86
45	91	80	60	84	64	12	97
11	41	88	52	67	57	17	77
58	21	26	30	6	18	9	64
34	71	75	63	94	95	12	54
15	38	56	27	90	34	99	90
79	78	64	83	31	76	27	10
63	37	46	85	57	2	79	77
71	55	18	63	54	64	18	80
65	34	32	9	31	33	73	13
10	70	26	26	27	17	74	90
88	12	85	71	82	26	46	20
42	51	88	92	51	31	88	55
1	47	35	59	3	6	68	37
91	99	25	47	69	19	17	53
27	18	72	66	28	66	89	64
98	41	20	88	66	53	96	95
22	32	64	26	64	20	34	79
31	32	32	68	60	98	98	34
70	52	42	99	85	26	22	34
41	64	62	9	10	26	30	42
7	52	45	2	62	14	11	55
87	9	40	73	86	14	50	1
70	14	96	71	43	9	75	78
76	11	30	7	21	1	68	36
74	37	30	54	74	21	3	7
84	66	10	5	11	23	96	17
72	82	6	94	53	55	46	85
42	46	47	100	58	84	4	60
67	88	64	85	100	39	92	21
98	75	74	10	55	76	67	32
96	54	25	56	18	95	72	49
82	73	99	21	39	34	45	43
70	35	19	89	70	68	38	44
29	37	62	43	42	13	96	86
91	97	45	79	30	68	20	64
88	23	16	97	18	5	20	6
76	19	20	92	94	39	35	90
27	75	13	13	29	78	79	18
71	98	49	73	33	5	50	14
8	8	8	8	13	40	43	76
89	25	57	49	19	27	58	38
88	67	78	58	35	50	82	82
46	69	99	25	28	37	7	22
16	8	30	4	93	93	93	93
7	7	7	7	91	91	91	91
51	4	93	72	71	64	78	72
83	39	45	49	86	76	14	21
75	49	10	51	66	12	31	50
85	90	37	57	38	53	44	32
86	99	30	74	50	17	72	16
56	54	68	74	43	94	45	63
22	89	74	32	99	34	67	57
34	21	66	45	44	19	41	39
66	50	59	1	91	47	25	67
98	54	7	74	41	71	64	57
48	48	89	74	63	19	12	69
29	21	91	51	76	83	99	22
35	68	35	17	86	91	35	17
23	63	62	83	22	16	59	51
15	51	34	16	1	92	92	62
90	65	7	92	52	55	21	32
9	94	36	33	16	82	68	71
41	24	7	6	54	1	14	34
77	55	33	23	89	50	16	86
71	11	77	70	11	40	97	89
81	38	51	93	64	75	65	70
79	38	92	18	96	32	67	94
56	64	26	33	13	65	38	15
99	50	34	92	2	56	7	99
36	13	40	69	91	11	66	74
62	17	54	23	50	67	11	52
32	92	96	78	15	59	8	17
49	46	28	22	63	5	26	87
50	29	45	49	39	30	12	2
58	7	30	54	40	47	36	51
12	38	1	16	37	30	6	48
39	50	11	19	44	96	56	19
47	34	55	20	86	62	90	86
60	93	26	49	21	52	9	75
78	85	70	84	74	15	23	50
58	94	36	34	3	15	1	62
42	83	87	14	59	42	55	63
81	59	87	23	26	2	49	87
45	92	56	27	8	78	42	77
55	92	1	80	22	33	15	73
10	10	10	10	52	62	56	14
95	96	2	92	40	4	41	17
36	27	48	62	66	90	86	59
96	9	84	99	49	99	67	13
58	43	45	22	91	91	91	91
1	1	1	1	95	95	95	95
13	29	100	50	39	40	29	9
61	97	22	6	37	27	79	91
49	11	61	43	21	7	97	80
51	71	100	15	73	76	82	32
12	75	72	67	33	35	52	13
26	23	72	37	49	66	87	64
29	48	86	7	58	33	1	60
79	79	11	46	14	37	30	42
33	26	48	68	80	12	28	81
16	71	51	63	59	76	70	16
53	44	11	55	93	83	79	14
72	26	60	76	58	43	3	30
32	12	94	99	98	71	31	66
36	8	28	74	19	16	26	19
86	57	79	98	22	48	80	95
50	40	17	69	91	28	57	39
30	63	75	53	60	13	55	15
45	42	62	95	8	18	90	68
70	51	32	61	94	2	60	81
7	6	39	45	49	94	66	89
2	20	47	79	11	35	64	83
52	33	89	2	14	71	25	25
14	48	100	75	54	96	65	100
13	5	32	90	82	56	24	46
2	37	3	94	19	33	64	29
77	95	93	4	12	18	94	12
39	66	85	39	55	99	57	53
76	5	10	56	2	58	35	66
95	50	63	61	74	19	92	86
42	79	74	11	24	13	54	48
63	21	29	84	51	83	47	19
37	24	99	84	55	94	78	48
38	95	65	30	20	67	85	79
88	50	24	9	35	95	42	86
9	64	62	27	30	60	80	88
29	19	56	80	30	59	80	33
11	54	16	39	88	89	85	69
70	36	48	56	87	25	63	20
74	44	70	83	66	49	17	34
20	37	93	6	15	74	48	88
9	9	9	9	52	28	9	23
27	43	50	83	4	65	48	19
56	87	81	94	83	5	14	49
76	29	57	68	39	26	75	84
86	75	25	55	91	91	91	91
5	5	5	5	91	91	91	91
62	61	73	3	79	63	91	30
30	66	99	17	52	93	64	99
80	25	77	34	12	74	28	73
87	89	78	50	72	95	98	15
87	72	13	42	40	6	70	16
84	61	16	58	31	34	65	75
3	100	59	84	92	80	3	78
58	4	94	99	89	58	7	81
31	66	78	73	66	40	20	9
22	58	7	25	11	70	39	98
96	39	31	67	16	88	81	94
100	68	1	90	47	61	90	13
47	82	80	56	86	29	10	51
69	71	64	36	29	49	73	61
27	73	71	42	59	80	34	86
35	56	22	92	51	6	15	57
29	9	39	30	49	55	18	56
63	16	83	52	2	28	36	47
26	84	13	39	14	41	55	7
21	67	48	4	24	78	44	7
71	25	97	74	48	82	38	57
31	82	10	56	55	94	90	2
39	40	94	5	78	79	50	19
71	9	87	95	49	34	100	7
23	68	96	51	14	77	58	43
37	5	30	30	50	94	87	27
43	18	11	11	34	81	60	76
3	98	27	14	70	77	67	70
44	47	22	62	87	86	68	78
90	29	92	57	47	71	80	19
76	15	51	80	27	100	37	29
83	85	40	23	14	67	36	90
41	67	78	38	87	5	48	3
62	3	95	73	42	83	83	43
1	46	55	85	34	17	41	81
44	7	46	57	60	27	72	54
41	57	49	94	75	3	90	16
22	60	74	26	80	81	17	100
36	11	45	60	92	87	73	79
47	77	39	24	31	59	91	20
3	3	3	3	44	43	65	98
39	1	37	51	63	92	22	95
82	81	22	15	72	49	78	60
97	25	18	24	13	95	87	99
50	32	83	33	94	94	94	94
2	2	2	2	93	93	93	93
32	54	89	97	91	96	33	79
58	36	30	65	74	100	18	51
25	41	93	23	58	64	88	14
87	84	32	76	55	55	58	22
70	16	86	36	80	86	99	88
3	21	78	83	48	69	97	55
54	10	29	7	32	12	11	53
93	28	72	5	38	68	88	38
98	12	100	15	32	17	41	23
78	96	24	99	61	65	59	73
97	53	25	8	96	44	6	23
87	51	57	68	33	88	44	47
8	51	77	73	43	68	78	9
53	60	28	14	19	13	69	91
80	60	58	47	63	84	40	58
13	43	19	10	31	7	83	80
71	68	54	30	30	55	62	32
74	41	63	93	49	93	22	10
42	90	27	21	61	42	54	40
21	72	22	97	85	74	47	100
4	24	33	47	6	77	68	1
12	46	11	80	61	62	42	81
47	61	57	70	76	27	89	90
24	51	14	51	80	39	21	89
16	99	92	47	25	11	29	24
19	46	12	19	88	99	63	61
12	64	25	50	61	1	95	52
41	29	34	48	14	37	75	68
82	49	55	63	91	73	94	16
76	62	51	22	63	6	57	75
26	100	43	9	74	14	3	14
5	88	29	31	49	8	45	56
31	14	53	96	33	4	73	5
7	46	81	27	21	100	69	1
35	23	53	9	38	17	59	2
3	83	50	39	73	30	53	70
80	22	99	90	12	83	34	2
53	53	66	55	43	80	29	32
94	91	70	82	14	99	53	99
46	88	52	30	9	5	17	94
5	5	5	5	71	29	42	46
42	82	90	53	24	16	16	38
83	31	83	51	71	14	7	53
45	64	54	63	39	20	26	77
81	54	92	74	99	99	99	99
10	10	10	10	97	97	97	97
59	45	38	12	99	35	70	69
58	72	90	95	82	84	43	8
24	83	80	46	67	55	90	79
76	9	94	45	23	56	93	3
42	55	84	66	97	11	52	78
77	92	44	33	82	80	1	7
31	47	62	24	60	65	69	29
20	22	24	84	87	98	6	49
78	86	84	29	15	65	60	61
77	91	16	43	51	100	84	85
12	48	6	79	1	89	58	36
59	4	33	69	79	5	91	51
51	43	83	29	31	86	7	3
11	46	86	85	50	86	15	47
99	23	74	39	53	7	73	92
74	74	43	28	52	46	73	63
77	66	57	31	64	73	32	7
71	51	6	12	44	4	42	67
52	39	55	91	30	80	6	66
85	20	41	6	53	10	33	40
20	60	93	22	1	53	11	42
32	96	16	75	62	38	8	74
39	95	53	51	12	85	20	85
71	85	1	36	32	54	72	97
10	78	68	65	36	44	49	77
49	99	37	18	53	34	58	16
50	90	53	76	75	6	33	100
45	17	60	91	85	16	53	96
82	73	41	11	48	97	20	22
99	14	54	56	26	51	41	75
83	42	82	72	99	52	53	18
1	66	16	62	96	24	44	91
88	44	57	44	28	19	61	64
51	84	41	59	73	74	59	7
26	8	7	90	63	23	40	88
83	51	8	13	44	100	48	60
82	78	42	30	24	31	97	8
25	68	72	11	1	12	83	29
72	66	86	28	36	6	12	67
18	30	25	97	42	72	12	4
1	1	1	1	42	17	100	30
66	92	3	98	34	27	58	74
59	21	9	53	14	21	64	9
25	39	48	50	59	7	73	75
66	10	68	24	92	92	92	92
3	3	3	3	96	96	96	96
80	92	88	76	71	58	47	12
56	50	16	60	94	32	20	100
36	22	32	93	6	47	44	55
31	65	3	81	84	11	19	37
99	50	63	1	81	31	18	57
88	54	98	15	97	19	62	68
49	62	94	83	41	84	41	52
43	30	64	80	94	4	42	32
83	83	6	91	83	18	22	27
46	37	83	92	57	6	62	88
56	67	6	15	36	40	1	24
72	44	65	80	12	68	92	80
57	95	46	51	78	60	28	52
37	12	78	15	21	98	71	38
42	76	84	22	25	61	67	88
56	81	41	88	78	36	62	57
13	78	4	62	49	49	29	73
29	61	52	43	24	22	56	91
51	86	29	99	99	88	92	19
83	81	66	3	20	60	86	63
12	80	81	90	22	5	70	11
62	51	92	48	90	48	31	39
83	54	39	71	65	22	35	46
93	17	6	50	77	53	16	83
94	59	66	20	76	53	64	19
43	75	99	71	6	31	69	3
76	94	98	5	38	80	64	92
94	43	32	61	69	68	52	56
85	38	57	58	65	62	78	86
89	1	12	6	76	55	94	67
77	47	91	10	74	11	15	72
75	48	81	49	29	6	68	46
3	53	52	73	44	81	31	34
72	46	96	40	12	53	96	48
56	14	11	19	69	42	50	53
66	11	76	43	36	42	59	91
68	73	80	30	97	15	50	11
53	3	42	3	81	23	71	14
65	5	24	85	58	22	15	80
83	72	31	21	71	14	72	44
4	4	4	4	86	26	6	24
14	29	61	20	53	61	54	47
45	27	61	83	72	54	74	23
33	64	13	52	37	100	28	90
25	94	71	60	99	99	99	99
3	3	3	3	97	97	97	97
77	78	51	74	83	72	49	9
90	82	86	38	67	63	51	39
30	85	92	11	46	86	98	28
21	26	33	52	90	50	59	52
51	43	94	94	7	77	41	40
59	18	78	84	92	32	63	80
12	12	80	78	57	21	87	61
24	73	78	90	33	49	3	26
14	29	16	61	87	14	7	75
64	90	28	31	2	78	89	8
87	97	89	16	74	93	74	15
85	32	56	46	93	12	26	35
74	23	18	95	69	14	34	71
58	39	33	62	53	95	68	11
60	17	70	54	30	65	91	61
54	93	53	74	43	2	10	49
18	4	47	21	80	16	28	42
35	31	41	28	73	94	18	94
16	48	9	19	7	20	10	61
94	20	45	58	32	55	43	87
63	70	13	85	31	81	78	75
14	12	6	4	19	97	14	95
62	81	85	13	33	49	17	94
93	75	60	8	71	74	52	37
45	44	81	85	6	71	94	86
48	73	66	81	7	5	19	38
67	79	66	27	29	30	42	8
26	59	37	9	3	40	37	99
97	27	28	39	18	66	68	40
81	5	27	60	10	55	20	41
6	34	79	8	57	94	23	53
87	55	95	55	57	71	17	69
12	42	69	45	45	28	65	40
35	10	94	97	12	48	93	30
18	63	58	48	77	50	12	40
41	51	43	1	100	54	29	97
97	48	53	42	33	86	51	16
1	3	98	18	28	26	28	60
35	47	3	32	57	54	21	46
21	15	100	81	70	14	17	41
10	10	10	10	3	31	19	75
40	32	59	48	81	50	21	2
75	45	1	6	63	46	81	86
35	56	8	70	59	59	59	6
42	62	27	53	98	98	98	98
10	10	10	10	94	94	94	94
29	31	7	59	8	93	60	40
84	99	70	67	59	57	27	95
98	97	8	71	4	94	49	24
25	2	69	27	92	53	80	94
55	26	90	35	28	52	23	30
51	45	84	93	98	27	61	8
100	97	56	53	34	11	46	22
38	72	29	47	62	58	27	39
23	13	25	83	37	87	4	71
57	91	18	63	40	11	91	92
33	3	8	55	62	52	38	42
54	56	73	53	2	22	36	85
51	2	97	66	5	49	11	91
56	58	37	89	53	20	27	42
43	1	29	6	73	27	33	100
85	62	99	67	97	44	10	27
94	13	77	8	95	5	60	56
67	59	45	84	61	32	45	33
55	33	26	45	21	43	45	78
44	1	67	8	89	68	93	32
66	97	8	86	81	1	93	52
93	37	35	100	72	94	97	62
10	86	62	28	70	69	39	36
84	58	58	60	91	15	50	56
39	99	28	81	73	55	38	35
45	10	27	67	67	15	86	60
70	84	64	89	57	14	54	13
22	28	86	60	46	20	57	55
81	68	84	17	88	96	40	11
38	8	19	65	3	3	43	81
64	90	64	65	44	74	96	26
29	19	35	41	12	68	73	32
26	50	63	49	28	59	48	35
21	100	30	75	92	1	79	64
87	35	29	3	47	16	19	70
18	12	5	33	14	81	64	80
21	39	76	22	58	90	34	40
80	34	11	64	17	26	70	16
14	43	94	3	27	71	63	95
36	94	47	23	22	97	9	84
3	3	3	3	13	68	58	17
86	19	100	91	82	22	20	40
20	33	18	95	100	58	16	70
79	58	11	26	42	38	6	36
7	17	30	63	96	96	96	96
3	3	3	3	93	93	93	93
14	62	51	59	64	78	10	15
49	51	88	30	10	67	9	58
89	36	48	78	43	84	46	19
10	94	75	76	52	4	39	92
7	88	66	95	36	8	41	72
43	96	25	73	3	1	25	41
48	13	3	22	28	36	53	56
24	32	66	78	40	48	90	12
87	43	57	5	75	1	46	60
48	11	38	27	2	13	18	76
59	67	37	93	47	68	7	79
57	1	67	25	30	5	82	7
6	73	15	47	32	91	8	73
43	25	66	91	42	41	98	86
2	39	63	31	85	12	52	47
53	25	25	61	54	64	70	23
29	91	59	23	8	62	73	62
5	42	99	14	90	3	19	61
96	100	86	42	27	80	74	74
30	43	27	66	45	96	93	100
70	65	19	79	77	6	33	78
19	83	59	83	17	48	81	9
19	71	16	54	36	59	50	44
77	12	44	9	11	47	25	69
82	71	74	78	7	78	27	63
64	57	62	76	20	5	57	82
39	3	78	37	43	31	56	92
30	19	17	48	37	59	66	78
34	89	98	47	28	24	72	17
29	41	21	48	22	9	80	14
75	12	43	7	43	25	21	76
33	86	45	52	2	10	98	49
9	26	37	16	94	38	29	8
89	80	53	33	99	5	44	4
29	13	95	43	61	45	52	65
78	85	88	34	62	71	64	3
18	51	75	6	78	73	15	81
64	61	89	50	72	14	68	50
18	91	64	61	79	14	78	25
31	77	19	35	65	88	66	4
1	1	1	1	64	68	5	72
31	78	74	37	80	47	24	27
38	68	15	61	61	62	7	31
97	90	84	74	78	85	92	60
92	89	57	41	90	90	90	90
10	10	10	10	94	94	94	94
20	49	63	46	69	20	19	48
46	60	69	45	75	86	45	46
31	67	2	99	54	52	30	65
52	35	35	53	21	7	100	75
82	6	61	67	11	39	6	50
12	5	29	96	80	80	42	20
42	20	4	32	17	87	21	90
5	73	49	12	56	90	58	30
28	13	4	19	41	5	68	16
50	25	33	86	96	29	95	98
99	47	32	20	92	20	4	65
29	82	55	44	32	94	58	98
91	9	76	76	46	53	23	53
90	67	67	48	92	47	67	27
50	4	32	18	97	55	37	28
61	13	32	3	44	50	13	13
1	46	52	85	63	84	90	33
6	84	22	23	9	64	57	99
33	63	86	79	25	7	55	7
19	21	30	92	27	49	97	86
32	29	67	92	13	72	40	21
34	87	76	81	42	90	61	8
37	13	94	50	52	1	70	15
1	84	23	11	25	72	81	38
2	84	23	22	38	48	62	17
26	21	18	74	49	85	88	19
4	86	20	38	14	65	22	42
95	21	99	36	75	74	11	89
44	83	100	80	40	41	23	34
4	50	62	95	86	87	57	79
76	90	31	98	94	17	17	58
24	29	82	69	56	76	48	77
6	4	84	1	4	32	44	48
48	72	40	14	84	82	68	100
93	1	78	44	5	24	18	98
83	47	28	93	93	38	49	55
67	70	58	51	71	60	59	18
60	46	19	59	57	12	49	71
72	67	84	83	69	42	84	78
66	93	54	9	70	20	90	78
5	5	5	5	49	61	21	24
59	82	5	34	78	94	14	90
22	31	51	33	43	81	72	19
7	73	24	34	26	3	65	37
4	9	22	69	98	98	98	98
1	1	1	1	91	91	91	91
41	75	57	3	74	11	98	60
53	53	82	67	17	70	48	27
31	97	1	8	93	83	76	30
7	84	22	61	49	84	86	40
52	39	93	40	30	87	53	98
89	76	15	41	63	6	69	42
29	7	56	97	19	68	47	12
39	15	99	60	24	2	84	48
99	69	15	47	47	18	13	8
65	10	95	7	50	66	52	48
33	10	72	4	64	25	11	78
87	48	71	71	18	62	50	56
26	64	1	60	90	46	17	64
58	58	54	41	38	73	55	80
99	1	25	57	54	62	54	67
37	80	22	83	15	61	23	52
74	63	86	33	94	99	97	40
27	35	62	11	54	30	1	88
89	39	3	13	76	59	43	58
10	72	93	55	27	34	27	48
60	94	66	55	6	11	92	80
9	12	46	24	7	10	8	57
9	35	97	10	79	11	97	28
22	88	58	18	3	25	21	47
65	41	53	15	66	34	45	34
46	72	6	15	84	86	30	10
70	5	84	34	13	78	17	62
41	47	4	68	35	30	95	63
42	41	5	20	87	65	35	42
4	24	25	64	39	19	40	43
51	65	69	87	59	57	100	68
26	43	66	86	39	17	45	36
78	62	36	71	24	47	73	54
43	79	46	33	4	96	16	14
28	82	77	69	84	24	48	22
3	53	98	83	33	53	10	32
64	17	69	67	83	8	86	40
59	82	69	13	74	34	53	2
72	98	74	75	24	77	95	52
87	64	6	84	90	76	98	32
4	4	4	4	82	2	63	5
53	88	16	20	48	21	39	86
1	13	1	97	68	61	35	68
8	12	2	46	45	8	5	35
27	35	94	11	91	91	91	91
9	9	9	9	96	96	96	96
18	99	60	95	25	47	53	14
74	32	83	91	84	56	78	40
38	93	53	53	91	61	78	5
55	75	23	85	66	6	84	25
16	91	73	79	75	32	70	26
3	97	19	8	61	81	8	7
14	33	41	52	42	49	26	13
78	31	98	24	36	72	41	33
79	12	45	98	38	61	40	98
96	73	77	31	65	65	90	97
63	37	61	6	2	71	3	54
82	27	44	1	92	78	100	88
66	54	59	84	10	61	23	41
83	40	35	52	13	33	41	72
23	40	21	42	18	33	94	14
61	90	71	10	24	45	23	72
28	83	26	50	18	54	50	79
42	51	23	95	40	51	95	57
11	64	64	22	3	29	22	37
4	1	24	72	44	63	47	9
96	45	39	15	10	100	88	25
27	83	33	87	28	43	82	91
62	3	38	57	23	14	8	34
81	97	94	4	53	5	83	48
33	31	58	32	100	36	74	6
9	11	9	94	56	32	19	63
80	51	23	58	9	71	70	38
2	15	67	92	44	25	84	22
14	35	89	74	60	18	60	60
97	34	95	66	47	42	7	86
54	96	36	6	29	24	52	30
44	69	13	61	82	35	61	31
83	81	53	66	53	15	14	62
89	98	82	88	63	33	13	1
78	78	18	69	73	18	80	97
83	51	88	71	95	84	7	43
65	42	81	58	43	5	92	84
9	9	33	75	31	43	5	85
60	80	13	3	35	80	6	2
78	91	49	9	65	62	68	65
3	3	3	3	62	1	78	89
24	81	82	23	44	23	100	89
79	50	87	50	65	45	71	11
53	8	34	9	33	53	99	74
1	70	91	33	90	90	90	90
7	7	7	7	92	92	92	92
36	69	11	48	65	54	15	71
15	38	59	44	100	68	9	81
53	83	49	92	97	100	41	80
47	25	84	12	76	97	77	22
3	73	46	45	38	18	30	45
88	65	43	10	86	8	83	27
7	94	50	27	91	50	82	67
81	95	62	95	64	37	99	98
78	67	62	58	39	83	64	18
85	10	87	24	53	30	77	24
54	63	10	41	20	75	7	79
9	12	44	54	13	100	34	82
91	80	63	72	38	88	77	38
35	30	29	29	76	72	63	33
21	86	41	63	96	45	17	84
42	38	26	73	48	49	85	32
54	19	55	66	25	92	51	26
34	55	78	3	24	37	40	37
94	16	54	87	30	69	16	18
12	100	2	67	92	90	24	85
70	78	25	100	53	82	68	24
89	14	44	4	24	44	7	10
74	74	28	40	37	51	25	39
20	98	4	9	54	31	29	31
22	29	73	21	55	6	44	58
17	93	77	41	51	89	50	62
30	45	1	95	67	68	31	82
3	82	70	24	60	14	3	83
92	84	98	65	2	78	90	13
31	42	44	35	67	25	43	11
30	97	22	88	41	67	19	54
12	58	40	18	59	34	20	34
47	20	54	16	25	40	69	74
85	24	8	96	99	45	10	29
66	90	21	79	29	43	34	36
6	67	71	92	1	96	30	46
98	38	9	85	36	60	74	87
7	45	57	72	73	37	85	48
79	3	84	4	38	3	99	70
8	39	59	69	94	41	69	99
9	9	9	9	89	96	4	40
63	73	95	25	84	52	89	16
33	22	24	18	79	64	16	35
100	3	14	81	93	76	36	31
83	95	41	35	91	91	91	91
4	4	4	4	95	95	95	95
99	89	17	68	94	32	95	17
65	17	66	3	13	46	64	86
1	84	28	4	90	52	3	42
36	36	95	2	67	22	44	20
6	71	51	40	37	93	2	97
69	8	17	100	15	97	76	89
13	56	63	64	81	13	86	48
98	100	83	51	13	69	70	62
67	63	22	66	37	40	91	18
83	80	7	92	72	37	81	25
62	15	28	81	46	74	58	85
34	36	50	83	52	87	97	55
75	60	77	19	15	40	11	22
14	20	44	23	18	1	53	97
72	47	67	99	8	46	29	3
13	23	51	99	95	59	68	64
32	79	100	49	43	51	82	50
56	54	64	21	74	31	75	8
30	31	36	76	86	31	38	40
37	95	20	11	65	77	74	51
90	34	69	13	85	10	83	68
3	81	72	79	5	23	71	1
63	50	28	89	59	92	81	53
88	54	54	78	57	27	51	15
2	72	7	67	68	45	42	74
32	73	7	93	80	13	11	11
68	95	12	67	22	81	61	52
5	55	59	94	96	4	80	84
45	5	39	94	44	42	81	41
49	79	71	51	19	11	11	36
56	64	20	91	24	40	63	30
57	48	96	92	45	46	98	28
66	48	15	77	32	30	16	57
12	47	45	91	3	56	75	41
29	93	97	31	86	96	83	83
54	13	64	92	35	35	27	78
1	80	55	7	50	83	21	13
28	68	15	96	63	100	88	89
19	87	53	62	44	94	22	47
18	54	22	56	87	52	72	68
4	4	4	4	13	95	10	74
72	100	51	95	89	22	86	85
52	78	38	37	44	56	26	68
75	34	11	55	62	12	99	15
55	92	60	34	94	94	94	94
5	5	5	5	99	99	99	99
29	52	7	87	74	41	99	58
32	42	34	51	18	89	98	83
32	84	59	51	38	35	89	23
71	84	94	24	25	52	49	49
12	62	19	39	49	80	98	78
84	28	45	23	54	18	99	61
14	38	79	67	44	84	66	83
73	51	13	93	100	86	13	31
15	48	52	54	5	26	71	26
93	75	35	9	81	16	1	62
43	8	29	73	9	32	88	84
94	39	71	39	76	67	82	60
94	49	23	62	54	61	23	57
76	60	82	43	2	11	47	23
49	5	99	42	64	85	42	28
35	63	98	1	10	9	6	76
69	35	25	36	81	92	14	47
55	70	60	96	20	50	58	85
79	87	83	30	19	87	70	1
70	54	66	36	82	47	20	95
68	77	60	62	53	81	48	16
21	70	33	69	6	51	18	46
99	78	22	8	16	20	74	33
99	32	97	70	7	48	38	46
48	40	56	50	41	32	73	99
29	94	21	41	54	70	17	31
100	43	94	19	21	51	65	92
71	52	46	10	49	30	44	76
73	70	74	10	100	25	100	29
15	85	68	39	27	95	92	87
40	100	13	30	73	18	75	15
35	59	18	75	21	81	84	17
80	87	95	96	95	65	53	89
93	92	40	51	58	24	82	43
81	49	36	21	1	10	97	24
30	85	52	10	17	68	85	96
73	19	26	20	17	44	24	90
23	54	23	7	79	91	32	11
94	12	36	31	57	58	64	42
9	52	49	3	2	64	29	7
10	10	10	10	20	74	10	28
21	30	32	26	1	76	87	58
65	21	15	1	18	79	91	83
60	25	97	63	31	66	74	22
6	81	73	77	95	95	95	95
5	5	5	5	99	99	99	99
28	76	84	10	54	48	66	66
95	3	58	39	58	41	62	52
14	70	67	69	4	39	5	10
86	87	96	68	90	96	91	79
23	91	36	92	24	42	83	66
64	9	37	2	24	51	95	16
71	47	99	76	46	54	18	19
93	22	95	92	2	84	55	5
35	97	61	93	51	83	48	64
88	37	41	89	18	52	69	62
32	47	77	38	72	81	22	33
55	60	100	81	85	46	78	23
20	11	46	86	38	44	78	36
2	55	70	2	54	1	18	33
47	76	69	61	93	28	7	83
88	90	9	16	1	24	62	27
14	62	62	91	14	67	66	21
74	85	15	78	77	46	50	68
57	69	80	95	28	2	95	79
19	33	20	12	10	56	6	78
91	45	77	64	30	28	99	98
80	35	51	1	68	10	58	97
56	87	63	11	58	77	47	82
97	30	1	64	54	18	14	47
12	73	7	27	90	45	87	2
25	27	93	16	38	42	63	87
51	3	33	91	47	94	43	4
73	49	52	100	41	3	54	11
76	27	15	92	13	74	63	41
75	48	72	21	70	78	86	41
27	43	56	1	35	60	84	82
59	99	30	25	10	53	10	48
91	84	28	77	62	44	11	70
39	23	30	55	53	51	95	76
90	57	50	93	63	48	73	93
78	20	55	89	89	23	100	59
76	22	76	1	55	47	49	17
86	72	89	80	37	6	70	38
6	71	95	79	20	34	93	59
75	19	43	25	84	27	25	23
8	8	8	8	100	27	100	18
76	5	18	41	2	81	29	5
51	38	5	21	42	49	53	92
60	75	62	81	8	50	74	63
90	95	14	3	92	92	92	92
7	7	7	7	91	91	91	91
27	40	18	25	2	35	61	44
59	22	71	7	27	2	10	100
61	90	70	41	51	71	28	5
84	5	44	98	75	17	10	26
37	47	5	50	92	84	51	41
51	45	73	59	99	4	21	34
27	69	68	48	55	73	49	18
63	99	67	39	23	22	5	26
91	39	42	51	74	90	27	65
46	89	1	83	18	81	91	4
87	21	26	81	42	73	13	39
13	69	78	11	7	28	12	56
45	61	25	46	89	91	10	28
81	56	8	69	62	57	89	40
63	13	83	57	53	19	56	51
35	47	88	29	39	58	98	40
72	55	25	4	27	29	68	2
97	74	94	62	79	74	33	70
19	60	56	36	75	85	70	10
48	23	15	35	83	53	6	13
47	81	96	27	80	60	82	17
46	24	68	17	100	12	16	13
30	56	76	2	6	96	11	74
77	55	41	72	41	85	89	55
26	95	30	32	58	45	63	33
30	38	87	13	61	92	55	10
82	98	47	20	52	90	60	97
85	18	28	94	74	97	68	68
21	78	5	14	18	43	13	60
78	69	79	64	31	22	78	13
3	56	76	4	50	74	25	77
31	13	38	93	62	71	3	25
46	49	20	32	41	53	32	18
5	73	99	30	32	82	6	38
6	68	79	89	26	72	50	87
24	4	10	44	56	12	57	41
1	82	13	66	70	73	41	22
29	1	15	97	3	100	21	85
95	98	8	53	79	8	99	33
80	42	3	53	20	42	75	16
8	8	8	8	12	68	37	59
47	63	33	71	58	38	19	21
11	66	65	30	25	53	13	24
39	46	89	2	88	85	94	78
28	18	43	58	98	98	98	98
1	1	1	1	94	94	94	94
61	99	20	3	13	51	44	59
17	95	90	67	25	17	100	64
45	31	61	67	54	61	80	26
60	69	54	9	70	7	92	68
1	69	91	34	2	9	66	44
49	89	66	40	81	4	53	76
78	61	88	60	91	24	58	72
8	29	71	9	82	96	16	78
21	19	37	53	88	82	62	54
32	87	10	53	45	90	70	57
45	44	16	10	26	96	42	80
11	48	66	40	31	14	48	5
72	61	66	67	37	78	59	96
42	53	83	71	6	48	37	91
2	98	27	17	19	29	11	46
15	48	41	74	58	90	78	52
88	90	42	40	11	43	77	55
4	71	26	90	15	73	76	8
66	78	90	73	30	75	77	42
35	50	63	48	40	83	44	11
3	75	32	20	24	87	29	31
84	48	68	9	42	74	77	57
3	16	75	91	70	34	89	74
22	53	59	8	80	79	60	94
70	20	67	85	90	22	81	30
5	53	59	63	57	12	29	88
13	21	11	16	94	60	48	7
35	39	67	63	3	31	59	73
7	98	90	76	77	32	42	15
23	77	35	61	82	35	15	11
99	70	97	76	59	54	33	15
15	37	57	15	67	44	96	54
84	14	2	51	21	49	81	56
53	73	18	58	46	62	9	36
13	93	76	52	44	74	96	6
59	67	71	46	72	94	73	44
69	19	14	86	65	72	93	13
88	42	19	60	7	13	57	60
45	39	39	77	19	63	67	71
14	39	67	80	15	100	60	90
4	4	4	4	24	94	45	22
81	67	97	84	14	15	54	82
48	57	67	15	5	3	7	7
57	18	37	67	44	12	94	61
78	39	16	72	93	93	93	93
7	7	7	7	95	95	95	95
68	62	27	78	79	28	23	48
6	73	49	44	40	91	57	31
98	32	2	28	35	32	26	93
78	95	29	8	52	43	48	45
41	43	14	98	68	72	18	37
92	35	47	63	2	72	55	86
96	56	13	68	77	15	16	3
72	78	89	40	66	16	100	23
64	32	12	78	42	67	27	99
78	33	31	2	73	15	55	59
9	15	96	55	90	68	62	44
21	80	64	86	49	64	3	46
18	26	24	49	98	89	50	97
89	80	61	37	5	38	99	16
24	45	27	10	19	18	36	22
76	40	74	43	73	51	47	58
26	71	5	37	29	6	15	4
12	27	98	94	88	5	100	6
28	90	59	20	2	78	90	90
96	21	88	23	60	96	35	80
47	23	37	86	57	20	81	46
64	70	88	43	44	5	61	45
47	8	23	8	77	49	89	53
11	43	62	25	56	13	22	4
26	13	64	69	70	9	84	60
39	87	26	16	85	98	21	12
94	37	35	20	69	21	68	88
79	94	99	53	17	70	4	23
53	54	50	71	79	34	57	79
32	72	100	25	18	10	8	84
49	9	68	28	94	37	58	85
77	98	53	4	62	12	44	87
73	18	34	82	12	23	76	80
92	66	38	72	8	90	41	84
75	88	27	75	8	12	4	24
10	4	65	56	56	85	22	53
55	94	95	3	81	5	25	66
12	99	37	33	55	85	16	17
11	82	97	2	40	49	9	17
49	2	8	43	30	42	61	42
6	6	6	6	60	86	11	80
45	56	69	96	6	22	65	27
70	3	6	51	2	37	80	18
94	79	7	30	3	75	79	44
7	99	69	71	95	95	95	95
4	4	4	4	91	91	91	91
56	83	81	100	16	98	16	95
7	58	17	37	72	8	2	96
19	83	90	64	71	88	92	65
95	17	40	18	94	81	66	21
93	77	19	19	4	82	24	42
84	90	7	47	6	78	37	64
29	44	39	30	11	9	66	67
72	7	30	25	95	71	46	21
16	32	10	49	38	54	8	36
61	72	86	29	97	53	48	45
59	6	52	34	43	60	68	42
41	4	84	53	49	94	9	18
99	3	46	20	50	8	54	62
23	56	88	41	13	93	53	71
1	78	39	74	7	66	25	38
79	19	45	82	87	72	67	13
44	29	6	81	61	98	70	92
83	79	93	35	76	88	19	15
6	74	32	33	67	46	71	77
18	47	14	63	80	35	35	43
31	1	58	53	25	60	79	54
87	64	68	5	72	18	4	7
100	52	42	53	57	47	39	55
25	47	48	50	13	62	84	7
41	91	49	72	41	11	46	33
33	38	75	80	19	79	30	84
59	25	11	45	20	84	6	97
24	68	39	9	59	47	94	49
17	67	61	86	1	1	77	82
9	23	84	92	89	66	88	90
72	96	31	20	74	88	15	10
21	52	12	41	60	53	67	53
95	40	98	34	85	73	3	35
24	60	91	67	90	74	3	47
91	14	86	74	40	72	63	32
93	72	92	30	39	73	25	11
11	7	28	81	33	37	32	40
65	83	56	5	23	78	87	78
53	71	16	27	65	54	28	74
26	20	37	91	2	26	80	33
2	2	2	2	23	88	53	36
42	64	38	42	68	93	95	25
56	33	90	44	5	71	97	34
43	84	31	11	31	16	68	8
13	56	13	25	97	97	97	97
3	3	3	3	93	93	93	93
92	5	23	52	68	93	5	84
61	77	59	88	65	37	65	77
93	5	16	81	8	14	13	92
98	24	93	96	100	14	63	37
68	83	18	48	5	77	1	69
61	54	36	17	47	56	28	67
59	52	65	87	96	55	91	20
16	78	56	2	17	98	12	39
2	2	46	52	53	90	27	96
32	15	33	8	89	17	22	9
58	49	73	68	4	8	90	71
22	83	67	45	27	93	72	27
54	34	61	17	35	69	58	49
94	13	55	96	73	74	11	41
11	57	43	51	79	48	55	96
49	38	13	87	84	79	33	44
64	13	73	100	12	54	80	12
7	2	45	50	32	9	83	42
2	18	26	29	60	94	96	43
52	90	55	57	80	87	68	99
38	78	30	14	42	91	55	46
9	19	26	84	27	8	25	86
51	90	74	30	8	13	61	23
73	54	55	28	14	15	6	47
36	49	74	38	33	74	19	38
2	96	72	99	21	87	31	77
71	32	32	28	52	65	1	11
71	19	11	46	95	12	13	83
66	67	95	50	35	31	35	1
1	47	60	59	21	93	27	3
35	95	11	24	80	52	41	99
66	31	93	13	76	82	80	69
54	85	15	51	74	69	29	83
14	88	29	2	64	38	30	60
27	2	3	99	85	4	42	58
19	35	49	10	90	3	5	58
84	99	15	36	48	86	82	73
23	28	94	93	35	91	91	77
18	73	21	8	19	55	43	12
68	45	13	46	31	31	72	54
10	10	10	10	24	54	17	48
74	55	40	50	58	73	7	58
65	96	16	26	62	48	9	82
41	40	4	74	97	34	23	40
15	22	61	46	92	92	92	92
1	1	1	1	98	98	98	98
21	50	72	52	47	49	26	8
57	95	70	93	55	98	9	93
73	16	38	62	1	65	39	23
61	16	82	3	46	72	3	52
98	69	86	46	65	46	98	97
7	20	25	36	44	5	85	29
88	27	3	98	29	5	93	18
12	19	85	58	52	61	70	63
48	87	56	25	27	22	88	18
22	7	28	71	67	50	59	53
57	86	20	97	5	90	55	49
30	65	85	53	33	45	21	87
77	1	64	52	89	59	91	38
83	97	31	41	4	54	51	96
7	20	17	47	55	81	20	67
61	18	89	47	96	58	97	10
33	27	68	36	44	93	90	83
95	59	53	31	20	74	14	59
31	61	50	5	77	27	56	70
59	16	10	42	4	57	21	18
31	72	93	15	70	26	28	24
61	1	74	36	93	94	10	63
3	89	71	15	37	40	71	39
69	13	85	69	88	22	32	32
96	14	51	39	81	39	22	63
47	80	91	68	72	33	81	99
83	70	45	94	28	2	39	55
32	18	54	85	52	83	82	50
5	47	24	10	23	26	39	27
82	70	57	50	5	20	63	5
11	77	80	89	24	7	7	55
14	46	40	5	100	34	93	30
72	12	88	79	23	51	14	100
84	66	35	63	41	68	6	60
75	10	29	97	64	64	70	47
73	58	65	59	45	90	75	92
12	14	42	65	1	22	67	87
38	76	49	48	94	38	60	46
65	64	19	94	99	59	81	87
98	34	76	72	89	60	62	55
7	7	7	7	43	30	51	95
4	65	67	17	43	44	79	43
83	96	38	71	66	66	82	30
22	41	96	74	59	77	65	67
6	58	26	90	98	98	98	98
5	5	5	5	98	98	98	98
97	87	74	4	41	64	44	66
13	17	90	59	96	17	17	74
56	50	22	60	51	42	31	76
35	88	69	76	10	48	47	70
47	96	76	69	62	27	33	49
1	77	82	38	46	42	42	98
45	90	45	73	28	88	100	33
48	53	77	67	10	4	66	30
16	56	29	71	10	46	60	83
54	13	46	47	8	38	42	16
92	73	14	91	11	94	20	12
23	8	12	76	86	21	24	32
77	43	57	20	59	70	5	76
82	68	58	98	4	24	53	64
49	95	68	34	60	66	29	53
16	25	32	84	36	8	90	26
78	56	80	49	61	54	65	68
72	96	76	5	98	58	38	20
43	21	8	3	62	45	54	77
59	100	75	4	92	7	95	25
32	31	99	85	6	24	5	84
34	60	63	100	56	1	40	100
57	26	73	93	3	97	70	6
81	56	39	99	43	25	97	66
61	18	52	10	32	89	59	59
60	36	80	67	71	17	33	4
85	81	96	16	68	21	77	97
42	29	52	5	98	51	2	20
35	17	93	34	78	19	76	4
31	94	6	83	71	59	17	27
96	13	19	41	100	30	12	65
75	81	46	89	87	24	30	19
16	43	60	88	99	95	71	10
93	76	70	67	93	70	2	38
21	50	24	78	33	94	26	69
29	28	61	45	39	5	85	85
31	17	91	26	5	5	19	17
6	48	26	90	82	14	64	53
17	94	92	11	98	45	21	60
98	23	10	84	86	77	40	79
8	8	8	8	19	88	29	86
92	26	44	64	48	89	28	74
16	40	65	11	14	32	88	26
48	68	44	99	52	71	23	96
56	94	21	54	94	94	94	94
7	7	7	7	97	97	97	97
86	52	46	57	21	5	79	70
66	56	41	54	95	95	59	24
92	44	79	48	76	51	93	50
89	36	31	38	28	66	75	7
25	16	70	22	1	30	54	8
45	98	21	78	54	63	97	35
51	33	57	26	96	45	40	82
62	37	29	60	66	91	17	96
26	85	82	32	26	69	16	70
10	75	6	94	12	68	68	46
57	83	75	83	17	100	20	93
43	20	9	19	96	97	13	85
19	17	32	14	75	79	84	34
77	39	74	49	41	20	93	76
43	52	8	25	48	38	21	24
74	74	27	47	63	27	97	80
48	65	77	57	46	10	88	71
30	11	71	47	33	41	44	97
7	99	91	24	63	77	42	73
1	94	39	64	75	93	41	64
95	44	88	37	58	78	78	95
29	63	87	5	76	24	50	43
79	97	97	89	68	37	20	33
96	50	38	14	1	43	40	90
37	49	55	84	80	91	21	52
42	17	62	95	37	94	23	88
55	18	67	45	78	37	73	42
97	69	54	5	31	61	64	20
50	25	3	59	74	60	97	95
25	78	59	99	75	34	72	30
93	10	54	100	26	73	2	49
46	43	31	47	32	84	5	37
61	83	42	96	16	29	61	61
78	77	87	38	9	87	51	5
93	34	70	37	45	78	52	11
47	100	83	100	47	34	7	26
14	40	99	46	16	13	84	83
77	34	36	1	54	47	56	84
69	56	72	14	50	21	66	5
39	5	5	51	29	74	11	100
3	3	3	3	58	77	8	78
12	10	67	9	54	55	70	80
53	44	52	14	68	19	41	93
33	25	58	77	85	100	62	46
53	9	85	42	94	94	94	94
3	3	3	3	92	92	92	92
67	71	67	95	46	24	82	51
42	40	94	44	10	28	72	51
6	86	35	17	32	97	32	90
98	77	7	34	56	21	25	21
45	31	3	92	70	37	98	71
89	64	93	23	62	18	65	41
2	7	46	14	5	72	76	85
13	76	91	84	78	80	97	15
11	2	66	61	56	36	89	88
84	80	6	55	23	70	1	20
2	98	39	21	96	13	34	85
7	36	50	43	84	97	46	21
87	4	71	43	14	54	69	13
67	2	19	16	20	18	36	39
50	86	92	86	51	77	49	93
37	20	28	31	20	56	93	60
74	5	42	20	41	54	29	40
10	27	50	49	85	99	75	34
87	20	92	99	78	86	97	90
14	41	99	64	81	48	75	78
10	55	32	22	50	33	94	8
48	25	57	49	87	80	22	57
61	6	31	99	91	36	87	23
47	7	4	52	25	72	36	46
87	81	37	17	20	70	82	22
18	3	57	52	57	42	74	79
42	42	51	21	62	74	57	5
59	51	17	8	25	17	52	81
79	46	15	46	87	9	33	65
9	66	20	70	99	48	59	68
76	49	41	91	14	12	14	51
71	96	28	2	20	63	35	46
18	65	38	73	92	74	77	58
49	84	44	86	8	33	26	88
55	24	84	38	67	74	98	8
63	19	86	94	18	28	71	29
10	6	53	60	7	86	10	69
15	34	10	27	86	85	9	20
7	43	82	31	15	44	8	32
37	69	53	12	83	40	23	4
4	4	4	4	78	82	12	18
16	94	75	88	76	28	66	19
62	4	81	50	93	33	4	17
30	93	1	21	85	58	78	70
71	43	68	28	97	97	97	97
7	7	7	7	90	90	90	90
54	84	75	24	7	18	100	4
17	32	33	39	91	17	30	53
57	80	65	76	59	52	84	53
20	43	62	21	69	36	38	14
97	95	74	6	15	39	37	53
76	95	21	85	67	36	4	47
63	57	53	51	49	83	55	32
70	49	1	51	7	73	69	15
22	3	83	88	31	79	100	11
25	38	41	26	8	92	10	72
60	53	57	21	33	86	72	65
67	29	66	30	70	22	46	36
57	83	87	50	63	63	29	40
77	7	40	77	35	91	85	96
21	16	67	86	55	57	71	55
18	42	72	66	3	3	48	60
89	6	39	77	37	6	20	36
99	45	48	40	56	21	25	100
58	93	64	23	47	86	24	91
8	11	42	5	83	8	88	77
5	58	62	8	91	74	75	89
34	53	81	44	86	11	13	11
36	96	11	58	92	67	98	23
97	69	100	41	61	44	2	64
73	87	56	67	82	29	88	97
95	88	29	71	90	78	42	32
11	44	32	15	27	42	83	97
9	14	70	29	22	49	96	36
14	82	56	95	100	62	96	39
9	16	8	72	66	30	64	22
83	75	47	97	79	91	55	68
16	17	16	74	65	60	90	41
41	44	86	96	81	56	99	69
35	83	99	86	89	84	25	2
32	65	55	9	60	99	11	46
52	84	58	5	24	96	86	12
49	23	50	33	60	4	55	34
24	33	53	52	56	12	78	100
17	65	92	83	17	11	87	43
100	12	35	87	69	22	82	75
2	2	2	2	88	93	8	56
40	60	75	1	46	48	22	80
10	43	88	92	33	2	93	1
39	67	79	81	69	69	36	76
30	46	21	23	92	92	92	92
3	3	3	3	91	91	91	91
34	43	77	5	85	96	26	77
64	57	41	10	79	87	5	82
57	49	85	17	39	41	92	10
21	2	61	71	72	24	76	9
88	14	79	44	73	26	53	6
12	39	62	91	62	61	5	9
34	55	46	92	75	18	51	94
83	40	50	62	81	12	45	5
93	6	97	71	45	77	48	87
1	77	21	2	57	86	100	19
48	99	97	95	46	55	61	5
41	14	14	78	49	95	69	74
18	8	48	51	76	68	34	32
7	69	79	78	52	81	11	2
54	21	60	2	71	91	26	82
34	9	84	37	39	72	71	27
19	32	55	26	27	61	45	7
76	8	79	14	55	93	36	83
34	13	42	76	65	100	77	30
93	5	33	10	86	71	64	92
6	97	24	14	28	68	64	71
47	65	7	78	31	32	57	21
32	49	39	10	89	45	5	4
6	66	94	22	98	80	63	4
41	7	5	52	7	90	67	72
80	8	16	19	27	49	40	20
13	44	12	47	22	79	77	51
26	9	41	96	51	25	8	33
53	93	35	49	60	12	74	83
60	42	69	93	41	10	55	95
1	2	59	59	23	25	19	85
50	17	10	36	98	70	77	93
44	71	18	19	14	65	8	28
78	85	32	48	45	50	90	46
7	73	85	78	49	3	46	77
13	6	51	72	54	74	80	77
24	82	77	76	44	48	95	27
62	94	97	52	73	25	86	77
52	53	81	91	62	78	27	61
32	51	88	16	96	43	28	10
1	1	1	1	26	30	3	100
97	80	55	48	18	100	75	71
52	99	61	4	44	35	80	80
17	61	75	75	3	21	82	75
92	70	1	57	99	99	99	99
10	10	10	10	91	91	91	91
15	21	71	22	33	12	99	36
8	84	27	70	58	23	58	35
30	35	14	39	69	50	54	62
73	14	87	43	2	67	36	37
55	54	16	9	75	69	37	5
41	72	36	22	33	74	29	98
84	27	37	25	55	36	14	72
37	60	9	61	27	75	89	25
78	80	3	76	91	28	61	31
51	98	15	27	15	27	26	58
67	8	50	70	48	45	45	1
60	22	91	86	41	74	45	4
94	79	93	96	69	16	49	26
71	99	90	7	77	63	82	58
68	83	22	51	46	39	46	84
29	6	26	42	100	57	99	63
72	39	76	89	45	56	86	47
93	79	92	64	13	11	37	44
39	66	17	1	77	9	51	46
56	34	75	96	82	23	67	50
84	57	71	99	7	8	53	24
5	52	25	8	14	43	40	47
8	85	9	99	71	25	72	10
59	92	2	3	33	63	10	85
4	32	22	97	60	26	25	3
41	76	66	92	52	44	52	80
5	83	35	98	93	10	99	14
62	73	98	20	52	40	37	7
91	30	52	37	88	88	79	5
21	98	90	42	80	99	96	90
27	13	61	92	53	32	34	59
17	86	51	59	10	66	100	35
18	34	29	80	16	1	54	96
80	22	38	19	19	88	94	59
94	32	45	74	92	89	59	36
91	38	55	7	22	20	93	23
86	69	21	30	28	18	65	80
57	21	30	91	97	90	18	8
40	27	74	63	88	60	55	86
81	50	64	32	58	58	81	45
9	9	9	9	16	35	63	48
32	80	92	83	54	36	44	48
25	45	94	82	97	25	54	73
86	56	62	71	28	8	56	44
48	20	24	13	96	96	96	96
5	5	5	5	90	90	90	90
18	3	75	35	59	55	81	77
35	19	80	76	1	11	66	46
27	19	20	15	63	38	46	4
95	34	74	47	34	64	40	14
18	40	100	81	21	22	54	64
35	94	83	11	3	12	32	24
88	43	98	22	87	28	6	56
67	2	36	72	98	9	98	48
99	59	63	47	8	55	19	26
47	46	93	17	51	63	22	83
85	28	74	91	25	36	81	13
47	93	63	82	54	23	56	11
43	3	19	67	57	7	37	48
56	77	17	52	91	3	56	21
53	64	98	75	50	36	93	50
26	32	61	12	18	19	10	33
13	7	31	25	94	75	75	100
28	9	2	77	85	45	13	66
77	77	57	80	45	72	30	35
48	91	20	85	38	21	51	33
8	74	47	83	1	28	19	53
10	54	74	62	57	5	33	53
19	64	38	44	20	23	76	28
98	59	60	39	72	24	73	80
93	51	63	98	68	39	63	15
47	21	7	89	19	91	53	57
12	8	79	94	97	88	62	71
77	43	65	38	14	15	15	47
82	77	42	86	95	66	50	67
60	30	87	84	23	89	74	19
48	53	63	86	51	62	4	18
81	34	39	38	97	43	29	23
86	45	98	2	37	34	18	94
79	2	87	46	28	74	47	2
60	70	92	37	78	64	48	65
67	68	85	80	56	39	19	72
76	37	1	68	15	43	74	23
7	20	71	74	38	56	12	2
12	36	74	33	49	8	62	39
11	18	89	94	84	87	27	87
10	10	10	10	25	75	100	31
1	91	37	82	24	69	97	21
73	82	57	45	85	27	1	4
36	8	42	95	33	31	94	40
78	77	57	80	96	96	96	96
1	1	1	1	100	100	100	100
92	80	40	24	70	94	100	33
53	40	20	14	22	41	96	15
53	92	15	58	16	53	23	23
58	32	90	44	49	90	92	25
14	84	70	61	91	14	12	39
16	49	6	39	68	31	42	13
30	20	100	73	56	15	28	1
69	73	58	70	23	50	51	44
99	58	2	11	55	57	12	5
56	72	67	89	51	1	80	11
47	11	20	74	98	60	82	27
25	28	34	9	33	94	30	16
1	76	35	78	50	4	11	7
60	14	82	31	60	42	58	16
13	72	27	26	42	57	38	36
75	96	6	3	28	84	96	67
25	92	16	72	18	51	86	30
49	39	66	96	71	61	20	59
5	42	86	40	90	7	50	2
70	38	15	11	4	99	45	47
3	81	50	70	55	95	59	65
62	61	45	100	30	10	100	80
96	26	32	44	20	86	75	56
95	22	4	51	50	45	17	13
61	17	77	96	42	39	89	33
49	30	35	68	66	33	34	38
66	49	14	95	5	96	69	25
9	45	96	59	61	93	72	46
2	26	67	32	52	53	34	1
33	7	47	30	63	81	80	42
59	68	83	44	38	72	5	65
34	65	79	13	79	8	47	7
38	84	40	80	66	73	23	17
5	58	58	54	15	47	35	71
72	86	25	89	2	20	74	47
24	30	49	52	43	41	76	45
63	15	51	91	64	23	75	56
7	62	99	69	15	13	59	90
57	55	53	68	7	19	12	16
19	83	7	44	53	46	25	75
4	4	4	4	40	95	9	46
5	30	7	41	16	81	69	57
83	87	81	45	75	65	29	11
78	69	13	53	6	75	17	56
58	87	86	16	100	100	100	100
9	9	9	9	97	97	97	97
88	73	46	7	1	79	87	27
42	98	74	88	77	32	80	49
71	91	79	43	64	96	98	22
48	50	23	55	65	32	92	54
85	20	93	1	33	16	39	14
98	17	66	8	56	46	66	23
69	68	59	98	74	7	92	52
27	56	60	43	30	90	70	57
52	69	24	29	82	97	33	26
47	30	91	26	97	19	21	19
2	35	68	24	68	60	49	49
40	8	25	11	76	61	85	93
51	12	29	88	100	18	88	73
2	55	12	12	39	19	20	23
88	65	19	12	13	82	56	45
73	36	19	79	48	14	25	81
68	18	23	91	43	76	14	88
53	9	44	38	22	70	11	73
28	40	90	77	74	86	70	30
25	84	53	71	98	79	55	19
7	76	20	83	48	20	60	100
25	49	59	35	3	53	90	99
36	28	2	19	52	54	63	30
28	22	10	81	40	95	40	19
71	30	15	67	91	17	93	34
69	27	38	96	17	94	27	45
3	74	6	31	59	76	62	84
54	30	79	43	84	27	5	98
81	60	39	45	45	33	94	11
3	61	65	31	22	53	44	15
97	75	39	45	21	73	71	37
24	76	31	27	19	24	60	5
93	94	18	34	65	17	64	39
40	25	74	69	35	32	57	56
62	53	6	88	63	39	66	43
87	47	98	71	33	6	91	92
16	92	100	84	61	63	18	100
83	72	56	7	66	80	95	67
58	12	41	57	78	28	54	27
61	46	13	28	30	66	67	84
10	10	10	10	72	57	18	76
66	20	23	25	53	26	90	48
47	40	78	21	15	48	61	32
42	64	23	22	20	76	88	59
5	4	82	3	92	92	92	92
4	4	4	4	96	96	96	96
70	77	89	33	83	61	64	100
55	8	86	52	17	66	93	7
13	36	36	19	86	3	65	34
81	66	66	3	87	49	46	52
96	7	95	6	80	99	40	34
95	80	46	14	69	86	45	5
8	41	79	78	62	7	98	31
12	18	41	18	34	12	15	57
38	41	90	74	69	70	40	19
75	84	68	20	53	52	91	75
67	37	14	1	15	26	63	92
31	28	29	87	18	78	14	53
3	1	18	39	100	41	71	41
80	32	31	70	5	22	47	92
20	64	7	59	82	71	29	13
30	61	26	54	18	18	13	49
85	81	47	89	3	33	88	97
33	41	4	53	15	6	81	3
90	90	20	79	99	81	97	47
82	81	65	56	13	92	40	5
87	20	58	13	22	77	82	58
67	13	67	99	92	8	34	56
2	55	18	96	86	89	88	62
12	84	42	61	79	86	44	71
3	6	17	40	87	28	38	91
84	37	90	80	90	61	23	68
40	29	59	20	23	52	45	62
28	71	96	64	19	51	6	87
59	84	82	42	74	18	82	43
18	25	2	71	73	66	85	94
55	26	52	59	38	24	88	59
87	94	16	4	52	52	49	53
51	45	71	79	30	48	62	34
60	100	39	46	52	94	61	18
90	81	27	31	29	17	5	21
17	59	84	47	65	84	18	97
25	27	43	42	68	42	25	62
67	15	72	46	97	14	16	57
93	12	69	11	34	89	56	87
95	77	17	32	37	30	76	1
6	6	6	6	43	31	41	44
48	40	28	27	2	100	41	77
30	58	13	28	53	42	46	77
53	26	38	67	70	27	97	93
49	11	78	59	94	94	94	94
2	2	2	2	100	100	100	100
65	77	5	21	23	52	27	84
39	45	37	89	50	12	80	50
24	58	21	16	23	15	33	62
39	27	18	92	28	66	75	43
63	58	31	83	73	100	46	44
28	1	89	62	31	92	16	15
92	29	94	4	92	57	62	74
10	26	85	19	48	31	20	13
56	75	42	8	61	88	17	16
88	8	7	80	6	82	79	48
76	14	96	87	28	39	67	75
71	58	70	58	22	13	80	17
73	27	93	91	39	40	47	82
10	31	83	8	18	41	35	34
44	4	78	99	62	40	57	31
87	64	8	4	36	3	28	73
87	43	82	3	24	88	33	79
20	38	13	30	80	78	42	34
64	58	1	27	15	15	50	87
35	31	94	71	40	4	98	83
80	75	38	77	17	53	19	100
28	31	74	25	26	94	90	23
61	15	19	66	69	28	24	78
63	91	91	10	62	50	52	58
50	46	62	64	61	61	58	72
51	93	45	50	45	17	65	33
63	42	74	82	34	15	68	23
48	42	80	28	17	49	26	5
13	2	41	35	9	97	37	15
62	40	74	97	26	20	15	33
25	86	28	17	33	17	18	31
14	25	57	48	36	90	17	19
19	4	15	50	53	43	16	28
90	52	51	11	25	28	88	70
96	76	2	43	14	30	8	95
89	1	67	51	4	75	38	29
18	77	38	100	49	61	55	88
99	4	25	2	74	72	76	37
44	81	13	90	98	36	20	73
5	50	58	43	99	72	56	8
5	5	5	5	23	35	20	51
22	51	7	25	22	71	31	69
15	10	97	65	54	21	21	20
55	36	49	56	90	46	60	96
10	96	66	62	92	92	92	92
1	1	1	1	100	100	100	100
90	51	90	5	7	48	9	57
67	80	83	96	15	38	36	3
3	64	50	35	63	35	65	12
40	16	22	12	62	53	84	68
91	49	4	48	7	5	75	85
53	95	41	19	8	55	84	11
82	83	49	37	93	51	88	65
50	16	34	30	73	19	44	1
71	82	2	47	97	14	85	33
3	7	95	25	99	8	77	86
28	40	96	93	82	12	71	95
80	73	67	23	46	50	15	65
50	74	52	58	81	63	33	70
79	65	67	24	33	84	20	86
80	66	74	46	90	10	54	95
6	39	85	53	54	80	71	5
68	32	86	33	93	46	66	37
78	74	79	44	15	24	86	99
43	33	62	89	13	8	67	12
86	41	97	77	5	14	36	21
38	10	6	13	83	78	36	53
15	5	81	48	6	26	100	7
40	84	31	72	98	11	93	24
6	100	59	87	76	8	92	99
49	29	87	38	53	77	6	80
79	89	87	100	75	7	95	8
88	45	37	85	79	6	85	97
62	27	83	35	89	80	68	73
78	48	36	61	2	64	45	35
74	61	32	63	32	26	36	1
87	52	1	95	37	85	85	60
60	11	46	74	63	37	47	16
82	8	29	69	75	96	64	73
54	39	52	38	20	19	83	81
11	1	9	34	82	77	89	69
18	20	2	39	93	42	50	84
49	82	56	84	8	90	43	45
40	23	71	9	92	47	13	3
13	20	9	25	40	31	52	54
79	36	2	57	16	50	80	66
4	4	4	4	61	65	7	15
68	65	64	41	2	91	37	54
29	48	12	61	76	96	84	14
39	99	77	28	53	9	82	88
59	47	6	7	92	92	92	92
2	2	2	2	95	95	95	95
34	16	71	78	72	2	96	51
19	46	83	69	23	87	66	37
43	57	14	28	43	42	29	8
67	26	84	61	76	46	13	70
68	87	45	35	5	32	31	15
42	75	22	93	52	81	32	23
86	84	73	80	85	45	84	8
31	31	95	98	47	77	61	26
71	99	71	39	27	32	60	82
6	76	69	28	91	98	70	7
98	37	91	48	39	86	62	69
30	44	40	25	13	60	45	16
16	81	35	62	7	25	84	42
86	95	66	51	93	48	64	7
23	70	1	74	86	47	82	37
90	92	41	24	7	1	56	79
58	79	10	6	99	38	29	95
81	5	6	61	27	11	95	63
45	95	72	1	1	26	36	63
51	81	59	33	37	70	32	63
38	7	30	82	99	31	1	61
84	52	40	69	94	52	17	45
94	84	43	57	11	54	67	35
6	42	18	51	29	20	98	88
52	16	93	58	52	87	29	59
28	39	79	41	85	100	50	7
95	82	70	21	8	86	37	16
47	44	30	85	58	86	90	47
23	73	27	77	8	8	87	85
93	73	87	49	2	36	89	36
35	54	22	9	54	89	28	93
55	74	55	71	49	80	46	67
1	64	91	55	41	27	55	71
40	80	70	64	65	41	23	43
8	63	45	89	5	64	31	56
90	6	37	22	26	63	6	13
5	13	20	78	41	41	47	41
39	61	32	24	34	41	89	96
65	56	21	8	78	25	31	5
62	40	73	93	32	31	80	24
9	9	9	9	17	37	11	68
42	84	69	21	14	45	97	48
60	4	38	18	73	5	52	45
25	48	85	56	74	65	35	55
46	51	91	55	99	99	99	99
7	7	7	7	91	91	91	91
43	44	21	19	73	83	71	63
19	79	81	73	71	47	10	53
44	24	10	69	17	35	50	82
88	76	58	88	91	42	1	7
85	23	79	53	44	86	44	100
53	22	29	25	53	67	32	21
56	1	77	87	69	82	30	13
8	83	58	47	78	79	25	5
88	49	32	48	34	4	58	94
66	57	24	11	8	53	27	51
29	96	47	89	23	39	23	50
49	23	41	89	67	7	49	6
28	76	98	12	36	37	73	19
45	46	71	71	92	2	29	88
31	76	58	11	58	41	61	38
9	17	21	32	94	32	4	84
6	86	57	88	60	38	86	17
50	30	73	60	85	6	27	78
83	41	98	4	95	3	94	85
3	7	78	20	78	35	60	28
70	67	87	62	16	10	22	81
8	69	62	51	20	76	49	49
33	42	73	98	49	41	44	62
90	76	17	52	47	37	3	85
32	51	80	63	66	36	55	26
48	28	94	33	82	6	62	20
49	82	68	56	56	35	65	68
93	50	68	34	100	66	35	98
45	90	28	16	26	55	31	18
89	54	28	12	8	30	88	13
23	69	26	6	24	99	90	88
43	34	54	74	34	36	39	71
83	16	48	48	18	12	49	41
47	57	77	41	29	22	21	92
7	12	77	64	98	45	69	32
72	43	8	34	50	81	50	90
94	68	34	22	94	51	2	30
31	71	34	73	92	4	44	24
21	72	45	73	39	98	60	41
7	61	76	2	83	19	27	99
8	8	8	8	14	2	76	95
10	89	88	23	1	5	36	97
99	96	80	18	51	59	62	14
50	69	97	1	66	16	76	43
38	57	27	42	91	91	91	91
3	3	3	3	90	90	90	90
65	28	25	17	1	30	68	91
95	22	83	62	69	92	80	45
35	83	33	25	22	2	7	47
45	30	52	50	31	39	34	19
15	79	62	47	56	63	95	22
95	39	54	42	74	42	35	71
19	30	27	16	86	8	26	24
58	86	69	61	26	46	82	63
17	91	14	65	8	38	61	29
75	61	39	49	100	91	96	85
62	92	37	57	15	27	20	84
68	55	38	80	58	77	53	8
62	44	75	58	45	60	37	25
71	30	34	59	5	50	63	96
7	85	81	76	9	67	36	100
9	34	46	79	98	28	97	5
32	51	94	92	80	61	88	64
30	62	39	17	70	60	31	88
15	57	79	47	73	32	48	56
23	64	97	87	69	79	92	17
90	69	94	16	60	77	80	73
61	93	90	76	2	70	67	60
60	24	53	47	16	54	78	100
41	2	71	38	45	64	96	86
40	91	89	72	54	68	69	42
98	45	10	41	12	80	37	72
97	49	39	45	26	16	66	96
35	23	80	99	66	8	87	1
12	70	15	49	37	98	53	79
57	91	39	5	40	34	86	50
79	97	41	30	100	20	26	39
68	92	9	2	60	61	16	87
22	13	71	92	11	21	32	100
69	14	63	52	77	13	60	33
21	3	71	83	4	35	13	9
62	7	39	86	52	9	16	24
91	67	92	54	15	58	28	16
54	11	21	7	14	56	56	22
66	28	43	21	51	43	74	50
75	50	15	56	28	87	71	89
7	7	7	7	84	78	15	55
98	17	10	61	91	78	36	90
63	67	98	3	59	57	51	85
44	90	28	74	50	48	9	67
40	46	100	13	97	97	97	97
9	9	9	9	99	99	99	99
48	63	24	27	72	80	13	32
78	70	13	76	47	45	92	46
12	11	95	12	68	46	56	27
71	49	12	11	38	69	35	27
4	78	81	54	82	83	37	2
81	77	74	46	24	25	46	77
48	3	24	50	32	81	73	85
75	66	82	16	66	5	60	5
33	17	22	94	6	70	84	54
1	49	4	67	53	47	31	57
32	47	85	70	77	77	12	84
84	50	33	4	96	14	59	44
32	63	57	68	17	92	85	43
93	28	57	85	85	36	84	31
1	97	82	4	70	3	10	61
88	70	22	80	31	84	26	97
54	56	41	41	15	53	45	52
26	25	54	66	24	81	22	91
53	45	23	31	17	37	12	47
87	22	90	31	88	80	12	5
89	21	95	14	85	64	98	58
60	13	38	20	21	28	67	6
18	63	40	69	54	82	92	41
95	21	24	96	40	90	13	94
5	99	49	46	39	33	4	6
60	43	30	83	78	45	7	70
93	63	84	76	88	44	100	87
56	89	14	32	84	87	54	69
51	39	4	4	36	62	38	5
86	54	39	38	63	75	40	90
42	28	6	79	9	83	27	27
55	93	18	20	69	73	58	87
19	72	58	81	51	44	19	78
44	1	50	28	83	32	27	89
86	72	14	5	61	70	36	6
29	86	28	71	56	27	80	98
8	9	27	83	79	86	44	41
93	33	53	85	33	95	26	58
6	48	49	22	54	46	90	27
90	84	60	26	39	84	5	65
5	5	5	5	47	72	49	80
72	27	22	87	29	75	43	7
4	20	33	13	50	7	42	30
78	45	72	98	19	76	9	65
7	4	20	84	99	99	99	99
7	7	7	7	99	99	99	99
57	65	87	7	22	90	92	14
95	58	91	68	21	7	79	35
85	60	18	81	58	57	31	15
6	69	34	2	2	37	57	93
34	60	81	36	76	66	20	11
28	23	76	73	50	46	7	30
3	73	13	47	42	18	62	26
42	21	29	25	65	56	92	100
46	21	97	47	1	73	96	12
36	50	37	19	52	46	81	49
95	51	83	55	12	64	55	51
2	33	46	56	21	76	29	6
14	9	65	39	81	77	46	45
4	94	20	38	6	72	21	14
27	45	30	56	66	90	70	75
91	98	72	86	8	32	17	93
100	11	96	13	82	76	43	80
99	33	53	72	25	13	37	100
12	80	43	64	51	41	24	5
1	89	6	11	30	24	4	69
34	15	25	30	100	14	78	61
58	78	9	87	51	13	21	55
2	52	8	50	4	5	58	80
85	8	44	47	40	11	2	45
63	59	83	63	95	23	29	69
1	2	72	68	14	33	86	3
67	84	7	60	47	62	23	23
59	36	93	20	45	93	23	23
87	64	60	20	63	38	99	38
32	77	68	5	37	44	19	85
45	67	61	84	61	51	83	31
5	33	96	99	29	42	60	35
50	50	21	15	13	52	81	9
42	21	8	95	34	90	59	58
27	23	36	16	75	59	97	84
19	32	71	39	11	74	84	97
76	92	26	56	81	2	63	72
73	33	89	47	62	14	29	48
86	19	63	39	18	97	70	88
98	74	79	84	20	90	77	91
7	7	7	7	40	32	97	80
23	71	60	32	48	5	27	55
83	70	98	32	55	78	38	1
54	83	10	35	77	36	19	76
50	54	7	96	97	97	97	97
1	1	1	1	92	92	92	92
78	4	29	89	31	81	46	50
41	80	65	15	29	88	77	67
90	100	92	94	31	74	34	5
72	4	6	52	69	99	69	94
36	9	9	15	9	76	16	58
28	100	91	37	77	95	40	18
72	29	84	24	2	67	8	95
14	8	16	52	73	98	13	58
60	51	51	23	97	74	80	70
5	54	69	84	85	41	10	69
54	85	32	88	60	48	89	21
94	88	100	75	24	21	77	26
81	89	2	9	24	57	86	78
25	66	36	95	92	98	25	93
63	77	12	13	39	70	57	45
19	8	4	85	97	91	7	99
35	14	22	13	26	50	36	42
86	73	15	40	88	39	57	15
40	55	91	99	49	21	17	29
41	53	32	50	50	74	69	25
97	52	82	18	83	29	17	88
83	43	45	35	23	79	53	94
54	10	81	34	65	78	48	52
62	27	64	22	53	59	25	63
52	89	80	37	55	95	51	8
85	80	47	13	18	92	15	52
73	4	30	59	6	53	64	46
29	44	62	44	28	83	78	6
88	75	37	29	90	12	37	11
6	6	39	2	71	38	50	72
62	22	3	81	27	64	58	22
21	32	15	3	38	18	33	79
35	99	42	54	61	77	79	34
39	21	44	70	1	86	77	95
78	38	24	42	81	66	34	85
77	78	50	17	6	61	13	2
26	76	60	47	7	29	21	63
82	21	44	8	19	66	48	33
87	45	53	31	12	96	64	38
49	82	62	83	13	53	74	89
8	8	8	8	88	100	70	11
45	66	90	88	70	83	51	14
1	37	43	89	38	21	16	39
3	45	58	82	91	91	27	95
80	6	10	18	98	98	98	98
5	5	5	5	93	93	93	93
100	30	61	21	94	29	84	69
70	84	76	66	54	72	41	66
20	67	52	98	21	68	98	25
47	5	83	32	71	16	19	99
91	64	24	83	73	16	59	47
22	21	66	5	68	69	67	12
79	2	40	43	26	17	20	27
94	52	9	51	92	47	69	22
42	98	85	45	57	67	58	59
12	72	90	89	61	97	58	32
14	74	87	95	12	39	93	65
39	50	25	58	81	70	47	66
48	83	12	97	54	54	28	3
42	37	61	88	96	62	38	96
39	73	73	99	79	81	53	67
57	41	94	20	12	32	4	57
2	26	43	83	60	68	96	100
69	1	44	34	86	20	6	29
41	11	56	25	60	14	65	79
10	29	43	96	84	53	55	55
14	16	96	36	52	41	39	5
89	54	43	10	26	28	85	76
15	84	33	45	22	53	41	62
12	32	78	27	77	94	29	88
29	87	96	27	81	19	33	22
13	16	8	99	89	97	96	35
98	37	27	35	57	36	72	87
69	35	70	69	85	16	97	71
2	44	17	2	69	82	53	44
28	6	5	69	19	18	79	77
81	31	54	43	9	30	9	16
13	64	91	47	41	34	90	54
69	10	60	91	7	65	93	2
27	12	49	63	31	69	42	64
16	46	61	35	68	41	59	73
37	16	17	43	36	78	57	47
58	50	6	68	43	17	38	40
58	89	1	69	34	27	62	7
83	71	69	57	77	72	69	95
93	98	76	10	68	5	74	76
9	9	9	9	37	70	8	82
77	11	18	20	30	46	26	74
63	25	50	64	6	19	31	60
32	24	89	48	98	89	1	22
57	2	86	53	96	96	96	96
3	3	3	3	91	91	91	91
62	92	4	16	68	1	42	44
18	60	69	41	9	69	71	24
20	96	26	65	49	63	56	77
23	67	71	85	73	75	75	47
85	61	55	82	6	89	100	62
46	82	9	90	37	56	94	86
47	6	32	1	55	98	22	89
55	30	41	70	75	22	32	96
98	91	100	34	37	85	67	18
48	49	59	55	64	37	41	46
41	93	68	32	29	44	97	12
52	18	3	91	78	12	4	36
5	43	52	69	66	85	46	67
93	71	98	92	17	3	48	8
94	90	87	87	84	95	70	89
85	52	67	68	17	21	82	46
6	33	85	61	55	42	97	68
50	87	72	37	91	58	26	55
83	74	98	1	23	23	23	16
49	76	27	63	7	67	69	41
9	38	92	55	79	79	32	25
11	50	1	55	83	58	17	31
18	17	52	71	38	19	92	13
64	100	88	38	94	35	76	59
22	12	49	70	37	63	14	70
17	40	70	53	34	41	45	33
22	73	61	18	67	86	21	70
66	45	15	66	69	28	54	9
37	84	57	98	26	44	44	56
62	31	27	87	48	11	53	78
92	58	51	37	30	45	75	6
50	6	16	6	69	5	71	42
65	68	12	17	56	68	15	43
6	90	35	14	16	4	49	31
64	74	88	80	60	55	78	69
26	70	3	98	37	38	92	68
10	94	53	38	21	24	51	85
24	80	54	97	75	41	50	12
25	14	44	78	92	100	81	41
11	1	38	6	22	88	56	80
2	2	2	2	51	46	58	60
6	68	86	19	60	15	13	53
75	71	11	16	72	41	98	89
26	53	68	44	20	60	22	16
31	61	73	32	92	92	92	92
2	2	2	2	98	98	98	98
26	82	55	69	37	82	66	89
71	35	65	24	22	12	4	79
88	60	10	9	50	79	28	11
86	12	4	75	55	89	2	74
83	55	97	87	37	42	32	92
42	68	45	93	99	100	15	80
54	79	49	63	97	37	13	66
7	50	28	26	38	74	34	6
52	97	98	10	67	6	40	96
68	39	80	9	16	48	93	8
82	31	84	65	26	69	24	83
51	99	70	93	44	22	53	75
36	50	43	30	5	100	17	14
48	38	86	86	92	98	52	27
21	20	55	62	19	47	90	7
74	21	83	90	24	41	2	31
87	3	61	71	13	62	84	38
56	72	54	64	23	89	52	44
63	88	33	87	42	75	40	81
6	13	97	62	19	43	98	59
7	95	58	94	73	70	27	6
50	1	24	58	32	12	58	25
49	21	96	73	9	68	49	29
79	100	61	85	48	80	87	28
67	30	72	70	4	33	16	23
72	99	68	20	61	4	94	36
46	22	29	48	42	53	71	80
1	53	75	39	76	79	24	30
37	33	5	17	87	6	20	54
59	74	91	64	45	87	67	34
18	8	19	4	70	54	67	21
84	100	29	80	28	84	8	65
57	73	1	47	81	40	68	13
23	98	15	34	76	90	61	21
14	45	73	51	36	6	11	23
16	46	23	15	80	59	93	93
87	11	84	25	36	54	89	32
83	9	44	79	11	74	97	37
68	16	95	4	23	3	89	100
12	46	65	18	8	33	27	88
6	6	6	6	23	60	28	66
1	56	6	60	14	8	64	88
81	61	100	57	30	68	44	88
52	5	38	63	76	11	53	48
51	84	30	83	95	95	95	95
10	10	10	10	90	90	90	90
91	47	74	65	55	2	13	34
1	67	34	48	7	70	20	97
98	38	99	92	68	58	43	93
70	58	18	89	45	33	58	53
86	52	2	18	93	32	11	11
99	3	47	71	26	69	76	33
42	24	39	60	51	83	42	20
86	12	2	57	65	80	37	58
57	39	61	22	82	56	95	62
36	66	54	97	54	29	22	85
28	82	73	71	15	88	96	75
21	99	16	33	28	76	78	30
70	66	87	29	60	43	97	60
71	16	94	64	95	23	7	81
7	33	14	2	88	79	33	56
53	56	84	83	78	63	6	51
54	80	95	96	99	66	95	28
10	52	25	73	23	83	41	76
47	49	94	96	38	76	8	6
8	76	17	51	43	19	87	56
100	95	53	64	100	25	36	79
98	48	75	69	63	22	66	73
83	26	45	23	51	33	23	80
24	73	76	83	65	94	30	38
53	54	30	1	5	77	72	15
51	77	54	28	17	47	51	89
1	78	85	55	65	99	27	39
66	51	73	43	66	64	81	2
72	97	7	41	65	53	30	9
43	93	22	53	35	56	27	28
13	33	65	80	84	16	40	90
13	44	54	51	91	79	22	9
4	39	94	31	46	11	40	29
24	63	40	98	99	97	19	15
30	68	12	35	34	61	16	96
20	91	69	56	1	74	56	14
99	98	20	73	57	36	14	75
97	75	94	63	13	89	31	32
44	61	11	50	31	37	100	55
14	48	74	85	57	45	86	60
4	4	4	4	13	70	91	1
8	68	9	48	51	8	18	32
49	31	70	18	97	9	94	55
83	52	44	61	40	22	35	15
65	50	63	27	92	92	92	92
2	2	2	2	94	94	94	94
70	20	32	11	93	80	52	51
57	37	87	17	29	44	2	87
41	14	93	54	74	56	75	9
30	64	54	57	44	73	35	59
86	44	93	23	52	69	77	26
82	23	4	46	75	53	25	76
59	12	12	52	54	57	19	25
32	94	16	87	69	57	84	49
27	90	19	2	17	78	90	19
2	100	59	98	10	17	68	92
36	81	96	17	5	71	33	57
11	68	1	76	16	94	45	23
65	8	73	21	60	85	17	92
28	31	90	86	60	53	73	22
4	27	65	33	70	96	89	61
53	65	57	47	73	83	16	73
37	42	48	17	78	36	85	35
73	69	78	20	90	59	6	58
52	53	27	99	41	52	37	58
77	7	91	49	80	47	21	26
27	52	82	48	52	4	80	73
1	73	32	12	35	62	18	69
76	87	1	16	44	53	81	20
89	98	69	98	13	70	66	56
62	40	100	22	85	88	77	38
70	84	16	69	56	100	7	21
37	45	58	43	85	39	84	83
95	49	12	93	93	91	29	93
62	86	28	7	18	88	72	80
6	63	26	35	68	13	39	8
50	1	92	4	77	62	38	47
24	83	38	19	62	16	38	18
15	11	48	82	1	71	17	13
65	51	63	27	24	13	89	4
80	93	14	56	94	64	26	15
9	96	71	24	34	30	72	3
46	74	2	11	95	8	1	65
80	12	39	33	79	68	46	52
80	28	10	16	66	38	97	50
97	14	53	78	57	63	78	33
10	10	10	10	62	51	21	54
2	48	56	81	70	93	21	50
55	40	28	99	67	81	67	51
3	12	46	1	12	54	55	11
56	27	29	78	93	93	93	93
4	4	4	4	97	97	97	97
66	85	74	71	45	6	2	25
95	31	76	20	14	70	31	60
20	75	16	20	16	97	15	63
12	61	6	4	21	85	76	63
39	60	52	99	7	60	68	47
43	31	62	38	77	56	31	76
57	37	28	85	16	77	14	82
44	28	88	20	73	7	80	68
56	95	81	56	38	63	97	95
50	33	79	25	2	69	95	14
74	18	94	81	58	94	20	13
94	61	65	100	47	48	66	5
88	61	66	71	65	36	54	15
8	63	42	23	1	48	49	3
59	70	87	90	82	96	67	68
2	4	66	26	39	99	38	13
41	85	77	81	16	69	4	74
89	58	84	90	67	2	11	1
78	53	94	21	91	84	46	78
21	1	56	97	68	65	40	29
84	63	46	31	15	75	15	75
47	75	89	62	83	42	3	94
93	77	21	42	56	73	31	99
24	56	19	96	17	95	79	97
96	7	95	78	13	82	65	33
60	69	4	27	81	39	85	4
81	28	95	7	46	80	53	38
45	21	43	6	80	44	64	68
97	26	64	30	66	73	62	38
55	23	77	93	39	19	10	92
61	84	21	23	19	29	4	53
93	1	65	50	67	52	71	7
38	26	8	95	74	33	98	5
11	98	44	91	95	10	22	71
46	4	74	4	32	49	62	77
42	55	93	62	42	6	79	97
25	44	51	71	71	52	38	3
92	1	32	71	7	91	14	53
53	37	57	12	81	30	85	9
12	86	93	6	51	8	81	44
8	8	8	8	89	3	59	79
61	66	91	21	48	40	12	75
2	72	24	61	33	87	66	99
37	54	45	93	87	37	28	10
52	94	45	11	99	99	99	99
10	10	10	10	90	90	90	90
93	42	35	24	43	51	35	68
66	48	43	97	80	55	46	50
46	74	95	51	95	78	92	39
31	2	50	87	100	60	54	56
70	91	59	32	51	36	5	47
83	55	47	20	78	44	100	90
1	39	39	17	79	14	86	61
14	55	79	13	43	22	94	34
36	46	94	14	78	59	29	5
57	35	3	81	72	55	17	32
97	26	60	36	46	63	58	60
82	31	62	10	100	16	52	74
94	27	20	83	54	10	98	13
51	3	91	92	41	89	94	60
20	57	57	30	98	45	78	42
26	33	99	11	14	9	47	53
3	71	68	12	87	71	80	86
59	55	50	79	28	79	79	57
14	15	11	9	97	17	94	4
1	89	9	11	98	91	4	54
47	15	9	100	4	21	29	82
66	23	27	97	34	68	44	18
76	29	41	43	22	71	42	77
11	69	100	26	73	35	18	25
32	37	96	2	18	45	86	9
73	13	28	75	88	64	73	59
7	40	15	57	43	5	92	8
21	26	44	15	59	30	57	34
12	38	64	38	27	37	87	95
59	42	7	60	29	41	39	13
74	17	84	92	12	40	42	40
40	60	76	36	93	23	58	82
5	27	11	41	15	38	18	75
10	71	22	68	46	59	4	43
41	87	96	94	10	36	48	56
83	13	14	3	91	15	22	1
80	19	25	23	100	23	5	2
30	16	17	8	84	16	91	63
16	38	88	78	12	59	89	42
94	13	29	18	76	63	26	22
7	7	7	7	60	29	50	22
92	95	26	90	8	49	45	73
78	32	22	30	15	52	16	15
62	25	83	45	74	79	70	34
36	17	89	67	97	97	97	97
5	5	5	5	97	97	97	97
20	72	59	84	55	22	100	44
46	36	44	31	79	96	19	87
91	27	87	3	14	8	68	88
53	92	58	13	27	92	13	97
93	42	21	56	24	68	67	29
83	19	10	36	98	12	100	32
73	40	25	98	74	34	10	98
50	76	97	20	69	55	66	24
19	37	43	66	16	22	27	82
59	42	17	21	28	90	75	12
13	12	12	93	87	77	45	54
47	56	22	56	68	46	59	35
23	28	89	85	25	2	95	44
86	88	9	50	28	94	77	95
81	16	24	8	78	19	87	89
48	94	57	83	75	40	93	96
50	6	37	62	79	27	25	3
56	54	78	49	6	80	70	16
18	59	68	58	50	66	99	45
84	65	55	100	14	3	81	53
52	95	38	59	36	54	85	16
38	22	81	18	65	1	88	57
94	10	95	26	34	5	64	10
22	86	9	67	92	64	39	41
14	42	14	43	99	60	9	10
3	79	13	84	2	18	90	25
66	23	50	76	35	54	20	44
69	5	95	49	13	86	59	15
10	6	79	49	2	71	86	96
77	73	79	39	29	54	54	82
34	4	74	95	74	34	81	69
94	4	57	14	29	16	74	99
39	36	82	83	37	34	53	9
44	15	47	58	5	27	14	80
10	86	43	71	37	47	51	36
21	54	14	78	38	78	20	97
9	56	26	78	27	3	43	78
33	23	96	63	17	58	71	17
91	12	10	3	67	84	91	96
94	1	66	37	92	69	12	11
6	6	6	6	88	26	1	97
27	100	94	14	53	96	24	23
89	17	20	33	83	100	40	57
14	94	50	44	13	12	27	5
83	8	79	23	94	94	94	94
6	6	6	6	98	98	98	98
5	25	25	47	77	69	27	28
94	60	61	96	98	54	6	27
72	24	11	76	97	92	69	58
50	96	34	51	72	74	94	58
88	85	77	64	31	35	59	75
100	54	79	49	79	77	76	18
39	88	5	1	38	52	82	66
16	84	68	7	78	19	34	41
100	7	71	54	91	78	52	39
95	42	43	7	36	12	29	91
11	3	34	14	23	56	65	73
59	38	94	21	38	9	32	81
98	47	40	83	17	37	28	97
72	61	16	54	20	60	99	82
40	90	31	17	50	92	13	59
91	45	10	95	36	86	90	20
27	32	21	87	19	21	41	71
41	6	76	62	11	4	65	32
96	69	1	44	19	36	22	11
13	33	28	6	17	63	2	3
20	64	4	75	75	45	14	25
34	40	82	47	7	52	72	66
64	83	94	45	100	39	28	64
85	23	78	34	2	41	97	66
93	88	92	16	20	52	90	71
81	82	89	83	46	15	57	15
99	12	57	72	59	86	38	66
52	87	72	9	58	80	25	42
2	28	39	24	64	4	3	71
77	84	58	44	87	62	40	40
39	94	53	61	80	53	84	94
2	43	14	48	85	4	24	78
7	28	63	84	74	24	30	93
29	81	42	82	75	90	77	43
44	35	89	24	46	69	66	23
36	9	71	24	41	51	72	49
27	26	85	48	29	98	10	56
64	25	38	93	43	29	77	36
65	19	95	70	8	38	11	98
13	16	48	81	26	57	75	82
5	5	5	5	52	3	34	24
21	30	41	51	9	41	7	25
93	30	57	5	33	13	6	83
82	26	9	58	2	49	14	47
95	71	1	78	91	91	91	91
8	8	8	8	93	93	93	93
84	14	14	37	95	6	81	22
31	64	48	15	93	68	59	49
3	61	12	38	91	89	89	3
26	100	73	19	96	11	42	24
20	98	27	78	93	8	28	65
71	3	12	6	42	18	89	6
36	62	99	87	89	55	98	55
89	10	21	55	15	45	64	10
41	75	10	52	72	28	91	73
21	22	80	1	33	49	72	57
79	66	14	75	51	82	13	41
98	49	64	7	51	83	40	24
20	100	26	90	8	13	22	19
59	71	55	34	61	92	13	87
37	61	46	86	38	26	69	17
12	76	90	45	59	45	21	82
17	88	34	20	2	78	60	84
56	84	22	70	28	18	69	67
27	73	79	61	55	11	16	77
67	16	95	60	54	33	54	78
72	7	51	17	11	98	74	71
9	15	100	11	20	64	67	85
16	56	29	66	24	28	46	42
58	58	57	84	25	45	13	34
11	5	22	71	6	79	44	6
91	54	32	31	51	7	29	26
38	100	100	24	44	3	47	59
11	95	60	76	26	10	95	67
44	49	37	93	86	27	46	30
58	36	91	70	42	64	65	64
86	22	97	64	49	86	37	79
74	27	43	65	93	10	22	14
58	61	100	65	87	34	7	46
57	87	65	91	93	93	34	87
43	37	53	93	36	8	27	76
25	55	85	52	23	65	58	13
1	73	26	75	90	20	36	67
24	53	68	81	6	11	69	8
88	40	1	17	85	23	12	87
57	76	28	100	99	31	33	91
3	3	3	3	59	88	33	95
70	65	40	28	11	56	83	21
23	53	87	27	30	54	59	52
90	22	11	61	88	16	84	68
77	68	75	90	99	99	99	99
5	5	5	5	98	98	98	98
23	6	85	79	84	90	79	59
41	71	6	21	59	98	15	5
33	54	55	28	52	47	28	40
51	84	52	19	44	68	45	63
91	6	27	25	36	81	40	1
50	47	37	13	98	46	16	73
71	60	79	32	46	7	98	59
7	49	73	9	99	33	67	19
69	46	87	18	99	94	44	23
4	47	11	65	47	31	77	99
40	15	48	49	73	93	89	16
96	82	1	100	38	9	45	26
58	33	41	52	7	94	60	100
27	78	52	72	48	5	11	13
83	6	65	71	20	46	35	23
54	68	16	100	71	16	56	27
25	73	81	59	50	70	20	67
64	89	7	18	71	88	79	64
82	19	67	39	32	24	35	75
51	61	98	85	70	80	11	22
8	43	20	88	49	97	100	40
82	27	14	44	64	97	26	81
67	94	14	98	80	26	19	100
67	67	44	90	17	28	84	57
57	11	55	82	39	48	86	52
18	62	5	99	49	99	61	60
9	62	12	39	70	23	13	70
17	51	74	95	96	31	92	57
22	4	75	66	20	41	42	53
44	60	100	36	32	38	91	72
59	48	67	23	69	52	17	95
100	96	98	84	7	42	81	90
60	87	86	75	63	63	34	28
35	99	84	62	9	4	31	39
93	2	97	46	94	30	42	78
55	3	70	21	3	80	39	46
56	39	19	66	61	30	32	77
87	45	54	26	16	31	1	52
83	4	17	56	50	34	44	96
17	86	83	50	91	13	75	10
3	3	3	3	62	92	78	26
39	43	24	24	13	81	75	72
58	58	63	76	58	26	70	78
93	85	54	49	51	47	40	43
73	18	40	14	92	92	92	92
9	9	9	9	100	100	100	100
55	13	9	79	99	9	53	96
6	6	97	64	32	42	34	95
87	5	40	11	88	23	49	34
8	11	61	13	62	71	60	94
43	37	62	96	94	4	27	42
37	17	28	100	76	87	99	98
68	39	20	81	93	83	65	4
28	66	43	100	12	66	52	1
65	93	77	52	42	34	80	46
97	15	38	81	55	93	21	15
36	56	88	67	98	79	2	90
13	7	32	63	75	93	58	36
75	27	65	45	90	42	91	44
87	95	33	33	85	25	29	51
78	47	26	76	37	5	81	35
6	45	96	77	19	69	63	32
11	26	93	72	4	38	25	1
73	8	7	58	4	55	93	64
38	30	86	70	20	79	96	12
58	93	40	98	30	89	76	57
71	62	87	59	29	40	11	4
71	63	91	54	35	14	56	88
53	51	64	70	25	83	80	20
76	60	33	62	79	52	69	95
79	35	20	50	80	16	12	4
52	11	67	54	57	91	60	9
17	30	74	17	72	29	65	71
1	69	95	43	23	3	62	67
52	66	25	33	28	98	20	100
30	17	4	87	47	32	84	46
9	6	89	28	74	100	7	40
5	82	40	14	89	16	84	18
82	98	42	95	55	32	28	18
74	4	74	80	27	86	45	86
13	48	71	44	1	85	70	34
69	67	45	13	26	86	43	82
69	81	46	5	16	35	42	58
99	45	17	81	43	22	13	21
33	47	6	97	3	88	91	92
40	5	4	9	59	100	39	97
4	4	4	4	53	96	91	33
98	63	46	100	84	43	17	13
49	91	69	58	17	28	57	72
75	29	40	45	54	81	47	97
72	27	44	86	96	96	96	96
1	1	1	1	91	91	91	91
97	95	98	100	99	41	5	5
30	3	66	54	91	25	12	34
59	65	27	61	75	54	47	48
64	62	40	61	72	71	51	42
85	51	86	88	61	57	8	65
82	40	35	48	76	92	84	61
22	52	11	94	24	62	81	68
83	50	28	9	15	88	89	96
20	83	81	79	22	16	71	49
14	52	55	84	68	36	48	70
34	77	6	22	24	16	91	34
9	42	43	71	44	100	9	72
57	49	92	66	83	46	25	23
78	2	99	41	40	98	10	49
79	92	58	79	1	98	89	71
19	82	25	2	59	21	98	17
7	99	40	22	10	76	4	26
23	22	28	86	49	98	66	72
27	88	75	93	15	61	96	1
30	83	92	76	96	99	35	78
23	89	45	22	83	2	91	70
33	33	61	16	78	70	60	14
67	20	48	19	7	79	94	24
35	68	16	52	29	15	8	35
39	67	95	23	43	64	64	55
34	92	15	1	74	30	40	49
10	38	75	49	4	65	13	92
100	38	65	31	99	14	79	25
55	88	30	11	42	5	87	72
55	15	15	27	53	24	51	93
12	50	71	99	41	97	56	3
79	46	44	2	28	28	82	65
42	8	46	41	4	68	61	38
16	30	82	30	45	79	6	13
67	69	62	61	90	42	74	32
98	16	34	99	37	53	6	100
14	82	26	34	100	15	9	71
4	61	29	48	1	57	11	21
69	66	39	92	20	45	99	94
15	74	24	62	50	29	85	68
5	5	5	5	32	78	15	62
76	2	89	87	92	31	76	81
72	64	47	65	55	77	25	34
77	19	55	60	55	50	55	76
68	82	18	92	97	97	97	97
4	4	4	4	91	91	91	91
78	66	23	57	37	93	97	99
65	61	91	63	49	4	75	78
20	72	30	99	51	60	12	75
36	41	32	6	51	34	63	97
59	93	90	43	88	84	38	95
66	6	7	22	99	86	36	18
100	17	13	80	64	96	48	46
62	65	12	33	38	61	93	25
32	33	54	73	2	53	2	80
13	86	84	26	99	66	14	45
89	69	89	75	55	74	98	11
89	80	63	90	66	14	48	69
88	36	39	61	1	61	81	59
98	17	78	90	65	58	72	7
49	54	58	78	20	92	82	53
35	92	32	52	18	96	18	63
26	99	48	4	8	25	14	53
72	30	7	15	71	40	74	9
29	96	3	80	17	32	22	63
53	29	98	15	32	21	64	99
54	23	93	85	10	82	95	96
44	95	86	9	41	41	14	79
97	95	34	20	88	13	63	2
59	47	90	7	55	78	89	28
67	65	48	9	66	93	66	66
58	25	35	91	50	95	42	39
64	36	27	27	91	72	81	75
66	32	42	32	15	15	82	85
67	59	16	51	16	87	66	95
34	61	70	38	2	88	28	41
26	68	35	38	67	50	85	89
38	78	63	31	12	86	55	5
83	2	77	23	48	39	50	90
68	51	62	30	47	2	46	32
54	71	24	38	33	64	59	9
22	48	89	43	93	44	37	31
73	32	13	58	5	42	17	7
63	55	34	20	22	66	50	38
48	52	87	3	41	3	20	78
98	98	51	67	21	51	79	10
8	8	8	8	96	63	34	85
88	74	72	93	79	40	49	98
96	42	21	8	88	34	39	88
70	99	10	6	27	6	64	17
63	75	58	28	100	100	100	100
8	8	8	8	91	91	91	91
57	82	27	79	49	11	64	92
2	19	36	35	61	59	35	10
77	22	64	43	43	34	81	71
23	20	75	82	34	33	45	3
67	90	89	27	8	75	71	10
84	35	98	53	79	26	6	54
78	95	28	64	40	50	44	41
17	39	66	88	99	83	38	99
10	82	22	46	65	24	2	75
77	55	3	9	5	56	74	58
44	30	3	43	77	35	7	72
34	62	18	32	22	87	16	11
14	57	97	94	41	30	60	61
93	63	78	83	16	30	2	71
45	92	73	92	53	61	21	7
80	100	75	38	53	28	33	69
3	66	17	18	88	65	40	93
51	97	50	66	6	39	37	37
91	76	44	58	70	18	34	52
40	57	58	8	9	51	67	41
71	92	16	14	19	99	100	70
93	66	95	4	6	96	29	86
60	95	73	20	98	9	49	13
100	14	76	37	12	58	58	73
84	89	80	65	97	73	21	35
94	44	18	78	24	1	29	42
19	94	88	37	49	20	37	27
20	88	6	54	73	7	38	68
87	44	82	60	40	30	1	52
55	4	44	66	54	12	37	48
29	13	65	10	67	44	90	6
42	29	34	19	29	59	8	16
6	27	9	82	57	40	37	90
98	6	45	73	66	74	60	11
18	61	60	21	30	59	20	70
31	90	46	77	2	39	45	31
57	17	16	83	40	76	7	39
96	91	98	84	91	42	83	92
100	47	37	96	51	56	66	46
75	27	40	46	20	69	43	87
7	7	7	7	99	70	61	38
100	5	100	18	97	56	5	24
6	15	62	49	95	45	72	59
68	95	35	22	87	100	3	44
91	41	89	50	100	100	100	100
10	10	10	10	97	97	97	97
50	47	9	62	66	35	43	16
4	33	37	5	5	100	71	92
39	71	100	30	93	23	69	52
85	18	26	8	48	75	94	48
75	16	21	27	73	79	43	6
65	18	84	8	67	29	37	52
33	50	81	88	80	31	47	22
84	60	67	15	31	94	74	96
33	82	59	26	47	56	34	83
60	41	78	44	28	41	87	72
55	69	72	2	61	36	60	46
66	66	36	93	33	45	42	81
96	10	70	29	57	83	88	26
87	99	78	68	64	25	75	29
5	2	90	59	17	89	79	78
91	27	67	98	20	10	23	98
79	3	87	23	95	87	9	43
6	49	33	79	52	7	53	54
76	81	97	50	70	1	53	13
28	84	44	32	7	41	53	43
70	57	40	18	33	36	3	99
24	13	95	21	88	12	99	74
88	1	69	89	76	87	42	100
76	63	49	96	39	5	14	5
99	15	10	91	45	54	70	86
35	39	81	84	19	4	100	78
21	76	91	37	62	58	32	9
26	88	68	73	99	26	12	14
32	17	13	15	7	35	80	25
10	36	37	89	25	29	54	37
7	14	40	31	67	49	30	30
83	49	77	44	90	27	25	19
32	54	97	73	3	100	49	73
1	19	22	28	16	4	45	85
2	87	63	39	47	69	10	24
95	4	5	36	91	54	81	41
22	59	64	35	55	42	71	83
13	47	41	91	61	9	72	92
40	11	66	54	9	6	96	70
60	30	91	21	11	66	74	9
7	7	7	7	99	80	93	85
27	23	78	60	65	60	90	65
30	71	57	81	3	94	78	100
30	38	41	47	73	63	59	44
99	79	15	34	91	91	91	91
6	6	6	6	93	93	93	93
58	50	72	82	63	96	21	65
46	55	66	93	41	30	81	78
29	6	74	2	95	100	22	93
85	30	79	1	44	83	46	45
97	53	34	65	54	36	90	86
75	68	10	54	85	88	23	56
93	16	11	11	7	97	11	40
70	86	64	70	42	83	87	85
42	59	83	64	44	45	81	9
2	73	72	30	88	19	41	38
35	21	100	90	90	26	9	35
55	100	40	29	13	70	69	54
70	74	63	21	99	48	48	98
41	18	49	11	74	95	7	27
17	10	43	20	95	38	21	67
68	60	33	89	50	85	10	22
84	23	95	35	32	50	39	73
64	31	81	16	27	96	57	19
91	84	64	80	27	3	56	99
61	82	78	86	62	6	45	73
67	97	95	16	74	25	68	72
31	8	8	75	95	90	44	3
10	52	18	55	57	40	88	50
92	93	2	20	43	27	47	22
52	34	27	29	40	71	83	27
50	21	21	97	85	39	89	36
67	57	64	63	51	13	71	30
64	93	29	76	3	25	25	80
76	80	43	22	21	75	20	42
21	52	30	92	50	51	13	22
21	15	66	48	65	42	59	72
81	15	4	11	17	76	37	28
24	44	55	42	33	31	84	64
65	82	67	13	40	62	93	82
80	35	12	45	6	89	34	16
19	38	16	29	31	35	46	20
79	78	45	75	41	60	88	49
64	63	15	52	79	82	38	87
53	22	2	42	77	94	6	9
99	33	58	10	34	5	3	55
9	9	9	9	27	81	45	75
89	5	50	12	34	57	92	88
18	4	70	42	9	12	55	5
52	38	74	21	34	10	45	63
99	24	17	83	99	99	99	99
3	3	3	3	93	93	93	93
43	2	65	66	76	78	39	92
84	34	2	56	91	16	74	66
71	93	98	59	49	64	28	57
53	68	82	89	40	72	69	99
16	89	67	37	90	14	36	43
78	97	99	98	35	10	12	63
26	55	63	73	22	56	20	38
48	46	19	87	97	8	3	47
34	24	50	80	16	18	54	89
92	66	62	5	3	33	61	72
31	90	32	94	39	12	46	71
68	49	11	18	76	45	74	5
88	62	73	97	99	81	83	97
10	78	64	21	52	11	49	8
52	90	55	49	39	46	82	8
57	73	66	20	41	89	79	79
95	47	6	90	97	57	57	23
67	44	33	47	30	13	94	57
74	67	74	44	22	80	56	40
94	71	17	95	66	84	19	89
9	71	44	43	51	62	40	93
15	17	19	48	68	93	70	58
12	73	16	37	11	95	55	61
74	100	2	43	26	94	79	72
57	28	20	92	67	77	1	15
91	42	84	30	21	53	34	96
40	66	52	81	76	63	28	7
34	35	87	20	72	97	12	99
28	80	58	58	12	33	86	42
93	26	60	43	56	83	15	22
21	74	22	98	13	16	6	90
28	46	87	13	1	25	57	11
18	14	5	70	77	7	75	40
97	27	56	99	15	14	31	43
80	3	73	100	3	40	15	95
89	28	22	33	91	5	88	34
61	51	14	7	45	75	31	44
12	63	44	61	49	10	92	74
52	35	43	15	30	17	28	73
14	90	78	15	11	20	34	23
8	8	8	8	9	94	94	2
33	33	68	92	68	90	65	4
39	60	42	61	57	86	2	40
53	88	84	90	44	21	63	5
88	36	64	92	100	100	100	100
7	7	7	7	91	91	91	91
62	15	65	28	7	36	91	76
59	11	93	15	24	93	39	9
92	53	56	19	41	13	86	25
74	47	92	48	77	4	57	6
67	27	33	35	43	24	17	85
38	6	12	68	96	90	32	2
19	27	100	75	34	80	55	80
61	24	30	60	74	58	32	96
18	71	96	53	57	10	3	19
71	100	20	45	85	42	60	24
83	42	60	75	93	76	35	72
92	39	59	89	91	25	18	88
82	56	9	61	54	72	65	43
12	44	16	58	10	12	84	45
80	24	16	20	35	59	43	100
63	16	5	100	24	55	41	43
99	54	4	59	18	97	16	37
56	82	39	11	84	57	2	49
80	60	20	11	25	36	33	35
72	76	91	7	40	41	9	27
60	91	82	53	58	80	41	22
20	72	37	28	44	12	74	64
100	8	59	23	50	98	14	90
58	39	34	66	89	36	56	67
93	32	55	81	53	95	36	52
30	19	69	5	65	8	44	64
35	21	43	73	27	83	6	23
98	14	20	96	67	11	58	64
39	39	15	54	85	97	98	69
8	30	12	86	50	5	87	36
90	94	32	99	7	60	60	60
74	34	18	15	10	23	66	14
69	10	60	39	70	26	18	96
65	33	34	73	31	6	4	18
2	76	88	31	83	70	78	76
95	79	97	4	97	52	17	42
63	63	98	6	84	85	22	11
94	90	95	94	54	18	45	29
54	16	4	1	40	51	88	65
29	40	63	97	86	9	15	31
5	5	5	5	15	7	34	98
73	39	24	53	86	7	78	74
8	26	18	93	94	34	90	18
21	72	62	64	11	8	69	21
39	72	38	18	92	92	92	92
9	9	9	9	92	92	92	92
68	96	1	36	21	9	76	61
56	62	57	94	60	33	76	9
71	87	94	3	5	8	11	57
11	41	23	87	39	26	41	76
64	24	93	15	81	26	69	9
76	90	79	39	8	87	45	35
76	71	51	5	57	68	1	5
27	77	67	34	48	18	50	73
30	42	85	60	52	88	36	43
86	31	13	62	6	47	96	56
80	30	26	16	54	27	42	30
38	10	63	46	3	95	59	9
21	4	50	8	10	55	39	36
57	79	76	47	2	32	79	42
85	4	72	17	62	4	62	65
59	13	71	91	97	51	78	87
80	85	6	34	11	22	74	14
51	89	83	47	37	36	2	20
43	78	74	79	31	32	98	16
98	87	5	62	75	29	84	72
82	57	70	47	24	9	82	63
42	11	31	23	57	79	41	80
28	3	46	88	22	63	79	73
74	4	14	18	18	29	75	88
34	25	2	80	53	77	70	83
16	40	12	66	10	22	1	52
60	56	41	30	75	44	86	80
35	2	13	17	2	1	11	32
55	63	9	86	12	23	99	11
71	62	48	92	84	88	20	36
53	9	45	28	32	55	89	52
26	87	51	33	81	64	23	47
15	28	1	98	97	39	34	54
98	2	99	49	44	23	22	38
15	2	15	57	96	72	67	71
11	29	25	70	71	8	72	47
74	60	45	74	43	15	20	6
71	43	63	5	56	98	18	1
5	23	78	45	21	26	32	5
76	22	48	63	58	11	29	37
10	10	10	10	58	2	47	9
73	94	18	43	51	16	3	6
37	89	20	52	90	47	58	90
73	51	21	82	49	93	33	24
19	22	14	33	97	97	97	97
2	2	2	2	96	96	96	96
50	51	5	90	99	68	1	67
59	50	46	92	52	42	27	61
20	96	31	91	77	94	20	80
30	47	57	12	9	19	66	89
49	85	37	75	51	54	98	11
71	57	73	1	93	75	81	67
35	76	100	49	38	63	100	25
9	51	57	83	93	23	73	49
36	80	61	28	25	14	18	10
51	37	30	66	47	53	20	60
99	68	99	16	21	99	36	38
54	83	8	87	48	33	58	72
100	48	97	26	10	31	85	45
65	33	94	34	26	58	49	37
84	70	51	42	57	96	3	33
55	57	57	36	3	81	22	96
25	13	86	5	65	28	45	79
40	52	6	12	11	9	22	62
10	42	91	70	71	91	88	33
34	97	20	53	69	38	46	50
95	30	34	56	96	87	46	87
70	100	32	29	74	56	82	97
84	59	72	22	11	17	58	25
93	93	60	54	15	28	55	14
46	8	16	63	48	18	93	15
74	70	62	38	23	73	14	47
20	29	81	39	5	7	85	81
74	58	13	34	76	84	52	38
46	66	4	18	3	11	66	42
51	79	84	3	53	54	82	81
56	8	8	98	61	51	65	72
55	82	25	57	36	62	98	62
10	24	45	35	17	16	64	36
80	49	86	3	44	31	51	81
10	57	42	38	39	75	18	39
92	92	4	44	56	10	61	49
60	21	79	25	83	32	5	49
97	1	73	22	73	63	38	78
61	5	47	2	73	63	11	64
14	68	40	38	28	95	4	89
8	8	8	8	53	18	26	56
52	18	53	94	80	72	28	41
51	63	96	67	10	48	33	70
35	56	5	61	67	4	26	27
23	20	28	26	97	97	97	97
7	7	7	7	91	91	91	91
82	3	61	35	7	52	23	29
81	65	50	51	31	82	44	24
67	33	25	35	8	39	19	4
84	37	89	20	83	44	33	86
97	17	3	30	85	90	72	24
77	44	100	10	95	50	86	93
63	99	36	11	76	23	34	19
82	27	94	97	53	22	88	91
94	5	32	21	14	62	48	43
15	99	69	84	41	29	76	34
25	87	65	12	26	15	39	98
94	95	8	5	90	79	60	64
52	4	88	5	48	90	99	60
1	5	25	88	97	44	20	13
87	15	26	7	36	36	13	21
9	7	4	34	31	86	10	98
55	96	53	26	100	46	58	32
98	98	99	95	31	44	61	33
24	82	55	42	16	61	42	75
4	27	64	94	63	54	86	62
48	35	95	15	66	14	3	43
37	52	50	100	94	61	51	94
67	51	58	63	91	4	22	73
73	63	89	87	92	9	41	37
16	67	97	72	9	47	82	81
29	37	54	87	19	42	87	45
31	6	96	48	37	56	15	37
46	64	100	24	90	37	61	49
68	100	64	42	21	52	42	35
11	20	4	44	13	92	11	18
38	8	19	40	17	24	63	38
8	65	87	76	81	42	6	90
99	98	28	3	89	19	69	64
7	24	24	5	11	85	25	67
99	90	38	93	28	89	63	22
64	25	35	87	36	96	20	45
83	42	46	81	96	55	30	76
78	78	79	48	45	31	36	78
67	1	62	45	76	82	90	86
37	91	9	45	19	6	3	52
1	1	1	1	46	71	23	27
64	61	6	31	35	22	99	40
17	12	77	15	90	32	35	100
64	16	39	47	79	53	53	55
50	87	46	81	98	98	98	98
9	9	9	9	96	96	96	96
87	53	28	14	92	98	60	15
76	45	52	46	61	79	50	100
70	76	7	46	14	57	89	22
2	66	24	31	96	31	6	46
35	75	14	86	86	48	28	57
84	5	25	27	89	47	48	94
1	64	91	58	31	2	71	74
11	86	45	78	94	37	40	100
92	63	33	38	64	96	31	1
36	91	20	10	8	26	15	27
31	75	14	74	74	97	30	19
31	46	69	55	71	76	90	3
50	99	78	29	83	46	100	74
58	98	52	57	37	69	63	37
98	87	69	100	51	70	35	45
95	88	30	5	25	47	37	83
87	66	22	89	77	8	91	88
68	41	24	50	40	49	88	5
73	97	39	67	18	71	68	65
100	4	32	44	6	16	31	63
79	8	23	49	53	88	60	59
9	70	66	75	37	4	28	69
1	92	96	81	50	3	83	66
83	89	9	53	39	99	19	89
18	33	95	81	41	14	98	99
45	39	49	50	92	38	85	48
5	99	67	16	56	22	8	93
87	13	19	71	5	81	36	11
66	43	28	58	86	82	99	54
35	47	87	3	92	24	55	98
28	2	80	74	43	53	31	63
57	66	98	20	73	51	89	4
67	12	30	31	81	52	66	56
69	80	62	9	11	73	58	26
80	90	77	19	50	91	2	63
71	21	88	61	1	40	65	87
1	63	2	47	88	87	68	39
98	40	8	80	18	31	80	34
20	33	8	62	77	57	60	43
1	79	26	65	32	20	77	64
7	7	7	7	93	86	96	41
70	81	63	7	63	52	56	46
61	75	37	24	56	11	2	96
92	41	53	83	82	78	58	9
65	44	79	26	96	96	96	96
8	8	8	8	91	91	91	91
20	81	76	61	63	96	67	55
20	61	95	56	35	23	24	71
63	8	37	63	67	1	100	20
11	29	39	15	85	54	25	51
82	56	83	99	18	98	40	48
26	70	76	34	66	1	18	70
55	92	86	66	63	100	72	27
51	4	91	2	17	75	33	29
17	55	37	33	18	47	92	4
88	72	80	35	11	85	57	61
5	47	21	8	49	93	5	39
66	15	34	10	63	92	46	70
84	70	49	31	74	7	73	54
12	55	68	79	68	47	2	4
26	23	69	14	79	67	8	13
77	8	13	5	81	9	20	78
67	19	92	29	28	4	98	89
28	36	79	4	81	27	85	26
22	27	74	95	99	27	65	77
32	36	75	48	28	54	34	39
55	7	91	46	77	81	80	61
67	41	70	6	6	49	33	49
96	56	93	79	4	55	99	99
17	2	34	42	80	47	76	59
25	82	21	7	96	53	84	29
13	46	18	85	21	87	19	45
35	88	80	2	86	72	58	19
73	97	15	24	62	12	79	89
91	78	99	50	37	12	3	86
71	94	53	57	64	5	48	31
39	30	14	6	54	89	56	19
35	71	37	39	57	4	75	29
97	82	66	22	95	88	29	11
32	2	29	47	57	58	52	98
82	17	38	30	86	78	12	95
22	10	72	24	86	27	25	25
18	9	85	17	19	12	75	66
77	22	19	100	98	53	69	67
58	32	4	39	38	42	85	45
71	69	51	82	19	73	67	21
4	4	4	4	96	92	41	37
12	14	35	23	62	51	87	96
17	31	81	83	6	34	53	31
15	20	48	21	59	76	9	18
18	61	13	15	95	95	95	95
2	2	2	2	97	97	97	97
76	18	31	55	30	93	35	68
3	96	51	31	89	22	22	80
85	9	80	67	87	67	89	85
52	13	68	24	51	31	78	1
21	40	26	5	18	4	61	12
96	97	98	95	20	91	23	91
8	88	9	72	57	97	80	3
19	36	79	1	62	57	93	6
25	78	26	36	91	29	97	52
23	70	30	47	58	47	65	73
100	91	29	15	67	94	36	37
64	98	58	77	50	26	2	4
91	83	9	33	35	73	65	11
37	32	3	21	6	10	22	30
30	48	47	39	78	67	49	8
52	32	47	9	9	8	49	16
79	79	72	25	92	62	15	47
27	22	37	61	3	88	52	28
4	24	81	11	92	41	76	63
28	90	72	36	99	86	66	15
84	47	7	89	91	59	31	33
48	13	13	38	81	49	99	72
5	41	39	14	89	20	30	49
30	25	17	25	89	27	14	47
48	34	67	52	33	66	83	7
64	76	40	70	52	16	35	45
94	57	29	94	100	76	8	55
12	92	10	84	13	46	26	10
71	3	92	51	56	80	85	86
75	69	24	84	18	61	51	78
67	78	19	30	53	54	32	46
96	98	35	71	80	68	35	58
54	69	60	28	22	73	96	25
73	7	51	36	78	19	19	81
10	86	20	41	29	74	24	51
11	73	59	5	37	11	75	67
53	45	36	100	12	64	79	60
69	64	39	74	59	66	58	7
26	80	65	68	38	47	1	21
11	34	30	95	82	34	61	58
9	9	9	9	46	13	96	93
11	42	67	8	21	24	5	1
98	100	71	75	83	88	23	44
27	69	69	26	16	33	22	15
8	22	13	35	93	93	93	93
3	3	3	3	95	95	95	95
73	73	14	95	3	99	12	61
62	59	26	30	33	63	85	86
9	60	6	78	97	71	17	44
95	1	21	95	61	14	34	21
25	39	98	68	74	88	34	83
42	79	58	61	4	90	64	2
33	61	54	94	98	61	10	47
83	63	75	1	8	48	21	21
3	29	17	2	53	90	28	49
41	2	88	21	3	60	79	57
26	28	11	78	6	41	43	2
86	82	8	4	43	69	45	21
5	20	53	32	26	16	29	62
97	36	43	99	81	26	24	65
61	61	63	38	67	7	98	21
5	28	24	72	74	7	29	56
16	80	67	99	19	47	73	66
42	12	72	15	84	21	14	96
96	88	99	11	98	23	22	21
68	63	79	52	85	77	27	41
65	64	6	68	57	55	66	78
4	50	31	92	80	8	81	4
91	45	26	47	94	29	68	39
12	31	55	77	7	23	35	7
31	62	60	60	55	42	72	48
69	38	3	89	16	62	60	14
81	97	94	13	98	66	39	69
81	85	39	14	31	88	1	87
95	36	5	58	19	68	37	79
91	7	75	87	23	83	27	16
34	93	86	71	82	6	88	7
76	22	3	17	79	31	13	68
45	98	58	99	10	90	80	79
11	42	78	75	18	32	10	16
100	71	1	31	78	23	85	30
100	54	25	83	19	42	24	68
47	36	85	59	22	27	98	22
69	11	32	57	86	90	29	92
64	88	51	64	44	60	60	23
43	15	72	14	48	60	11	7
8	8	8	8	94	83	85	4
23	32	63	7	76	57	65	80
16	84	23	25	7	51	52	29
12	78	91	89	35	90	60	14
18	83	67	38	92	92	92	92
9	9	9	9	99	99	99	99
13	1	42	36	24	82	85	36
58	1	51	64	36	70	4	86
14	59	90	6	56	59	85	32
58	28	8	92	20	20	77	57
59	83	43	97	58	2	17	12
85	5	15	74	61	92	93	25
65	3	92	93	94	17	1	51
34	64	95	2	48	91	31	41
7	77	20	32	64	79	88	95
12	31	87	7	60	17	63	99
14	27	94	49	44	50	57	72
86	3	38	46	47	95	2	24
5	67	19	8	95	16	44	62
54	74	66	94	40	55	47	17
85	71	57	21	95	33	4	68
24	76	38	66	5	75	34	16
32	17	90	51	14	54	53	83
23	93	60	83	98	19	34	40
40	4	30	79	42	43	36	19
4	22	53	15	7	60	47	32
96	55	72	6	18	77	93	32
27	98	55	82	92	40	28	30
49	27	25	25	58	97	72	86
24	88	78	87	49	30	50	44
55	47	48	7	14	14	70	34
32	93	76	92	48	91	36	81
46	33	28	55	33	89	72	72
45	54	45	76	79	25	55	71
10	93	8	38	20	40	86	14
56	15	94	98	78	64	35	38
82	19	50	46	45	90	26	1
33	19	91	59	27	70	84	5
84	76	26	38	100	4	4	1
40	79	58	74	40	16	67	92
8	75	6	88	37	80	52	61
96	3	83	20	26	72	78	24
10	95	44	36	55	27	25	15
81	77	24	54	46	5	79	85
2	23	37	18	78	71	57	59
3	4	100	47	88	85	79	59
3	3	3	3	13	51	38	16
67	81	13	88	30	63	11	6
11	8	33	64	20	83	28	33
97	1	65	21	51	36	61	77
60	39	72	32	100	100	100	100
6	6	6	6	90	90	90	90
34	35	100	48	22	37	58	59
34	24	80	47	4	23	43	6
16	66	25	54	23	99	5	91
6	8	73	63	22	47	8	100
60	79	36	51	57	26	18	14
4	22	86	70	41	3	91	72
75	81	77	23	7	71	92	36
5	62	25	5	22	33	91	23
88	6	28	29	64	41	45	16
23	13	16	11	18	32	38	68
60	76	46	25	54	39	84	52
100	48	32	1	44	26	54	12
100	35	48	26	1	42	42	36
48	38	90	95	42	39	92	20
50	91	86	15	45	96	79	53
22	53	42	51	23	25	60	75
93	97	39	16	1	26	57	88
86	29	53	37	94	56	98	62
35	97	76	31	25	98	66	22
89	3	52	4	38	66	77	54
36	31	76	90	73	79	56	92
90	19	5	54	100	63	27	58
87	16	20	82	95	42	74	61
89	25	38	97	86	14	45	25
41	23	42	64	3	94	91	49
1	20	54	22	42	63	16	61
23	39	9	50	67	78	38	38
50	33	6	57	28	91	1	2
69	2	95	77	59	82	72	14
33	11	19	6	63	48	98	81
26	30	19	52	29	67	45	32
63	88	12	33	28	27	85	66
69	23	43	81	82	34	45	45
42	49	33	88	34	79	1	10
85	17	58	37	85	90	73	54
94	71	52	10	92	100	40	74
90	43	80	6	62	71	45	3
94	96	22	71	72	71	12	91
38	67	89	50	68	24	27	11
10	70	88	1	62	11	46	30
3	3	3	3	76	39	59	22
100	4	38	78	7	54	18	32
85	50	81	58	31	56	21	50
81	9	1	46	6	40	51	35
6	32	18	39	98	98	98	98
9	9	9	9	93	93	93	93
85	80	86	35	82	21	83	66
46	93	87	48	11	32	83	82
89	6	16	13	58	76	23	16
8	52	58	4	82	9	27	17
5	70	65	24	25	71	24	1
52	91	23	86	78	24	43	28
46	20	60	1	98	95	24	28
81	75	14	67	60	85	23	70
47	66	10	88	66	37	4	54
13	86	74	69	30	50	99	25
82	83	71	5	85	50	64	44
52	64	60	2	71	27	53	98
45	86	97	34	96	86	14	52
6	83	58	95	76	71	84	58
77	64	70	33	98	35	85	70
91	25	40	87	83	59	96	5
51	97	95	53	31	92	6	6
18	45	77	60	2	62	91	53
43	39	53	73	3	52	30	47
42	50	97	63	14	55	9	35
79	70	87	30	31	5	21	77
78	65	9	99	41	72	80	20
62	13	41	8	69	87	100	46
2	12	78	60	80	21	14	94
83	74	6	73	31	43	72	13
58	70	5	91	6	32	38	53
79	51	13	89	77	46	44	29
44	46	67	11	61	12	48	31
97	85	51	13	9	89	33	19
6	88	29	69	37	41	97	8
43	81	27	71	27	26	71	88
54	85	66	93	36	92	93	62
31	82	36	29	77	39	14	3
50	78	69	22	64	61	10	55
15	80	19	12	62	50	90	50
79	95	75	43	90	100	56	73
98	59	70	36	13	1	27	74
54	4	88	96	16	46	70	67
8	12	81	29	32	68	56	63
58	34	84	32	30	53	39	29
5	5	5	5	72	83	89	73
86	11	33	53	68	42	25	71
34	32	44	52	53	68	42	34
72	87	19	83	80	31	98	18
2	47	40	61	94	94	94	94
9	9	9	9	97	97	97	97
63	28	64	37	28	58	67	16
25	31	76	97	20	64	77	39
17	92	59	58	61	45	95	83
94	95	53	9	89	47	44	81
78	73	11	66	47	49	58	93
84	18	60	17	75	6	92	80
73	32	2	11	79	73	18	15
13	26	77	59	13	87	18	18
84	74	43	59	16	18	31	88
51	25	62	58	51	77	32	95
100	23	66	82	68	92	78	6
54	8	23	49	37	46	87	26
12	16	2	69	16	84	78	40
25	17	6	30	21	14	75	88
17	34	37	84	70	1	63	79
72	65	22	56	81	83	21	8
27	29	59	87	17	18	63	70
80	83	22	34	66	29	13	21
11	93	27	33	33	1	34	13
31	39	40	19	33	76	2	79
46	27	56	45	57	79	87	9
48	75	33	96	49	100	79	91
53	26	7	68	57	85	23	94
46	85	42	84	97	9	54	84
49	60	9	39	75	22	30	31
9	92	96	61	51	39	86	14
63	3	44	98	29	60	84	50
25	47	34	74	85	28	23	2
100	10	78	86	78	25	25	94
100	15	43	39	58	62	50	10
99	67	25	1	8	69	54	61
50	34	51	31	94	19	8	30
9	13	98	13	48	20	2	92
36	62	96	29	75	94	14	27
79	66	60	32	47	24	78	52
45	74	84	95	60	89	78	77
65	81	66	31	77	36	39	50
100	83	58	28	17	61	86	54
64	3	46	15	34	69	65	20
94	28	19	44	93	27	63	30
1	1	1	1	39	53	7	82
10	1	8	16	26	23	13	15
59	83	48	32	32	20	70	20
99	98	84	40	25	1	67	6
64	11	15	88	100	100	100	100
2	2	2	2	91	91	91	91
87	51	98	7	74	23	63	88
46	60	73	77	10	40	27	4
37	81	13	63	41	13	20	90
80	47	22	6	36	91	76	78
78	68	39	58	28	50	71	75
20	67	83	34	84	16	79	82
49	66	61	88	47	26	70	71
55	95	65	81	57	5	48	84
34	30	16	45	79	34	79	65
61	48	5	85	72	81	16	50
67	92	94	81	100	79	66	13
25	50	25	93	35	85	11	42
72	100	49	85	73	65	76	21
87	67	9	93	23	33	56	49
28	35	21	37	2	13	90	90
36	25	86	17	84	89	44	70
96	58	16	86	98	34	70	52
54	98	61	58	20	14	90	1
11	100	22	71	65	57	19	48
97	90	58	78	88	19	28	36
26	76	5	7	12	26	52	97
20	66	26	4	77	16	27	11
26	65	54	16	92	28	34	42
71	82	49	59	1	94	85	49
45	29	76	91	83	34	58	81
75	5	80	54	8	10	34	19
90	15	63	65	30	60	100	78
57	58	90	96	25	51	67	26
93	80	27	12	19	42	60	44
54	48	54	20	5	16	61	49
30	45	77	44	59	59	66	82
59	57	39	29	23	20	32	91
29	48	48	18	100	36	53	41
15	56	1	34	74	29	84	12
66	52	52	40	68	90	15	15
71	47	58	11	37	49	62	91
24	96	48	52	67	95	56	64
1	99	56	82	49	10	51	28
88	10	64	98	72	73	93	95
94	2	27	38	75	59	73	61
8	8	8	8	46	6	26	74
67	45	85	84	49	38	97	5
76	2	3	94	14	89	24	2
25	75	9	11	29	72	29	69
3	18	18	8	95	95	95	95
6	6	6	6	95	95	95	95
100	100	73	66	17	33	66	79
64	48	68	37	40	16	30	36
23	45	2	18	82	87	46	97
87	92	44	9	42	10	58	34
4	18	32	14	5	60	88	78
85	90	86	66	58	55	93	11
5	80	87	48	24	74	70	88
68	74	91	73	80	99	65	36
31	67	90	12	72	97	64	19
8	68	57	46	68	7	19	67
95	73	77	83	57	5	66	53
26	20	27	50	27	96	26	2
80	38	95	7	82	4	6	82
16	5	90	71	36	68	10	43
22	21	91	81	92	74	44	80
92	10	86	53	43	43	55	96
44	71	91	41	3	29	48	7
1	25	4	10	15	13	30	95
71	49	95	34	91	71	87	66
43	75	25	6	27	88	1	62
95	10	47	23	66	91	70	56
37	58	76	87	66	87	73	12
99	67	32	71	45	53	38	11
31	98	51	10	18	98	24	67
58	33	2	49	60	28	35	19
8	81	47	94	56	94	83	85
67	93	64	32	100	38	74	31
13	20	55	24	77	5	82	62
14	36	51	65	46	22	53	51
80	40	76	58	4	87	67	58
62	4	12	86	69	4	68	26
62	73	52	3	5	69	82	29
31	41	57	11	1	48	96	53
67	84	94	26	68	6	88	3
81	5	74	4	56	42	2	33
34	49	34	31	78	48	88	82
10	22	26	31	35	71	71	99
85	35	66	21	94	36	2	75
91	44	37	83	41	95	74	46
88	93	25	91	59	73	54	32
7	7	7	7	36	95	28	34
81	96	96	31	32	42	57	85
63	85	94	53	48	56	54	34
59	96	15	80	61	89	77	52
26	80	2	99	95	95	95	95
4	4	4	4	94	94	94	94
70	24	87	47	25	44	22	51
9	70	48	31	31	39	9	93
12	63	33	10	50	82	17	50
38	23	89	81	51	85	94	100
69	14	41	76	48	32	27	3
81	7	57	86	13	45	86	40
86	31	93	17	54	86	87	41
9	80	68	40	9	83	73	39
75	84	47	36	67	56	96	73
49	6	40	82	8	42	39	22
45	87	36	24	85	67	87	50
52	96	38	19	44	19	1	59
34	34	80	90	3	70	69	17
100	14	87	63	58	38	8	93
58	35	3	37	18	51	3	94
45	9	19	39	35	40	6	32
35	22	68	66	21	3	78	85
11	4	40	14	67	25	93	31
20	77	89	27	93	86	89	98
100	81	50	74	81	75	32	14
39	8	34	83	31	11	80	54
24	2	48	59	25	32	27	4
59	87	100	8	14	56	67	73
83	86	57	37	15	67	12	75
52	34	53	49	60	93	65	50
14	12	76	23	21	97	95	53
81	76	47	34	17	72	81	47
95	22	73	26	33	17	72	36
34	16	9	14	30	73	72	16
45	74	62	55	85	58	66	51
48	51	20	63	22	93	80	29
23	17	77	85	20	83	64	50
74	43	47	2	19	31	84	12
77	43	55	68	16	64	84	46
54	27	9	30	84	24	35	54
47	32	44	93	45	28	81	39
49	97	22	98	22	16	33	75
33	54	75	9	25	37	22	37
31	72	59	59	97	19	20	14
49	67	65	44	84	37	48	4
9	9	9	9	75	30	70	40
23	82	8	84	74	16	59	9
36	87	30	56	51	91	9	25
8	13	90	29	24	25	100	2
5	19	34	69	99	99	99	99
2	2	2	2	99	99	99	99
29	61	58	70	3	58	39	8
62	36	50	78	9	100	75	77
29	82	85	74	49	66	79	29
32	19	85	45	11	46	58	93
66	74	35	96	73	73	30	15
33	40	68	10	68	98	9	90
84	1	90	90	76	38	89	45
24	34	93	57	20	28	45	20
47	57	23	31	90	60	38	16
94	82	39	91	21	62	65	21
10	81	71	85	76	89	31	90
41	19	5	94	59	62	31	12
72	40	85	26	59	99	22	94
25	40	7	77	7	30	77	88
43	66	94	53	56	69	75	10
7	40	47	7	30	45	66	52
53	94	47	42	6	59	92	54
57	80	73	27	63	82	34	53
56	85	29	37	61	8	59	20
33	18	26	90	81	35	96	80
21	89	31	95	28	37	64	34
47	30	71	34	63	94	71	5
16	33	89	68	54	3	21	11
39	27	65	87	67	15	76	35
69	14	74	8	9	74	8	63
18	53	95	50	70	69	83	82
29	1	27	73	59	55	42	9
91	43	47	94	47	39	80	64
50	14	12	1	35	5	17	31
49	28	52	40	71	14	50	86
68	11	75	72	23	6	69	94
73	82	19	83	31	96	33	85
85	81	6	92	69	12	84	72
59	22	84	76	35	100	97	86
93	17	40	11	17	65	67	50
75	65	44	27	64	34	65	88
20	98	3	97	63	95	38	72
7	58	60	82	73	16	65	45
53	3	74	84	57	3	71	68
59	14	70	85	7	30	61	38
9	9	9	9	50	78	43	46
41	88	77	10	95	56	62	59
45	70	46	47	5	98	93	28
7	49	33	53	56	74	37	51
70	85	83	81	98	98	98	98
1	1	1	1	92	92	92	92
92	61	50	25	27	32	7	45
18	47	64	99	78	5	75	87
59	65	31	69	64	24	15	59
32	2	47	29	80	81	79	58
55	18	90	90	29	39	62	91
75	19	94	52	37	90	52	74
36	97	75	72	93	57	31	5
53	19	46	41	97	92	17	38
15	25	34	67	96	95	10	10
84	93	39	85	70	72	64	43
55	60	83	14	54	5	34	77
15	58	51	83	51	88	42	72
96	30	8	34	3	80	54	95
54	84	100	69	1	8	91	3
2	18	25	35	50	6	73	16
40	34	28	30	75	40	4	71
95	94	78	6	10	56	31	70
37	61	57	14	19	7	87	30
44	19	34	64	3	38	5	39
76	87	80	11	18	4	69	4
16	62	31	33	8	51	99	4
26	82	21	82	57	53	59	83
16	79	43	51	42	67	74	74
45	65	70	92	77	53	27	13
59	70	53	16	83	23	68	51
66	50	31	82	75	96	57	21
93	83	85	48	31	31	51	96
18	95	73	4	70	60	87	41
42	64	25	29	22	10	93	68
10	9	96	74	68	29	43	22
27	23	41	42	29	69	55	6
8	15	52	55	27	72	17	60
30	35	26	75	55	51	46	62
71	44	90	30	60	12	37	24
50	75	45	93	49	84	65	82
23	36	57	64	21	62	94	28
69	99	90	9	70	11	54	5
22	99	74	99	32	27	87	43
31	87	13	81	17	21	25	64
92	52	49	6	4	74	92	31
1	1	1	1	13	75	87	85
91	57	47	18	87	97	31	63
76	34	60	3	72	31	62	10
85	14	24	41	34	39	95	92
45	77	16	39	99	99	99	99
2	2	2	2	100	100	100	100
8	42	44	18	13	23	58	75
81	79	95	88	18	47	5	7
8	35	94	3	81	97	16	85
34	78	24	79	31	93	95	50
80	35	38	100	90	9	30	83
8	54	95	37	91	89	87	66
89	46	4	82	88	94	3	1
82	73	56	55	11	1	96	52
5	77	2	27	43	58	46	93
56	47	87	8	23	15	89	96
23	89	94	8	87	51	5	1
58	85	89	64	37	35	6	12
38	49	92	64	28	95	96	70
33	90	39	3	93	70	32	59
33	23	36	72	77	84	31	79
46	60	8	13	44	81	92	83
80	80	55	2	92	26	16	16
43	71	4	9	63	28	80	82
31	90	5	74	22	19	72	41
62	71	80	100	46	12	13	61
11	80	94	73	40	96	21	78
59	11	5	59	83	24	5	58
30	55	63	54	46	62	61	14
41	13	3	56	92	4	18	71
26	38	35	91	77	50	67	69
62	95	43	79	22	93	87	54
78	7	15	28	74	39	3	24
88	99	4	62	65	9	66	16
8	87	87	12	76	13	81	56
27	91	48	91	45	85	5	19
33	6	64	20	72	74	14	67
97	67	18	54	40	90	19	24
6	56	77	95	71	26	19	55
61	11	97	53	58	36	74	73
38	56	69	31	87	82	32	26
74	57	49	35	89	23	49	22
23	29	94	94	6	31	68	47
6	97	99	31	76	39	85	75
48	70	26	31	89	58	94	28
42	31	75	30	69	76	95	43
5	5	5	5	40	22	30	70
39	89	74	12	37	28	33	53
44	84	63	49	37	79	25	71
72	22	26	97	49	95	48	11
13	93	85	84	91	91	91	91
1	1	1	1	96	96	96	96
4	25	95	73	43	91	72	33
32	29	4	8	84	60	29	100
62	20	88	57	47	28	98	61
45	3	49	80	8	75	82	22
29	36	34	92	60	88	83	43
96	94	12	91	96	7	75	7
44	78	1	12	70	79	97	61
83	25	65	79	50	16	5	92
7	10	88	90	17	40	30	66
21	2	85	47	61	29	9	81
81	72	62	47	59	74	46	86
20	26	38	62	12	24	79	12
23	39	75	100	7	51	76	3
52	25	68	85	99	60	48	61
45	13	72	17	18	86	33	99
8	24	64	32	78	5	50	93
78	93	23	5	100	93	54	59
71	13	96	29	66	25	44	40
20	11	84	15	16	73	37	41
15	14	60	83	4	77	98	19
62	73	80	23	83	13	95	36
39	75	93	66	58	50	54	100
32	47	31	79	52	91	32	53
27	35	28	13	86	25	76	61
65	92	31	69	64	60	8	68
26	58	6	84	81	1	27	56
21	24	18	99	2	57	51	5
17	57	86	76	53	24	10	79
35	9	36	68	56	87	52	4
78	100	84	35	56	78	77	93
76	87	94	70	70	95	35	74
27	37	64	21	41	52	51	90
4	16	50	83	89	64	83	65
90	25	90	10	56	6	22	96
39	44	16	1	56	78	99	66
36	40	97	5	81	19	42	61
98	84	43	64	7	33	74	3
64	67	70	58	49	91	18	78
26	46	20	65	96	5	81	88
33	92	78	23	39	61	12	31
8	8	8	8	8	28	86	92
98	4	6	76	12	75	33	40
73	18	28	57	23	98	7	61
83	79	6	67	1	32	50	97
50	16	10	10	99	99	99	99
4	4	4	4	92	92	92	92
22	48	77	95	100	97	68	46
80	19	12	81	92	42	65	1
36	63	9	68	39	52	4	14
92	2	78	6	45	62	34	10
58	38	26	61	85	9	73	17
17	49	13	14	5	46	60	79
35	22	62	70	36	87	62	36
15	7	41	83	47	45	59	1
24	40	79	42	19	2	51	24
14	57	61	40	3	55	99	23
47	2	36	61	6	88	60	31
86	55	24	45	19	37	70	12
77	80	62	52	38	75	10	26
8	42	29	40	93	80	77	100
68	25	100	69	86	84	79	2
85	42	38	66	73	74	99	11
14	36	45	67	49	20	21	29
69	54	89	64	98	37	55	83
88	77	100	90	9	69	3	80
6	76	74	73	29	54	96	41
72	2	100	68	31	16	8	64
30	62	38	9	52	37	27	89
46	59	1	92	51	78	85	64
41	90	85	48	16	50	24	100
53	72	39	31	86	52	88	29
7	30	5	96	44	27	50	93
100	82	62	96	11	16	62	52
59	11	30	71	60	30	62	86
99	70	95	66	94	36	3	16
60	17	39	61	40	25	46	90
85	82	67	50	66	61	84	84
38	98	22	6	23	19	68	20
97	82	62	57	34	97	20	8
7	16	79	95	8	67	24	12
75	50	78	16	64	35	81	91
59	83	30	77	38	74	59	21
81	89	35	45	30	32	98	63
78	14	60	91	51	6	54	15
55	16	60	53	68	94	70	36
13	63	75	97	92	7	29	39
6	6	6	6	73	39	70	59
32	46	1	20	59	24	8	14
59	55	51	94	21	19	79	25
46	74	37	37	100	81	42	28
66	70	35	54	100	100	100	100
1	1	1	1	95	95	95	95
24	9	24	59	80	37	71	17
16	83	58	89	23	65	93	17
57	42	100	35	52	71	43	61
63	8	76	13	70	21	20	86
91	90	66	57	58	39	72	85
13	39	100	64	61	52	78	18
10	58	36	40	68	72	38	15
23	86	97	58	33	45	4	78
88	91	9	75	6	57	30	66
8	74	42	54	90	84	64	61
52	58	58	40	53	44	25	77
45	43	26	19	39	12	30	89
31	53	82	15	93	59	60	80
86	99	89	48	13	64	82	92
98	38	83	86	73	94	54	12
71	73	34	29	33	21	44	27
79	34	42	17	8	24	72	13
57	15	47	73	5	94	83	88
18	31	96	26	69	50	5	31
53	63	2	90	40	83	32	95
41	72	28	72	100	14	68	96
75	43	91	44	39	88	88	44
86	78	43	36	15	3	74	48
99	19	4	84	85	79	72	4
16	66	61	76	26	32	16	43
77	3	85	26	40	90	18	59
55	98	35	100	78	50	14	70
25	49	51	60	43	22	55	66
12	20	57	67	62	36	12	34
54	93	61	26	46	66	75	67
96	46	84	58	46	25	3	56
37	100	32	53	73	87	1	78
39	50	40	87	26	77	18	59
34	31	27	2	49	90	8	21
17	50	29	56	90	83	80	1
95	90	63	61	35	19	36	62
34	98	98	27	6	45	97	18
93	95	18	74	22	29	83	77
90	45	4	98	40	92	30	56
36	89	8	100	36	79	81	38
8	8	8	8	19	2	78	57
57	28	66	13	86	86	51	36
58	89	79	82	35	86	11	15
14	1	27	63	69	5	87	61
70	75	36	23	99	99	99	99
8	8	8	8	92	92	92	92
53	72	73	97	54	100	66	29
22	56	67	59	80	65	73	10
50	49	45	68	65	62	74	51
17	81	45	26	53	100	44	70
29	10	60	62	63	40	63	5
41	2	52	89	21	35	34	6
60	48	70	18	7	84	68	18
85	64	51	24	1	43	43	18
87	93	21	64	87	84	87	56
26	66	11	35	19	54	33	48
64	16	4	64	46	14	93	88
74	90	76	32	26	62	37	98
98	100	83	15	21	27	25	21
40	26	43	97	68	28	37	65
42	15	35	24	43	35	81	8
34	88	52	98	48	71	37	62
80	92	36	37	96	47	74	96
86	63	7	87	66	17	44	30
55	51	13	39	29	95	58	58
68	73	13	45	45	94	35	8
21	43	72	36	49	89	82	91
76	22	47	76	40	95	94	1
97	97	92	76	98	44	52	31
100	49	79	12	54	61	13	39
83	43	77	21	10	9	22	15
52	71	82	41	44	93	85	75
28	18	7	30	88	39	31	5
53	71	81	83	99	25	98	38
65	7	14	92	21	68	50	37
92	19	5	62	3	47	76	69
89	33	95	40	16	14	100	9
41	81	84	47	3	62	41	30
15	23	4	87	12	98	14	1
62	1	7	33	1	38	6	55
45	78	41	95	34	33	13	37
49	86	46	10	94	45	78	28
29	19	22	100	95	59	67	65
13	19	88	47	20	38	54	6
70	47	11	92	5	71	72	44
51	90	69	19	6	83	90	29
8	8	8	8	35	8	42	36
5	75	56	9	11	2	25	58
74	38	79	69	66	31	62	4
47	5	53	53	20	88	12	80
35	60	12	13	93	93	93	93
3	3	3	3	96	96	96	96
36	41	56	44	40	93	16	73
87	32	36	84	12	21	4	56
71	14	45	14	87	23	49	78
86	88	31	87	4	66	97	63
51	77	79	37	9	82	92	22
10	17	54	50	82	49	33	35
91	52	29	44	77	11	2	9
2	4	27	39	44	88	75	52
32	16	57	70	62	86	100	27
34	72	94	75	32	92	41	39
12	1	73	39	12	6	79	7
76	87	17	14	45	48	1	72
55	28	42	28	37	87	92	67
10	60	76	35	17	50	81	70
49	19	5	43	48	87	73	96
15	75	7	32	54	75	85	57
65	83	68	36	41	36	11	92
1	92	40	90	58	13	35	83
31	63	69	82	43	85	26	15
66	91	77	95	25	92	4	92
29	29	19	58	65	62	41	90
18	87	93	80	75	37	37	32
47	20	67	16	65	36	11	93
29	12	10	3	77	33	53	73
2	40	68	51	46	36	55	8
67	14	83	96	15	59	63	15
59	32	54	65	55	35	74	91
100	30	42	74	59	18	68	25
99	6	35	74	56	68	8	6
56	85	90	38	99	100	87	59
3	25	79	19	24	90	60	11
67	6	28	3	68	10	63	91
100	24	90	17	30	23	43	45
25	77	49	63	55	83	47	40
36	69	57	92	10	59	45	66
44	13	12	66	19	1	2	34
97	15	25	5	28	11	54	26
84	14	99	35	14	21	83	21
72	95	62	76	40	15	84	93
50	36	74	55	11	99	41	33
2	2	2	2	67	21	83	31
31	39	26	3	66	64	58	84
50	10	30	40	29	75	25	83
2	69	90	75	17	95	10	49
100	62	77	21	93	93	93	93
8	8	8	8	93	93	93	93
68	88	71	6	42	80	28	53
32	69	39	33	48	59	89	99
86	18	16	29	67	28	17	60
70	72	73	80	45	66	51	28
65	93	50	90	58	47	70	66
90	10	94	15	84	40	89	27
52	64	92	62	17	19	55	91
90	73	39	46	59	15	18	80
51	16	68	83	72	90	32	56
11	41	19	79	76	40	60	35
41	71	40	11	7	25	16	29
98	15	78	97	93	64	12	84
22	94	4	38	34	68	65	15
76	10	59	3	18	49	54	70
24	44	63	12	93	24	32	48
3	9	51	17	81	13	14	70
92	55	32	1	15	43	62	53
2	93	43	46	8	98	12	50
45	71	72	33	59	4	85	66
100	27	10	18	39	31	100	75
60	96	19	2	58	39	86	87
87	19	17	85	36	9	34	34
1	65	52	77	4	17	40	86
84	74	88	7	64	49	58	22
84	30	12	26	87	68	75	9
33	58	47	88	1	100	38	35
44	4	9	18	43	22	45	33
88	15	87	66	52	77	12	64
62	2	92	56	14	51	39	36
64	17	15	43	29	75	10	12
59	51	37	29	29	63	19	100
3	32	77	64	62	23	26	50
52	63	11	62	55	35	71	5
11	13	37	55	60	66	82	66
88	82	98	53	94	72	33	22
88	14	72	1	80	2	15	32
58	29	42	56	18	76	90	51
89	26	58	4	31	94	20	17
69	96	86	79	35	83	42	87
2	38	30	64	35	31	90	4
7	7	7	7	74	84	8	70
61	53	57	76	55	29	76	59
92	72	51	19	71	90	98	94
5	83	96	32	100	22	61	53
72	1	10	14	100	100	100	100
8	8	8	8	92	92	92	92
55	12	1	32	77	6	67	45
41	38	80	95	34	63	64	53
66	29	96	25	83	17	18	1
81	18	47	75	18	48	92	99
67	38	99	97	73	1	32	51
98	65	28	4	73	90	60	37
1	31	56	74	26	86	16	18
23	42	88	76	14	67	14	7
43	36	68	87	94	9	71	52
38	57	99	38	86	90	90	79
49	67	45	39	34	63	45	21
11	98	33	89	45	2	43	1
23	34	12	86	88	12	14	42
48	36	85	2	65	83	92	44
13	65	10	100	43	74	16	13
15	14	48	47	62	70	68	40
86	93	45	4	7	83	17	22
61	84	35	51	92	30	87	90
27	97	47	83	37	58	30	50
66	33	43	92	10	30	95	94
68	4	2	4	86	57	85	84
7	34	32	15	8	16	71	70
69	83	21	10	27	41	95	6
60	66	58	87	41	68	28	61
56	10	59	31	49	78	51	16
60	62	39	96	66	27	30	38
55	75	34	54	35	99	63	52
57	33	77	24	85	71	8	38
89	83	72	14	37	67	98	52
95	98	10	13	82	68	67	21
79	72	93	58	22	77	11	7
96	56	52	89	26	35	12	39
19	49	10	61	18	88	75	8
77	37	63	27	100	63	23	59
84	19	95	89	57	87	99	10
18	67	20	74	82	28	13	11
16	69	9	100	13	47	27	1
12	82	36	27	16	77	6	33
22	57	19	57	82	56	17	63
27	89	29	62	95	62	52	85
3	3	3	3	19	47	76	64
74	52	23	3	35	20	84	80
72	3	61	25	98	4	2	32
76	6	29	84	8	12	31	50
84	14	46	29	97	97	97	97
2	2	2	2	92	92	92	92
56	97	28	20	63	82	35	10
36	87	30	31	95	32	92	57
87	44	51	5	76	40	53	95
7	52	32	39	75	62	92	38
6	69	63	21	24	70	97	40
18	11	41	55	20	57	44	72
66	90	92	92	91	46	82	94
6	4	33	22	47	78	71	5
77	28	75	14	63	94	36	21
100	56	23	72	22	22	21	91
54	26	41	52	35	81	7	56
16	48	58	93	73	69	51	43
72	55	65	41	97	21	39	43
47	63	48	44	23	95	52	24
59	60	11	95	16	48	50	56
27	5	42	19	28	17	37	85
46	69	69	49	90	64	78	8
45	42	64	38	36	26	77	25
79	94	35	87	63	23	86	67
27	91	73	21	86	24	49	24
90	87	57	9	96	89	62	42
4	47	8	71	52	26	55	72
4	39	87	38	6	17	69	26
81	92	46	29	97	67	28	74
34	66	50	83	10	54	54	71
34	48	35	79	2	19	10	1
1	98	51	58	43	9	75	35
94	27	95	50	46	93	1	16
18	58	54	82	74	69	66	59
99	84	70	55	33	72	28	63
30	93	26	95	97	89	9	69
89	44	11	77	87	18	68	64
90	36	20	9	70	63	67	23
88	67	51	41	53	9	12	65
93	81	28	53	40	14	68	77
69	31	85	98	36	19	58	19
55	91	91	75	85	58	8	99
48	58	64	71	95	91	65	19
24	11	92	78	77	74	51	62
5	22	28	51	89	50	94	92
6	6	6	6	74	25	76	96
79	21	82	36	91	10	87	16
56	81	54	74	87	79	17	80
36	11	69	78	27	66	95	31
14	57	39	44	93	93	93	93
7	7	7	7	98	98	98	98
69	90	75	12	4	33	12	67
9	98	52	35	82	35	66	7
66	4	79	58	8	85	60	10
12	10	63	10	64	68	48	60
8	86	5	30	3	68	31	62
97	37	5	89	95	57	56	59
14	46	2	17	18	25	16	70
87	92	45	41	81	3	85	71
68	88	26	64	77	47	53	71
29	11	92	53	55	61	51	17
13	57	84	81	28	3	13	92
38	69	57	30	26	23	76	7
12	20	71	82	65	33	79	89
89	49	22	68	83	72	90	13
41	27	97	97	40	51	48	10
87	9	15	81	37	15	48	38
32	98	87	45	35	13	69	69
98	87	95	74	34	57	90	45
14	10	96	13	29	84	34	94
87	39	35	34	71	86	41	88
86	82	47	20	57	79	74	84
97	24	22	57	12	28	63	87
59	22	64	7	81	2	98	5
54	76	2	30	52	75	92	65
9	26	37	13	34	55	45	46
94	8	78	89	33	69	100	1
47	55	75	65	26	22	10	4
77	87	42	47	94	97	78	65
58	40	100	75	100	79	75	47
77	8	91	52	24	46	3	35
82	99	50	30	21	83	23	43
78	29	71	84	74	33	46	93
96	26	52	87	20	94	99	58
27	46	3	45	76	52	62	95
21	88	81	71	18	62	54	72
58	5	62	68	40	7	54	86
38	2	86	56	64	84	19	81
73	29	58	12	29	67	39	35
58	33	88	45	75	45	88	77
98	87	78	95	72	19	53	30
5	5	5	5	14	2	59	27
20	16	9	72	17	44	56	74
43	20	92	59	75	71	90	67
20	97	68	21	88	38	30	64
29	90	37	42	96	96	96	96
2	2	2	2	99	99	99	99
20	68	79	21	22	26	2	21
46	11	9	88	6	1	29	73
20	77	100	44	19	3	14	87
17	21	15	100	40	82	91	11
87	91	38	31	61	14	27	1
86	7	4	100	24	88	15	85
69	26	15	99	97	29	35	2
75	86	38	87	30	90	40	33
68	75	56	27	33	70	88	33
61	97	84	41	63	29	93	34
16	3	83	76	1	16	5	56
6	42	25	61	92	2	77	74
28	28	28	48	95	83	29	86
14	42	44	99	60	58	68	53
3	41	99	15	63	100	89	45
6	43	54	8	30	43	26	65
32	22	53	60	50	69	75	97
80	57	67	88	37	94	21	5
35	88	36	41	42	25	37	16
86	54	33	28	36	36	97	16
18	28	44	72	73	92	75	13
12	100	73	27	34	74	8	83
55	45	29	43	58	22	5	15
50	30	87	38	79	89	12	8
36	61	21	6	26	36	60	99
35	50	11	40	41	76	29	65
37	69	16	63	18	47	64	72
73	33	25	61	21	64	19	58
24	94	83	13	80	19	77	17
63	56	84	92	55	12	62	57
84	91	80	99	39	1	89	91
40	25	37	62	100	44	12	26
82	70	55	30	33	81	72	100
18	15	98	81	23	47	37	52
2	17	1	54	62	51	11	70
68	14	71	70	87	57	81	85
92	7	18	44	58	82	87	25
68	96	49	36	97	40	17	86
39	83	70	32	1	38	84	64
56	65	61	19	26	5	55	85
4	4	4	4	79	99	12	76
81	97	41	68	90	42	78	72
32	8	40	48	77	30	38	14
9	5	39	18	69	49	36	27
8	63	87	95	93	93	93	93
6	6	6	6	90	90	90	90
32	95	95	91	3	7	21	74
92	3	100	69	99	27	5	74
78	13	85	72	69	30	62	83
46	38	99	47	78	92	61	10
92	24	84	2	89	88	59	53
4	100	56	75	24	93	56	55
27	67	59	1	35	76	25	7
11	41	89	86	92	49	52	53
60	2	17	84	15	87	12	56
49	79	98	100	27	58	71	60
49	10	87	66	59	52	57	45
8	85	31	77	63	31	83	36
90	82	27	92	63	6	26	19
22	91	48	80	21	25	69	90
76	48	68	86	6	34	80	78
49	92	22	49	73	16	42	98
74	79	80	17	49	31	2	35
89	73	82	50	62	93	69	75
50	92	83	2	18	61	28	26
66	90	25	34	82	67	4	63
9	32	80	39	39	9	60	25
37	94	44	46	56	57	88	84
40	93	10	46	74	95	25	38
46	73	26	55	18	88	19	28
2	44	48	34	29	16	47	41
20	27	84	94	67	53	60	69
21	31	71	98	81	71	21	14
56	28	64	31	27	19	75	32
47	80	40	3	53	90	19	68
70	32	82	97	97	12	65	98
57	71	45	32	74	20	83	59
50	44	3	68	73	9	76	67
13	10	16	56	60	33	91	5
40	82	26	67	97	31	65	16
26	27	60	14	98	53	22	28
19	61	63	76	57	4	55	15
64	38	12	85	78	33	87	75
86	30	3	78	60	1	67	34
38	45	100	98	68	8	54	83
50	89	26	64	47	23	14	82
9	9	9	9	30	64	63	26
50	63	63	90	38	64	9	44
88	38	41	73	36	21	70	34
63	4	36	34	91	24	37	33
66	64	69	72	100	100	100	100
8	8	8	8	93	93	93	93
27	38	36	92	4	46	88	52
24	10	6	39	94	72	35	58
54	64	88	35	24	47	3	49
11	51	92	62	31	50	68	79
91	13	10	78	58	48	27	53
50	4	77	100	41	1	28	46
10	23	3	44	77	56	11	27
42	14	87	43	19	10	31	4
42	62	58	87	47	36	8	11
60	75	66	15	16	83	40	65
87	97	55	19	58	41	34	86
92	59	31	13	22	3	72	55
26	70	68	21	3	62	34	74
11	59	99	66	44	23	64	66
5	24	59	73	14	57	14	57
76	18	22	50	21	92	10	77
82	19	73	69	29	45	70	61
100	3	56	49	29	28	100	91
50	44	22	78	1	23	21	50
93	4	72	73	90	88	93	88
11	46	18	57	88	82	96	39
46	20	6	93	96	69	46	89
89	100	21	89	83	14	16	51
69	10	29	60	88	97	4	87
8	10	16	11	83	28	23	33
64	82	4	72	19	83	2	36
95	49	35	43	72	49	42	74
6	22	86	77	82	87	50	80
42	73	4	29	53	90	18	70
85	60	19	17	92	53	45	5
7	71	69	38	66	33	1	30
82	10	18	33	58	65	2	1
38	10	97	67	94	77	61	19
100	74	72	28	34	66	36	48
49	57	6	61	29	41	73	31
78	29	44	60	66	47	58	90
70	81	96	39	94	68	11	73
2	5	74	48	49	40	83	58
18	52	64	21	67	44	29	39
49	36	82	33	48	20	33	35
5	5	5	5	56	66	30	100
67	74	80	15	38	87	81	55
50	67	93	72	45	10	37	34
87	19	49	97	41	93	43	42
36	85	98	45	95	95	95	95
4	4	4	4	94	94	94	94
71	87	66	86	73	9	48	79
60	44	26	70	98	66	46	81
31	93	2	68	69	34	92	53
17	21	11	54	62	14	66	69
11	18	64	25	32	95	86	7
37	67	27	17	95	15	45	95
45	65	78	22	89	93	45	59
3	27	3	97	77	94	42	31
91	25	73	5	36	26	52	73
91	5	55	36	12	17	43	36
76	9	48	95	82	52	89	50
75	58	18	96	24	49	40	1
77	18	76	98	32	30	96	3
22	19	6	7	28	78	64	36
78	30	34	41	68	78	64	71
2	52	92	46	26	92	89	19
75	57	14	44	72	6	27	69
9	40	94	84	44	15	48	28
58	59	86	88	49	11	47	66
80	31	24	51	57	46	95	68
57	72	10	69	32	81	15	2
18	71	75	62	99	4	3	6
84	74	80	40	97	93	1	73
66	17	18	61	61	86	28	85
15	83	83	18	1	62	73	12
74	50	38	40	80	63	86	40
43	3	4	10	49	32	57	45
87	96	63	69	7	20	19	35
98	20	18	73	45	46	32	4
57	16	23	84	55	1	45	3
93	36	17	48	72	11	84	37
60	78	77	1	40	19	51	52
16	10	88	77	11	60	59	82
23	45	10	28	42	34	46	80
63	8	52	56	78	94	98	53
89	58	97	47	20	50	87	65
68	77	30	39	69	43	90	35
61	27	23	45	58	17	69	82
38	1	73	85	12	32	79	28
79	15	79	82	38	77	42	48
9	9	9	9	48	90	15	74
3	48	30	4	85	37	63	30
31	1	61	27	39	84	27	25
6	81	87	75	98	27	42	13
40	47	97	50	93	93	93	93
1	1	1	1	95	95	95	95
73	44	6	98	19	63	99	71
44	28	96	10	85	91	52	55
38	31	92	92	1	71	90	20
46	35	41	2	11	97	97	21
6	82	94	66	10	22	8	54
69	59	49	60	75	74	23	8
90	41	89	47	55	12	7	61
86	29	35	9	71	92	95	16
38	21	70	64	74	54	9	85
45	55	28	93	35	76	98	30
4	28	32	39	96	81	63	13
89	85	31	99	9	58	13	2
96	40	11	14	78	42	43	11
57	61	36	22	70	55	35	18
37	18	84	2	84	3	31	16
77	94	85	85	4	95	10	17
97	30	69	27	49	59	4	84
56	21	85	23	97	99	64	81
59	83	49	63	91	56	88	2
84	3	13	94	43	56	53	81
24	28	96	44	73	76	64	21
15	33	53	49	42	81	67	99
50	65	35	20	75	2	94	59
69	1	62	34	17	35	31	45
3	95	48	26	82	33	7	55
100	84	94	71	87	39	16	23
94	35	19	100	76	63	88	59
62	17	20	57	90	60	16	87
50	55	75	11	40	84	6	91
32	36	57	21	51	40	97	73
60	9	41	60	5	92	68	63
5	57	40	12	67	43	9	87
89	72	55	45	9	48	45	10
36	49	89	2	34	48	19	1
27	12	43	70	14	30	31	12
4	16	86	75	95	55	22	62
96	94	45	14	42	100	88	83
43	88	66	6	79	45	30	46
70	59	79	27	26	49	49	1
14	91	78	68	1	36	60	40
1	1	1	1	30	95	4	99
59	88	27	56	98	17	43	23
74	81	62	31	43	19	83	55
34	22	27	53	2	40	91	54
61	48	34	80	100	100	100	100
6	6	6	6	95	95	95	95
99	24	28	73	24	21	87	15
22	67	60	97	20	71	7	87
38	8	87	62	22	86	56	73
34	38	12	94	99	52	26	19
9	20	45	2	62	97	55	6
46	83	92	63	16	18	47	31
17	78	63	44	56	37	22	83
26	26	96	19	43	52	24	46
39	19	31	98	83	26	56	86
77	12	10	11	91	2	34	5
37	97	13	91	16	23	34	83
41	62	97	3	81	29	13	88
20	20	21	73	97	61	37	36
89	1	81	7	11	8	59	87
68	19	42	88	23	41	51	70
2	47	67	79	98	83	77	91
87	83	96	65	87	24	66	83
38	51	4	39	67	69	10	29
57	67	42	35	41	74	4	53
53	39	69	100	79	24	10	14
6	13	64	6	91	3	48	34
86	3	90	14	51	52	5	75
90	20	16	53	47	25	60	36
38	16	4	13	54	89	47	83
91	79	8	52	84	53	2	31
96	59	26	25	4	99	75	32
64	27	91	53	20	2	40	31
86	15	7	19	38	35	46	69
83	3	84	87	71	19	27	41
71	4	93	40	97	91	51	73
60	99	91	60	76	12	94	1
1	95	79	39	85	99	99	97
82	48	26	29	31	91	14	67
97	15	31	71	34	74	85	22
6	49	59	34	74	42	36	14
45	36	69	57	46	67	29	63
48	42	68	82	88	99	24	6
73	54	62	98	39	51	99	12
97	59	60	92	78	66	12	79
1	36	67	23	7	43	15	48
3	3	3	3	24	5	72	47
15	47	79	22	43	89	5	97
87	43	83	74	64	85	84	6
94	86	35	56	12	15	29	3
96	79	63	26	90	90	90	90
5	5	5	5	94	94	94	94
54	92	56	85	1	17	71	3
52	90	16	73	44	98	27	10
96	76	16	95	3	99	17	100
48	91	42	27	52	10	27	4
30	82	56	88	66	5	60	40
14	79	88	98	5	34	46	50
1	94	21	12	100	33	71	5
70	4	43	86	54	20	88	13
88	90	93	36	30	47	85	36
90	16	13	63	55	85	1	44
53	7	80	5	36	99	31	88
11	58	87	26	73	31	9	27
48	17	37	62	41	85	15	69
89	46	36	75	31	55	97	54
56	61	56	93	32	11	19	96
78	41	48	57	22	62	61	86
64	3	61	18	82	16	5	50
58	80	43	5	53	35	37	3
72	14	87	95	13	94	64	71
68	55	71	51	61	17	38	46
67	90	28	34	65	49	85	73
59	34	4	30	95	41	79	14
7	84	47	59	38	80	43	78
84	19	23	17	4	96	67	37
33	52	75	39	56	87	93	59
53	35	31	49	9	19	18	3
3	94	14	63	50	31	84	84
20	85	80	89	20	13	29	24
23	71	94	26	80	42	92	30
81	23	33	81	12	33	43	73
37	90	37	58	48	31	3	35
10	69	62	92	54	22	69	59
66	30	22	4	36	13	7	88
3	24	57	48	9	97	50	47
16	87	81	20	97	25	56	5
97	3	37	96	4	73	36	5
86	76	21	39	63	47	87	9
89	6	37	5	64	69	54	84
48	74	8	60	11	32	75	99
5	35	74	78	64	7	62	55
4	4	4	4	44	73	36	18
39	50	63	75	18	39	77	63
1	72	45	97	48	5	64	99
74	92	38	54	24	48	65	94
90	55	48	47	97	97	97	97
8	8	8	8	98	98	98	98
16	33	37	24	25	61	29	34
27	50	51	42	17	91	69	13
84	76	32	83	35	69	43	88
86	89	80	70	83	20	51	82
83	50	70	94	100	18	93	37
39	66	66	70	60	79	67	79
67	47	37	52	24	85	22	65
86	5	55	77	26	4	86	46
25	40	98	23	11	39	65	92
100	72	51	61	38	61	66	5
74	31	95	81	83	71	83	7
9	53	74	11	5	87	8	43
50	40	94	10	70	1	9	19
83	36	97	28	29	63	78	90
21	21	81	17	38	47	89	37
92	27	89	18	50	59	69	88
49	54	47	77	84	67	82	66
91	94	46	44	43	84	30	24
88	91	24	55	19	98	13	14
59	53	24	40	64	71	51	86
28	1	16	97	100	44	32	19
24	31	47	7	76	44	62	64
42	8	78	54	30	44	25	31
8	69	12	79	94	21	69	87
14	11	23	79	9	43	10	45
36	43	3	33	20	33	53	33
5	30	59	59	53	55	6	32
2	3	29	44	20	45	48	48
19	98	54	75	22	31	22	100
100	35	21	98	37	18	76	84
78	71	83	14	34	57	65	68
61	61	76	94	15	27	2	56
94	64	82	52	96	47	4	45
92	34	73	88	94	76	21	18
47	84	83	46	66	56	55	99
42	16	56	95	62	83	62	38
74	28	30	34	100	97	3	4
47	52	54	74	96	92	15	83
42	90	63	20	2	95	4	92
7	82	46	72	90	60	20	69
7	7	7	7	69	45	57	16
95	29	46	42	29	32	18	44
67	46	63	33	30	85	99	92
39	62	93	19	53	9	28	24
92	83	95	92	100	100	100	100
8	8	8	8	96	96	96	96
72	32	76	94	13	69	64	37
7	57	71	41	44	55	91	12
64	26	94	9	49	83	22	79
87	4	59	28	30	10	69	81
89	99	97	94	41	60	71	67
20	82	48	35	69	49	31	3
71	22	77	45	18	15	6	78
98	60	66	85	93	33	57	72
60	72	91	22	47	24	54	43
52	25	24	57	50	13	78	42
92	61	57	30	89	78	5	11
21	97	43	59	98	27	31	17
81	8	83	60	74	34	85	45
46	2	21	33	39	18	1	61
94	40	48	78	88	77	43	32
94	41	95	79	100	27	57	52
72	53	73	3	35	75	78	29
26	28	9	55	13	91	83	66
67	4	13	5	10	83	53	49
90	32	98	79	73	43	14	95
4	35	17	77	68	66	70	72
57	50	36	65	42	15	62	50
54	9	52	10	23	93	99	60
36	71	43	57	40	51	95	14
70	21	53	44	20	42	23	57
35	5	13	80	79	39	23	14
70	92	94	62	93	94	45	37
30	83	8	8	90	31	48	35
69	57	13	30	39	6	100	28
13	58	45	6	41	45	34	91
17	26	87	88	4	16	61	53
30	73	16	45	15	7	35	87
18	39	82	1	53	81	88	53
9	75	55	74	22	52	46	67
63	45	22	79	24	55	17	84
5	5	13	83	58	29	73	26
76	12	84	38	56	99	69	12
19	84	70	10	9	90	30	43
72	70	3	30	22	41	48	55
48	19	42	71	82	40	89	54
5	5	5	5	33	63	74	49
86	78	39	53	58	50	91	93
70	96	3	4	78	63	17	11
16	74	54	34	41	72	64	7
8	7	55	86	93	93	93	93
10	10	10	10	90	90	90	90
30	67	88	95	71	66	16	36
31	1	60	85	50	4	19	19
35	33	8	23	31	17	94	100
39	34	33	96	96	14	41	13
76	7	21	78	71	6	90	65
3	14	14	19	17	24	60	71
35	4	31	47	53	12	54	54
28	39	57	74	1	91	46	60
16	7	19	33	37	9	7	59
89	7	63	65	76	37	45	23
87	78	58	78	62	87	88	39
94	4	23	6	46	46	40	62
22	52	92	14	30	14	27	50
57	19	51	68	70	34	57	5
91	90	74	83	30	47	85	58
54	9	18	6	64	4	61	15
61	29	8	47	68	60	97	37
33	98	74	56	76	27	5	63
44	16	38	48	78	3	65	42
24	7	59	12	93	73	54	2
69	13	53	17	33	1	86	47
80	6	18	37	48	4	6	15
9	40	84	73	48	62	39	40
79	24	32	45	46	67	15	44
20	35	41	68	87	51	4	10
31	54	84	50	18	83	34	35
73	67	86	42	90	38	27	71
42	44	57	95	70	18	22	26
5	66	60	59	88	70	67	37
27	18	84	41	98	19	47	36
92	5	93	20	74	5	86	42
94	47	79	78	95	95	8	26
40	72	54	98	79	60	46	33
27	68	27	21	92	74	25	84
49	78	32	52	56	52	42	65
98	58	78	10	24	13	5	35
72	41	28	64	8	29	68	66
87	89	83	9	46	12	13	72
2	67	89	10	77	66	18	38
17	67	58	46	52	23	1	69
10	10	10	10	16	71	74	25
25	50	93	73	69	75	12	32
18	21	96	1	56	100	35	10
13	43	21	77	4	22	85	6
61	96	11	43	97	97	97	97
9	9	9	9	95	95	95	95
4	63	79	46	55	69	1	77
47	82	87	34	78	89	7	52
45	35	64	74	60	43	38	23
75	97	77	54	11	36	60	72
64	90	53	6	87	44	38	73
16	7	76	96	60	67	5	9
86	95	61	95	70	15	97	96
30	92	72	82	10	79	14	15
1	2	33	97	3	8	73	6
94	56	59	98	47	37	4	35
57	44	27	28	23	9	86	100
13	34	30	96	14	97	12	39
36	20	15	97	96	8	44	93
4	7	35	62	44	36	54	57
66	41	3	45	62	51	6	80
18	16	80	24	51	84	12	80
23	76	73	4	74	90	10	62
80	24	70	80	31	93	67	51
57	19	38	27	22	43	16	75
92	90	4	44	99	79	41	36
99	54	68	40	35	35	61	30
67	38	43	26	52	23	6	48
64	14	89	83	47	46	35	77
25	41	31	24	7	18	46	67
43	62	80	46	1	38	94	15
20	52	38	37	57	92	1	61
32	53	77	99	39	30	61	6
43	38	85	2	98	86	41	44
94	64	80	71	2	39	63	71
25	35	91	27	10	1	12	85
93	18	17	71	21	81	33	76
12	27	81	43	51	65	1	26
79	33	84	93	96	22	15	90
13	99	40	33	68	13	22	100
98	91	43	80	35	38	55	13
7	64	34	62	53	64	87	100
35	85	44	81	43	2	65	96
13	73	66	25	56	81	11	38
28	17	85	36	37	75	14	56
11	70	89	47	9	22	34	25
1	1	1	1	19	82	41	85
91	25	17	47	24	10	48	25
83	23	55	27	31	15	83	10
93	3	49	60	69	21	24	77
46	83	2	88	93	93	93	93
2	2	2	2	94	94	94	94
35	83	16	71	43	95	98	90
87	22	36	9	41	27	11	18
32	6	48	69	21	80	3	75
2	21	35	98	90	55	17	51
8	60	26	15	80	18	68	45
51	38	26	55	43	28	98	3
7	96	16	80	1	95	8	61
18	99	93	10	43	11	16	87
69	71	5	2	28	87	41	45
72	31	100	14	78	20	54	55
9	61	74	26	77	35	69	35
64	72	72	47	15	74	57	95
30	36	1	93	6	18	38	39
83	31	31	4	73	71	5	86
31	73	36	49	63	42	52	27
30	31	40	48	32	13	13	75
79	98	22	25	39	53	1	93
37	27	79	94	97	32	90	29
89	17	84	31	87	26	92	99
95	98	72	98	45	98	3	95
58	38	54	74	69	2	74	4
7	16	30	2	8	83	77	1
34	88	61	55	64	51	81	83
7	71	15	92	4	78	7	10
15	20	68	39	73	63	84	59
73	56	61	40	73	40	82	5
88	25	48	66	65	95	28	80
76	17	98	47	72	84	28	24
44	9	18	64	3	25	44	51
60	30	42	77	86	84	94	71
80	55	77	96	58	4	52	14
92	16	26	44	20	1	76	70
68	44	89	40	26	13	38	31
72	31	44	53	21	48	92	85
1	12	12	83	99	62	43	60
89	62	71	83	81	34	10	57
95	42	33	46	61	79	98	52
46	27	97	13	24	25	62	34
70	71	90	35	4	74	78	56
80	51	47	40	29	84	24	37
3	3	3	3	100	84	46	10
44	55	23	67	93	73	13	1
46	21	89	42	19	76	44	90
84	19	57	86	44	65	31	86
88	78	56	64	90	90	90	90
6	6	6	6	92	92	92	92
34	88	86	8	64	41	98	21
65	75	59	33	73	59	36	86
86	79	27	25	74	94	70	68
94	15	92	67	89	40	79	23
70	98	20	67	62	30	64	41
43	10	88	81	47	22	50	66
59	61	80	38	19	15	77	40
43	100	46	34	82	1	58	25
72	9	82	10	68	84	15	53
50	29	79	3	90	86	80	17
15	78	59	43	32	50	74	60
39	98	11	52	46	17	27	51
50	15	3	24	27	62	59	69
72	95	57	52	81	98	64	82
16	47	14	81	11	64	70	54
69	51	41	40	38	33	23	85
57	18	28	32	3	48	74	54
19	54	39	53	26	76	9	97
98	36	13	87	83	19	28	71
94	94	16	48	35	25	76	70
79	19	2	53	9	90	51	82
50	64	33	28	7	37	74	40
96	72	70	85	11	27	68	45
57	58	66	45	96	48	9	75
85	95	67	70	8	11	43	20
48	82	58	62	89	89	86	11
11	97	48	100	30	37	56	3
63	47	31	70	36	10	14	91
95	99	95	92	92	63	78	93
77	90	77	14	70	59	33	90
43	18	12	11	84	12	13	11
74	62	14	70	97	99	63	23
80	97	42	54	61	15	63	2
71	75	71	1	68	40	84	74
76	37	26	12	94	21	63	94
47	51	4	24	96	1	10	82
65	75	76	53	11	33	21	18
63	17	6	40	75	5	50	50
68	57	40	42	19	94	67	31
47	47	70	47	87	22	59	92
6	6	6	6	99	46	80	22
74	83	61	62	28	31	18	4
8	71	68	99	48	19	6	3
70	78	57	52	4	66	38	24
62	90	76	44	92	92	92	92
10	10	10	10	99	99	99	99
51	67	54	51	57	12	33	18
73	46	50	31	14	67	15	10
40	87	3	100	73	14	82	3
40	65	90	83	27	41	10	99
85	74	91	64	89	75	80	80
7	16	2	33	60	48	15	75
100	91	81	9	90	16	98	23
34	35	3	67	17	26	8	11
73	58	69	10	28	21	85	44
21	77	94	71	64	72	8	74
87	49	88	46	24	88	58	94
43	57	66	66	77	68	37	93
61	34	87	9	18	3	75	46
26	21	91	12	56	41	74	4
38	30	33	93	64	41	7	92
47	5	68	2	59	52	58	91
78	31	21	64	31	39	44	11
72	70	72	77	39	94	43	13
53	23	64	46	35	52	63	39
45	83	16	59	26	44	76	28
47	25	84	57	2	2	35	64
50	42	40	48	68	49	34	82
37	62	5	87	11	22	57	6
63	2	17	65	83	59	87	61
74	42	20	67	37	81	84	96
36	25	24	61	56	25	36	11
90	8	97	50	74	41	31	87
21	14	31	80	52	4	33	57
70	94	30	9	9	72	36	65
68	16	83	28	56	25	74	87
83	7	86	82	40	11	51	59
9	36	80	19	72	29	12	4
48	68	55	8	57	33	69	7
3	87	6	46	94	55	76	25
59	27	51	65	33	13	68	100
7	83	65	79	16	91	83	21
1	32	70	29	5	13	87	1
70	54	57	11	87	71	12	78
70	93	90	41	14	7	95	8
19	80	23	43	35	82	55	35
5	5	5	5	43	58	15	71
68	37	15	68	52	85	97	84
34	75	37	88	81	20	100	34
74	1	81	65	97	71	19	84
49	95	45	46	99	99	99	99
9	9	9	9	91	91	91	91
1	28	98	69	98	99	32	95
64	78	17	59	39	76	65	85
94	81	82	7	41	48	48	46
11	24	4	14	92	88	36	61
28	15	52	37	82	29	84	30
53	27	46	56	7	91	4	35
93	26	54	87	86	100	40	24
24	38	13	86	99	78	15	11
56	43	59	45	45	69	4	28
65	99	42	2	75	65	60	47
1	4	21	87	100	23	53	5
14	2	89	50	96	85	22	85
53	43	96	50	39	56	81	9
88	19	82	97	95	64	90	87
84	80	97	78	20	98	56	5
64	15	68	35	33	70	48	40
54	48	62	77	94	56	47	70
55	100	19	49	57	94	11	82
41	60	68	84	44	24	23	17
16	56	85	14	31	10	5	38
29	51	14	66	72	60	39	19
80	18	72	98	54	95	72	15
24	37	91	34	25	27	22	87
23	74	48	6	91	27	58	50
73	85	75	9	97	15	38	1
63	87	12	34	68	30	19	29
85	18	48	99	63	76	61	2
90	9	90	63	89	89	85	65
59	65	13	9	55	20	60	36
88	65	30	43	100	5	7	11
3	78	79	11	19	8	57	14
12	85	43	12	37	74	43	1
68	19	86	93	9	89	83	44
28	54	55	80	73	64	39	86
2	41	27	39	56	78	17	88
77	25	50	60	72	90	11	2
74	67	99	96	59	47	50	80
18	98	4	26	37	40	43	68
74	36	23	85	13	54	57	56
69	25	63	6	68	95	37	78
1	1	1	1	24	12	79	76
27	5	87	50	5	19	4	69
62	99	55	97	15	2	5	62
68	21	86	42	55	74	89	41
12	62	8	47	94	94	94	94
1	1	1	1	92	92	92	92
25	94	21	62	60	42	69	52
27	33	39	25	49	37	71	70
22	51	37	62	44	6	57	72
89	23	9	79	51	57	55	88
13	78	8	24	38	86	91	76
19	74	92	81	66	60	7	33
35	100	35	93	53	84	4	97
65	14	76	11	39	43	74	79
36	23	9	84	90	7	100	76
49	73	32	41	32	21	89	37
100	54	41	5	15	27	57	29
30	79	49	90	44	85	49	79
100	36	56	22	89	52	91	2
98	2	85	53	78	32	78	19
55	91	31	39	67	4	13	46
66	16	79	22	28	36	58	98
42	48	5	80	31	41	97	42
11	76	53	28	92	62	88	71
52	77	84	47	76	96	17	98
52	15	52	2	99	80	100	64
36	95	24	67	36	33	71	49
10	16	26	27	86	55	77	67
39	3	96	65	9	54	63	49
69	30	61	95	47	41	77	32
49	17	55	69	79	45	94	71
23	58	61	61	33	25	23	81
79	99	93	89	68	33	91	6
62	76	39	19	7	13	12	95
5	22	79	1	14	36	81	8
44	15	14	80	67	2	42	57
88	7	3	84	11	97	99	31
58	53	7	28	72	77	41	36
30	83	79	98	31	100	4	15
4	89	1	62	12	95	15	20
33	63	89	5	31	74	12	42
40	49	13	92	73	10	100	29
93	83	24	12	80	35	59	88
2	91	89	1	22	43	96	87
48	98	72	47	36	75	49	73
94	3	12	88	98	94	58	73
5	5	5	5	73	46	76	4
74	44	21	63	100	58	9	3
62	26	94	96	100	45	2	66
92	48	13	31	67	76	26	7
46	17	7	3	97	97	97	97
3	3	3	3	96	96	96	96
45	81	90	50	57	8	17	86
45	43	93	22	88	19	61	38
79	89	21	55	90	79	1	98
94	50	37	14	50	38	60	41
55	27	57	84	59	8	8	69
7	17	33	61	53	44	11	82
7	44	26	52	2	100	63	73
10	100	36	33	73	91	79	62
46	52	1	86	63	51	85	18
100	18	36	53	7	31	17	63
78	3	94	84	39	61	94	33
32	63	87	88	82	95	9	30
56	23	11	87	69	7	4	38
29	7	21	97	45	30	58	59
3	94	63	2	74	86	55	23
60	48	56	63	77	74	26	18
6	33	9	5	40	26	1	31
7	50	90	85	78	1	29	79
54	12	36	82	42	50	65	44
5	39	1	92	32	92	75	54
40	95	25	48	86	18	60	25
94	16	85	81	85	8	1	87
80	3	44	80	32	83	55	16
26	38	30	42	72	49	6	39
94	84	99	42	66	47	83	94
83	89	54	1	96	17	94	54
73	32	35	77	57	32	14	72
61	98	97	70	55	90	83	17
58	31	84	21	11	98	32	57
1	65	66	66	98	4	60	36
58	41	43	78	32	24	1	44
12	30	33	12	93	15	56	27
12	96	49	2	60	7	95	14
50	3	65	79	31	44	38	27
70	55	94	55	86	72	24	76
50	15	93	71	35	83	28	52
69	84	64	49	23	20	47	50
90	40	33	37	26	64	62	70
60	44	71	86	70	52	1	82
75	20	22	39	19	35	68	12
4	4	4	4	49	44	59	68
77	14	72	87	20	38	24	32
36	93	84	90	73	31	92	66
60	49	98	48	76	27	88	1
51	59	62	73	93	93	93	93
7	7	7	7	99	99	99	99
21	65	10	57	69	77	75	70
79	31	87	2	66	65	81	84
65	7	78	27	78	43	56	62
90	15	4	23	84	53	56	13
46	94	77	19	88	13	96	93
31	37	42	71	54	40	19	18
100	35	63	5	75	78	5	61
28	64	50	31	99	6	77	84